name,enhance_lvl,appraisal,min_price,realm,date
1段階10番培養細胞箱(10個),0,なし,36.11,NEW_REALM,2026-08-10
1段階11番培養細胞箱(10個),0,なし,136.59,NEW_REALM,2026-08-10
1段階12番培養細胞箱(10個),0,なし,177.41,NEW_REALM,2026-08-10
1段階13番培養細胞箱(10個),0,なし,375.23,NEW_REALM,2026-08-10
1段階14番培養細胞箱(10個),0,なし,1570.0,NEW_REALM,2026-08-10
1段階15番培養細胞箱(10個),0,なし,15555.56,NEW_REALM,2026-08-10
1段階16番培養細胞箱(5個),0,なし,29539.55,NEW_REALM,2026-08-10
1段階1番培養細胞箱(10個),0,なし,15.7,NEW_REALM,2026-08-10
1段階2番培養細胞箱(10個),0,なし,15.7,NEW_REALM,2026-08-10
1段階3番培養細胞箱(10個),0,なし,15.7,NEW_REALM,2026-08-10
1段階4番培養細胞箱(10個),0,なし,15.7,NEW_REALM,2026-08-10
1段階5番培養細胞箱(10個),0,なし,15.7,NEW_REALM,2026-08-10
1段階6番培養細胞箱(10個),0,なし,15.7,NEW_REALM,2026-08-10
1段階7番培養細胞箱(10個),0,なし,15.7,NEW_REALM,2026-08-10
1段階8番培養細胞箱(10個),0,なし,15.7,NEW_REALM,2026-08-10
1段階9番培養細胞箱(10個),0,なし,15.7,NEW_REALM,2026-08-10
1段階エピック装飾品強化箱(10個),0,なし,103.62,NEW_REALM,2026-08-10
1段階レジェンド装飾品強化箱(10個),0,なし,348.54,NEW_REALM,2026-08-10
"1段階時の欠片箱(1,000個)",0,なし,28.26,NEW_REALM,2026-08-10
"1段階没落の残滓(100,000個)",0,なし,69.08,NEW_REALM,2026-08-10
1段階錬金術触媒箱(100個),0,なし,21.98,NEW_REALM,2026-08-10
1段階黒オール箱(100個),0,なし,15.7,NEW_REALM,2026-08-10
2段階10番培養細胞箱(50個),0,なし,127.17,NEW_REALM,2026-08-10
2段階1番培養細胞箱(50個),0,なし,15.7,NEW_REALM,2026-08-10
2段階2番培養細胞箱(50個),0,なし,15.7,NEW_REALM,2026-08-10
2段階3番培養細胞箱(50個),0,なし,15.7,NEW_REALM,2026-08-10
2段階4番培養細胞箱(50個),0,なし,15.7,NEW_REALM,2026-08-10
2段階5番培養細胞箱(50個),0,なし,15.7,NEW_REALM,2026-08-10
2段階6番培養細胞箱(50個),0,なし,15.7,NEW_REALM,2026-08-10
2段階7番培養細胞箱(50個),0,なし,15.7,NEW_REALM,2026-08-10
2段階8番培養細胞箱(50個),0,なし,15.7,NEW_REALM,2026-08-10
2段階9番培養細胞箱(50個),0,なし,15.7,NEW_REALM,2026-08-10
2段階エピック装飾品強化箱(100個),0,なし,1147.6699999999998,NEW_REALM,2026-08-10
2段階レジェンド装飾品強化箱(100個),0,なし,5416.5,NEW_REALM,2026-08-10
"2段階時の欠片箱(5,000個)",0,なし,160.14,NEW_REALM,2026-08-10
"2段階没落の残滓(500,000個)",0,なし,211.95,NEW_REALM,2026-08-10
2段階錬金術触媒箱(500個),0,なし,133.45,NEW_REALM,2026-08-10
2段階黒オール箱(500個),0,なし,124.03,NEW_REALM,2026-08-10
3段階10番培養細胞箱(100個),0,なし,420.7600000000001,NEW_REALM,2026-08-10
3段階1番培養細胞箱(100個),0,なし,15.7,NEW_REALM,2026-08-10
3段階2番培養細胞箱(100個),0,なし,15.7,NEW_REALM,2026-08-10
3段階3番培養細胞箱(100個),0,なし,15.7,NEW_REALM,2026-08-10
3段階4番培養細胞箱(100個),0,なし,15.7,NEW_REALM,2026-08-10
3段階5番培養細胞箱(100個),0,なし,15.7,NEW_REALM,2026-08-10
3段階6番培養細胞箱(100個),0,なし,15.7,NEW_REALM,2026-08-10
3段階7番培養細胞箱(100個),0,なし,15.7,NEW_REALM,2026-08-10
3段階8番培養細胞箱(100個),0,なし,15.7,NEW_REALM,2026-08-10
3段階9番培養細胞箱(100個),0,なし,34.54,NEW_REALM,2026-08-10
"3段階時の欠片箱(10,000個)",0,なし,329.7,NEW_REALM,2026-08-10
"3段階没落の残滓(1,000,000個)",0,なし,379.94,NEW_REALM,2026-08-10
"3段階錬金術触媒箱(1,000個)",0,なし,211.95,NEW_REALM,2026-08-10
"3段階黒オール箱(1,000個)",0,なし,111.47,NEW_REALM,2026-08-10
"4段階時の欠片箱(50,000個)",0,なし,2165.03,NEW_REALM,2026-08-10
"5段階時の欠片箱(100,000個)",0,なし,5181.0,NEW_REALM,2026-08-10
アイサの勇猛マント (未鑑定),0,未鑑定,455.3,NEW_REALM,2026-08-10
アイサの戦闘マント (鑑定),0,鑑定,706.5,NEW_REALM,2026-08-10
アイサの破壊マント (未鑑定),0,未鑑定,690.8000000000001,NEW_REALM,2026-08-10
アイサの破壊マント (鑑定),1,鑑定,628.0,NEW_REALM,2026-08-10
アイサの籠手 (鑑定),7,鑑定,1544.88,NEW_REALM,2026-08-10
アイサの精霊マント (未鑑定),0,未鑑定,2355.0,NEW_REALM,2026-08-10
アイサグローブ (鑑定),0,鑑定,514.9599999999999,NEW_REALM,2026-08-10
アイサグローブ (鑑定),6,鑑定,514.9599999999999,NEW_REALM,2026-08-10
アイササイド (鑑定),10,鑑定,22108.74,NEW_REALM,2026-08-10
アイサヘルム (未鑑定),0,未鑑定,596.6,NEW_REALM,2026-08-10
アイサヘルム (鑑定),0,鑑定,314.0,NEW_REALM,2026-08-10
アイサヘルム (鑑定),5,鑑定,314.0,NEW_REALM,2026-08-10
アイサレガース (未鑑定),0,未鑑定,314.0,NEW_REALM,2026-08-10
アイサローブ (鑑定),0,鑑定,361.1,NEW_REALM,2026-08-10
アイサ剣/盾 (未鑑定),0,未鑑定,6123.0,NEW_REALM,2026-08-10
アイサ大剣 (未鑑定),0,未鑑定,2198.0,NEW_REALM,2026-08-10
アイサ布ズボン (未鑑定),0,未鑑定,235.5,NEW_REALM,2026-08-10
アイサ帽子 (未鑑定),0,未鑑定,392.5,NEW_REALM,2026-08-10
アイサ手甲 (未鑑定),0,未鑑定,312.43,NEW_REALM,2026-08-10
アイサ杖 (未鑑定),0,未鑑定,7699.28,NEW_REALM,2026-08-10
アイサ短剣 (未鑑定),0,未鑑定,5050.6900000000005,NEW_REALM,2026-08-10
アイサ短靴 (未鑑定),0,未鑑定,392.5,NEW_REALM,2026-08-10
アイサ短靴 (鑑定),5,鑑定,348.54,NEW_REALM,2026-08-10
アイサ長靴 (鑑定),6,鑑定,1570.0,NEW_REALM,2026-08-10
アイサ革ズボン (未鑑定),0,未鑑定,314.0,NEW_REALM,2026-08-10
アイサ革ズボン (鑑定),4,鑑定,1570.0,NEW_REALM,2026-08-10
アザム・ヒサンのイヤリング,0,なし,392.5,NEW_REALM,2026-08-10
アザム・ヒサンのイヤリング,8,なし,337.55,NEW_REALM,2026-08-10
アザム・ヒサンのガントレット (鑑定),0,鑑定,17.27,NEW_REALM,2026-08-10
アザム・ヒサンのガントレット (鑑定),4,鑑定,39.25,NEW_REALM,2026-08-10
アザム・ヒサンのガントレット (鑑定),6,鑑定,157.0,NEW_REALM,2026-08-10
アザム・ヒサンのガントレット (鑑定),7,鑑定,628.0,NEW_REALM,2026-08-10
アザム・ヒサンのガントレット (鑑定),9,鑑定,1884.0,NEW_REALM,2026-08-10
アザム・ヒサンのクロスボウ (未鑑定),0,未鑑定,450.59,NEW_REALM,2026-08-10
アザム・ヒサンのクロスボウ (鑑定),0,鑑定,368.95,NEW_REALM,2026-08-10
アザム・ヒサンのクロスボウ (鑑定),10,鑑定,3813.53,NEW_REALM,2026-08-10
アザム・ヒサンのクロスボウ (鑑定),11,鑑定,6977.08,NEW_REALM,2026-08-10
アザム・ヒサンのクロスボウ (鑑定),7,鑑定,595.03,NEW_REALM,2026-08-10
アザム・ヒサンのクロスボウ (鑑定),8,鑑定,609.16,NEW_REALM,2026-08-10
アザム・ヒサンのクロスボウ (鑑定),9,鑑定,3833.94,NEW_REALM,2026-08-10
アザム・ヒサンのグリーヴ (未鑑定),0,未鑑定,18.84,NEW_REALM,2026-08-10
アザム・ヒサンのグリーヴ (鑑定),0,鑑定,15.7,NEW_REALM,2026-08-10
アザム・ヒサンのグリーヴ (鑑定),5,鑑定,18.84,NEW_REALM,2026-08-10
アザム・ヒサンのグリーヴ (鑑定),6,鑑定,78.5,NEW_REALM,2026-08-10
アザム・ヒサンのグリーヴ (鑑定),7,鑑定,97.34,NEW_REALM,2026-08-10
アザム・ヒサンのグリーヴ (鑑定),8,鑑定,157.0,NEW_REALM,2026-08-10
アザム・ヒサンのグリーヴ (鑑定),9,鑑定,235.5,NEW_REALM,2026-08-10
アザム・ヒサンのグローブ (未鑑定),0,未鑑定,15.7,NEW_REALM,2026-08-10
アザム・ヒサンのグローブ (鑑定),0,鑑定,15.7,NEW_REALM,2026-08-10
アザム・ヒサンのグローブ (鑑定),10,鑑定,1256.0,NEW_REALM,2026-08-10
アザム・ヒサンのグローブ (鑑定),5,鑑定,23.55,NEW_REALM,2026-08-10
アザム・ヒサンのグローブ (鑑定),6,鑑定,219.8,NEW_REALM,2026-08-10
アザム・ヒサンのグローブ (鑑定),7,鑑定,471.0,NEW_REALM,2026-08-10
アザム・ヒサンのグローブ (鑑定),8,鑑定,471.0,NEW_REALM,2026-08-10
アザム・ヒサンのサイド (未鑑定),0,未鑑定,828.96,NEW_REALM,2026-08-10
アザム・ヒサンのサイド (鑑定),0,鑑定,785.0,NEW_REALM,2026-08-10
アザム・ヒサンのサイド (鑑定),10,鑑定,6969.2300000000005,NEW_REALM,2026-08-10
アザム・ヒサンのサイド (鑑定),7,鑑定,3297.0,NEW_REALM,2026-08-10
アザム・ヒサンのサイド (鑑定),8,鑑定,1570.0,NEW_REALM,2026-08-10
アザム・ヒサンのネックレス,0,なし,1475.8,NEW_REALM,2026-08-10
アザム・ヒサンのネックレス,15,なし,4986.320000000001,NEW_REALM,2026-08-10
アザム・ヒサンのフード (未鑑定),0,未鑑定,15.7,NEW_REALM,2026-08-10
アザム・ヒサンのフード (鑑定),0,鑑定,18.84,NEW_REALM,2026-08-10
アザム・ヒサンのフード (鑑定),10,鑑定,593.4599999999999,NEW_REALM,2026-08-10
アザム・ヒサンのフード (鑑定),5,鑑定,17.27,NEW_REALM,2026-08-10
アザム・ヒサンのフード (鑑定),6,鑑定,31.4,NEW_REALM,2026-08-10
アザム・ヒサンのフード (鑑定),7,鑑定,157.0,NEW_REALM,2026-08-10
アザム・ヒサンのフード (鑑定),8,鑑定,141.3,NEW_REALM,2026-08-10
アザム・ヒサンのフード (鑑定),9,鑑定,314.0,NEW_REALM,2026-08-10
アザム・ヒサンのブレスレット,1,なし,549.5,NEW_REALM,2026-08-10
アザム・ヒサンのヘルム (未鑑定),0,未鑑定,15.7,NEW_REALM,2026-08-10
アザム・ヒサンのヘルム (鑑定),0,鑑定,18.84,NEW_REALM,2026-08-10
アザム・ヒサンのヘルム (鑑定),5,鑑定,39.25,NEW_REALM,2026-08-10
アザム・ヒサンのヘルム (鑑定),6,鑑定,25.12,NEW_REALM,2026-08-10
アザム・ヒサンのヘルム (鑑定),8,鑑定,180.55,NEW_REALM,2026-08-10
アザム・ヒサンのヘルム (鑑定),9,鑑定,753.6,NEW_REALM,2026-08-10
アザム・ヒサンのベスト (未鑑定),0,未鑑定,15.7,NEW_REALM,2026-08-10
アザム・ヒサンのベスト (鑑定),0,鑑定,15.7,NEW_REALM,2026-08-10
アザム・ヒサンのベスト (鑑定),10,鑑定,1099.0,NEW_REALM,2026-08-10
アザム・ヒサンのベスト (鑑定),5,鑑定,15.7,NEW_REALM,2026-08-10
アザム・ヒサンのベスト (鑑定),6,鑑定,157.0,NEW_REALM,2026-08-10
アザム・ヒサンのベスト (鑑定),7,鑑定,97.34,NEW_REALM,2026-08-10
アザム・ヒサンのベスト (鑑定),8,鑑定,243.35,NEW_REALM,2026-08-10
アザム・ヒサンのベスト (鑑定),9,鑑定,722.1999999999999,NEW_REALM,2026-08-10
アザム・ヒサンのベルト,0,なし,296.73,NEW_REALM,2026-08-10
アザム・ヒサンのレガース (未鑑定),0,未鑑定,61.23,NEW_REALM,2026-08-10
アザム・ヒサンのレガース (鑑定),0,鑑定,26.69,NEW_REALM,2026-08-10
アザム・ヒサンのレガース (鑑定),5,鑑定,138.16,NEW_REALM,2026-08-10
アザム・ヒサンのレガース (鑑定),8,鑑定,753.6,NEW_REALM,2026-08-10
アザム・ヒサンのローブ (未鑑定),0,未鑑定,40.82,NEW_REALM,2026-08-10
アザム・ヒサンのローブ (鑑定),0,鑑定,17.27,NEW_REALM,2026-08-10
アザム・ヒサンのローブ (鑑定),5,鑑定,23.55,NEW_REALM,2026-08-10
アザム・ヒサンのローブ (鑑定),6,鑑定,47.1,NEW_REALM,2026-08-10
アザム・ヒサンのローブ (鑑定),7,鑑定,155.43,NEW_REALM,2026-08-10
アザム・ヒサンのローブ (鑑定),8,鑑定,314.0,NEW_REALM,2026-08-10
アザム・ヒサンの剣/盾 (未鑑定),0,未鑑定,750.46,NEW_REALM,2026-08-10
アザム・ヒサンの剣/盾 (鑑定),0,鑑定,467.86,NEW_REALM,2026-08-10
アザム・ヒサンの剣/盾 (鑑定),10,鑑定,2325.17,NEW_REALM,2026-08-10
アザム・ヒサンの剣/盾 (鑑定),7,鑑定,785.0,NEW_REALM,2026-08-10
アザム・ヒサンの剣/盾 (鑑定),8,鑑定,612.3,NEW_REALM,2026-08-10
アザム・ヒサンの剣/盾 (鑑定),9,鑑定,1420.85,NEW_REALM,2026-08-10
アザム・ヒサンの大剣 (未鑑定),0,未鑑定,301.44,NEW_REALM,2026-08-10
アザム・ヒサンの大剣 (鑑定),0,鑑定,423.9,NEW_REALM,2026-08-10
アザム・ヒサンの大剣 (鑑定),10,鑑定,5727.36,NEW_REALM,2026-08-10
アザム・ヒサンの大剣 (鑑定),7,鑑定,408.2,NEW_REALM,2026-08-10
アザム・ヒサンの大剣 (鑑定),8,鑑定,510.25,NEW_REALM,2026-08-10
アザム・ヒサンの布ズボン (未鑑定),0,未鑑定,15.7,NEW_REALM,2026-08-10
アザム・ヒサンの布ズボン (鑑定),0,鑑定,15.7,NEW_REALM,2026-08-10
アザム・ヒサンの布ズボン (鑑定),11,鑑定,2512.0,NEW_REALM,2026-08-10
アザム・ヒサンの布ズボン (鑑定),4,鑑定,47.1,NEW_REALM,2026-08-10
アザム・ヒサンの布ズボン (鑑定),5,鑑定,20.41,NEW_REALM,2026-08-10
アザム・ヒサンの布ズボン (鑑定),6,鑑定,109.9,NEW_REALM,2026-08-10
アザム・ヒサンの布ズボン (鑑定),7,鑑定,1570.0,NEW_REALM,2026-08-10
アザム・ヒサンの布ズボン (鑑定),8,鑑定,204.1,NEW_REALM,2026-08-10
アザム・ヒサンの帽子 (未鑑定),0,未鑑定,15.7,NEW_REALM,2026-08-10
アザム・ヒサンの帽子 (鑑定),0,鑑定,15.7,NEW_REALM,2026-08-10
アザム・ヒサンの帽子 (鑑定),10,鑑定,942.0,NEW_REALM,2026-08-10
アザム・ヒサンの帽子 (鑑定),5,鑑定,18.84,NEW_REALM,2026-08-10
アザム・ヒサンの帽子 (鑑定),6,鑑定,50.24,NEW_REALM,2026-08-10
アザム・ヒサンの帽子 (鑑定),8,鑑定,213.52,NEW_REALM,2026-08-10
アザム・ヒサンの帽子 (鑑定),9,鑑定,1256.0,NEW_REALM,2026-08-10
アザム・ヒサンの弓 (未鑑定),0,未鑑定,838.38,NEW_REALM,2026-08-10
アザム・ヒサンの弓 (鑑定),0,鑑定,667.25,NEW_REALM,2026-08-10
アザム・ヒサンの弓 (鑑定),10,鑑定,7065.0,NEW_REALM,2026-08-10
アザム・ヒサンの弓 (鑑定),7,鑑定,628.0,NEW_REALM,2026-08-10
アザム・ヒサンの弓 (鑑定),8,鑑定,942.0,NEW_REALM,2026-08-10
アザム・ヒサンの戦棒 (未鑑定),0,未鑑定,827.39,NEW_REALM,2026-08-10
アザム・ヒサンの戦棒 (鑑定),0,鑑定,471.0,NEW_REALM,2026-08-10
アザム・ヒサンの戦棒 (鑑定),10,鑑定,3611.0,NEW_REALM,2026-08-10
アザム・ヒサンの戦棒 (鑑定),7,鑑定,905.89,NEW_REALM,2026-08-10
アザム・ヒサンの戦棒 (鑑定),8,鑑定,1171.22,NEW_REALM,2026-08-10
アザム・ヒサンの戦闘盾 (未鑑定),0,未鑑定,226.08,NEW_REALM,2026-08-10
アザム・ヒサンの戦闘盾 (鑑定),0,鑑定,219.8,NEW_REALM,2026-08-10
アザム・ヒサンの戦闘盾 (鑑定),10,鑑定,1884.0,NEW_REALM,2026-08-10
アザム・ヒサンの戦闘盾 (鑑定),12,鑑定,5809.0,NEW_REALM,2026-08-10
アザム・ヒサンの戦闘盾 (鑑定),6,鑑定,1413.0,NEW_REALM,2026-08-10
アザム・ヒサンの戦闘盾 (鑑定),7,鑑定,274.75,NEW_REALM,2026-08-10
アザム・ヒサンの戦闘盾 (鑑定),8,鑑定,775.58,NEW_REALM,2026-08-10
アザム・ヒサンの戦闘盾 (鑑定),9,鑑定,628.0,NEW_REALM,2026-08-10
アザム・ヒサンの手甲 (未鑑定),0,未鑑定,15.7,NEW_REALM,2026-08-10
アザム・ヒサンの手甲 (鑑定),0,鑑定,15.7,NEW_REALM,2026-08-10
アザム・ヒサンの手甲 (鑑定),5,鑑定,18.84,NEW_REALM,2026-08-10
アザム・ヒサンの手甲 (鑑定),6,鑑定,102.05,NEW_REALM,2026-08-10
アザム・ヒサンの手甲 (鑑定),7,鑑定,157.0,NEW_REALM,2026-08-10
アザム・ヒサンの手甲 (鑑定),8,鑑定,235.5,NEW_REALM,2026-08-10
アザム・ヒサンの手甲 (鑑定),9,鑑定,471.0,NEW_REALM,2026-08-10
アザム・ヒサンの杖 (未鑑定),0,未鑑定,505.54,NEW_REALM,2026-08-10
アザム・ヒサンの杖 (鑑定),0,鑑定,643.6999999999999,NEW_REALM,2026-08-10
アザム・ヒサンの杖 (鑑定),10,鑑定,2986.14,NEW_REALM,2026-08-10
アザム・ヒサンの杖 (鑑定),6,鑑定,2512.0,NEW_REALM,2026-08-10
アザム・ヒサンの杖 (鑑定),7,鑑定,942.0,NEW_REALM,2026-08-10
アザム・ヒサンの杖 (鑑定),8,鑑定,1413.0,NEW_REALM,2026-08-10
アザム・ヒサンの短剣 (未鑑定),0,未鑑定,596.6,NEW_REALM,2026-08-10
アザム・ヒサンの短剣 (鑑定),0,鑑定,549.5,NEW_REALM,2026-08-10
アザム・ヒサンの短剣 (鑑定),10,鑑定,5174.72,NEW_REALM,2026-08-10
アザム・ヒサンの短剣 (鑑定),6,鑑定,982.82,NEW_REALM,2026-08-10
アザム・ヒサンの短剣 (鑑定),7,鑑定,1111.56,NEW_REALM,2026-08-10
アザム・ヒサンの短剣 (鑑定),8,鑑定,942.0,NEW_REALM,2026-08-10
アザム・ヒサンの短剣 (鑑定),9,鑑定,1727.0,NEW_REALM,2026-08-10
アザム・ヒサンの短靴 (未鑑定),0,未鑑定,25.12,NEW_REALM,2026-08-10
アザム・ヒサンの短靴 (鑑定),0,鑑定,20.41,NEW_REALM,2026-08-10
アザム・ヒサンの短靴 (鑑定),5,鑑定,18.84,NEW_REALM,2026-08-10
アザム・ヒサンの短靴 (鑑定),6,鑑定,149.15,NEW_REALM,2026-08-10
アザム・ヒサンの短靴 (鑑定),8,鑑定,314.0,NEW_REALM,2026-08-10
アザム・ヒサンの籠手 (未鑑定),0,未鑑定,193.11,NEW_REALM,2026-08-10
アザム・ヒサンの籠手 (鑑定),0,鑑定,241.78,NEW_REALM,2026-08-10
アザム・ヒサンの籠手 (鑑定),10,鑑定,2355.0,NEW_REALM,2026-08-10
アザム・ヒサンの籠手 (鑑定),7,鑑定,301.44,NEW_REALM,2026-08-10
アザム・ヒサンの籠手 (鑑定),8,鑑定,295.16,NEW_REALM,2026-08-10
アザム・ヒサンの鎧 (未鑑定),0,未鑑定,17.27,NEW_REALM,2026-08-10
アザム・ヒサンの鎧 (鑑定),0,鑑定,15.7,NEW_REALM,2026-08-10
アザム・ヒサンの鎧 (鑑定),5,鑑定,31.4,NEW_REALM,2026-08-10
アザム・ヒサンの鎧 (鑑定),6,鑑定,97.34,NEW_REALM,2026-08-10
アザム・ヒサンの鎧 (鑑定),7,鑑定,549.5,NEW_REALM,2026-08-10
アザム・ヒサンの鎧 (鑑定),8,鑑定,348.54,NEW_REALM,2026-08-10
アザム・ヒサンの鎧 (鑑定),9,鑑定,471.0,NEW_REALM,2026-08-10
アザム・ヒサンの長靴 (未鑑定),0,未鑑定,125.6,NEW_REALM,2026-08-10
アザム・ヒサンの長靴 (鑑定),0,鑑定,23.55,NEW_REALM,2026-08-10
アザム・ヒサンの長靴 (鑑定),10,鑑定,2042.57,NEW_REALM,2026-08-10
アザム・ヒサンの長靴 (鑑定),5,鑑定,28.26,NEW_REALM,2026-08-10
アザム・ヒサンの長靴 (鑑定),6,鑑定,78.5,NEW_REALM,2026-08-10
アザム・ヒサンの長靴 (鑑定),8,鑑定,157.0,NEW_REALM,2026-08-10
アザム・ヒサンの長靴 (鑑定),9,鑑定,775.58,NEW_REALM,2026-08-10
アザム・ヒサンの革ズボン (未鑑定),0,未鑑定,23.55,NEW_REALM,2026-08-10
アザム・ヒサンの革ズボン (鑑定),0,鑑定,15.7,NEW_REALM,2026-08-10
アザム・ヒサンの革ズボン (鑑定),10,鑑定,785.0,NEW_REALM,2026-08-10
アザム・ヒサンの革ズボン (鑑定),11,鑑定,2355.0,NEW_REALM,2026-08-10
アザム・ヒサンの革ズボン (鑑定),4,鑑定,309.29,NEW_REALM,2026-08-10
アザム・ヒサンの革ズボン (鑑定),5,鑑定,18.84,NEW_REALM,2026-08-10
アザム・ヒサンの革ズボン (鑑定),6,鑑定,109.9,NEW_REALM,2026-08-10
アザム・ヒサンの革ズボン (鑑定),8,鑑定,309.29,NEW_REALM,2026-08-10
アザム・ヒサンの革ズボン (鑑定),9,鑑定,785.0,NEW_REALM,2026-08-10
アビリティ:カリオンの洞察【呪文】,0,なし,125.6,NEW_REALM,2026-08-10
アビリティ:セクレタの才能【偵察】,0,なし,180.55,NEW_REALM,2026-08-10
アビリティ:テレノスの力【戦闘】,0,なし,53.38,NEW_REALM,2026-08-10
アビリティ:九死一生【技巧】,0,なし,4553.0,NEW_REALM,2026-08-10
アビリティ:克服【活力】,0,なし,10817.3,NEW_REALM,2026-08-10
アビリティ:必殺の一撃【強化】,0,なし,21980.0,NEW_REALM,2026-08-10
アビリティ:慎重な攻撃【補助】,0,なし,37.68,NEW_REALM,2026-08-10
アビリティ:戦場の叫び【活力】,0,なし,66882.0,NEW_REALM,2026-08-10
アビリティ:持続治癒【補助】,0,なし,4082.0,NEW_REALM,2026-08-10
アビリティ:業火の武器【強化】,0,なし,1714.44,NEW_REALM,2026-08-10
アビリティ:睡眠誘導【呪文】,0,なし,2587.36,NEW_REALM,2026-08-10
アビリティ:破壊の武器【技巧】,0,なし,670.39,NEW_REALM,2026-08-10
アビリティ:磁場生成【呪文】,0,なし,6986.5,NEW_REALM,2026-08-10
アビリティ:純粋なマナ回復薬【活力】,0,なし,15.7,NEW_REALM,2026-08-10
アビリティ:結界形成【防御】,0,なし,4710.0,NEW_REALM,2026-08-10
アビリティ:超感覚【偵察】,0,なし,4160.5,NEW_REALM,2026-08-10
アビリティ:酷寒の武器【呪文】,0,なし,613.87,NEW_REALM,2026-08-10
アビリティ:雷精霊【強化】,0,なし,3925.0,NEW_REALM,2026-08-10
アンコモン装飾品強化箱(100個),0,なし,18.84,NEW_REALM,2026-08-10
アンデミックのサドル,0,なし,1256.0,NEW_REALM,2026-08-10
イニスのイヤリング ,0,なし,4710.0,NEW_REALM,2026-08-10
イニスのガントレット (未鑑定),0,未鑑定,4553.0,NEW_REALM,2026-08-10
イニスのネックレス ,0,なし,33896.3,NEW_REALM,2026-08-10
イニスのブレスレット ,0,なし,8160.86,NEW_REALM,2026-08-10
イニスのベルト ,0,なし,4708.429999999999,NEW_REALM,2026-08-10
イニスのベルト ,2,なし,5024.0,NEW_REALM,2026-08-10
イニスのリング ,0,なし,5338.0,NEW_REALM,2026-08-10
イニスのリング ,13,なし,7222.0,NEW_REALM,2026-08-10
イニスのリング ,15,なし,12560.0,NEW_REALM,2026-08-10
イニスのレガース (未鑑定),0,未鑑定,2826.0,NEW_REALM,2026-08-10
イニスの手甲 (未鑑定),0,未鑑定,21823.0,NEW_REALM,2026-08-10
イニスの鎧 (未鑑定),0,未鑑定,3611.0,NEW_REALM,2026-08-10
イリアナの籠手 (未鑑定),0,未鑑定,156686.0,NEW_REALM,2026-08-10
イリアナグリーヴ (未鑑定),0,未鑑定,4553.0,NEW_REALM,2026-08-10
イリアナグローブ (未鑑定),0,未鑑定,7379.0,NEW_REALM,2026-08-10
イリアナフード (未鑑定),0,未鑑定,5966.0,NEW_REALM,2026-08-10
イリアナヘルム (未鑑定),0,未鑑定,2577.94,NEW_REALM,2026-08-10
イリアナレガース (未鑑定),0,未鑑定,4239.0,NEW_REALM,2026-08-10
イリアナレガース (鑑定),0,鑑定,3140.0,NEW_REALM,2026-08-10
イリアナ剣/盾 (未鑑定),0,未鑑定,232956.6,NEW_REALM,2026-08-10
イリアナ布ズボン (未鑑定),0,未鑑定,2584.2200000000003,NEW_REALM,2026-08-10
イリアナ帽子 (未鑑定),0,未鑑定,6751.0,NEW_REALM,2026-08-10
イリアナ弓 (未鑑定),0,未鑑定,235500.0,NEW_REALM,2026-08-10
イリアナ手甲 (未鑑定),0,未鑑定,3122.73,NEW_REALM,2026-08-10
イリアナ杖 (未鑑定),0,未鑑定,251200.0,NEW_REALM,2026-08-10
イリアナ鎧 (鑑定),5,鑑定,9420.0,NEW_REALM,2026-08-10
イリアナ革ズボン (未鑑定),0,未鑑定,3882.61,NEW_REALM,2026-08-10
エオスのイヤリング,0,なし,2826.0,NEW_REALM,2026-08-10
エオスのガントレット (未鑑定),0,未鑑定,3140.0,NEW_REALM,2026-08-10
エオスのグリーヴ (未鑑定),0,未鑑定,3532.5,NEW_REALM,2026-08-10
エオスのグローブ (未鑑定),0,未鑑定,2836.99,NEW_REALM,2026-08-10
エオスのフード (未鑑定),0,未鑑定,4003.5,NEW_REALM,2026-08-10
エオスのベスト (未鑑定),0,未鑑定,3140.0,NEW_REALM,2026-08-10
エオスのベルト,0,なし,6123.0,NEW_REALM,2026-08-10
エオスのリング,0,なし,5487.150000000001,NEW_REALM,2026-08-10
エオスのレガース (鑑定),8,鑑定,15700.0,NEW_REALM,2026-08-10
エオスのローブ (未鑑定),0,未鑑定,3925.0,NEW_REALM,2026-08-10
エオスの布ズボン (未鑑定),0,未鑑定,2276.5,NEW_REALM,2026-08-10
エオスの帽子 (未鑑定),0,未鑑定,2198.0,NEW_REALM,2026-08-10
エオスの手甲 (未鑑定),0,未鑑定,1554.3,NEW_REALM,2026-08-10
エオスの手甲 (鑑定),6,鑑定,1554.3,NEW_REALM,2026-08-10
エオスの精霊マント (未鑑定),0,未鑑定,3925.0,NEW_REALM,2026-08-10
エオスの鎧 (未鑑定),0,未鑑定,1570.0,NEW_REALM,2026-08-10
エオスの革ズボン (未鑑定),0,未鑑定,2841.7000000000003,NEW_REALM,2026-08-10
エル・セラのイヤリング,0,なし,353.25,NEW_REALM,2026-08-10
エル・セラのイヤリング,15,なし,1256.0,NEW_REALM,2026-08-10
エル・セラのイヤリング,16,なし,1884.0,NEW_REALM,2026-08-10
エル・セラのイヤリング,20,なし,13816.0,NEW_REALM,2026-08-10
エル・セラのクロスボウ (未鑑定),0,未鑑定,6908.0,NEW_REALM,2026-08-10
エル・セラのグリーヴ (鑑定),5,鑑定,157.0,NEW_REALM,2026-08-10
エル・セラのグローブ (鑑定),5,鑑定,149.15,NEW_REALM,2026-08-10
エル・セラのサイド (未鑑定),0,未鑑定,11775.0,NEW_REALM,2026-08-10
エル・セラのネックレス,0,なし,2512.0,NEW_REALM,2026-08-10
エル・セラのフード (鑑定),6,鑑定,739.47,NEW_REALM,2026-08-10
エル・セラのブレスレット,0,なし,609.16,NEW_REALM,2026-08-10
エル・セラのブレスレット,14,なし,1803.93,NEW_REALM,2026-08-10
エル・セラのブレスレット,15,なし,1505.63,NEW_REALM,2026-08-10
エル・セラのブレスレット,17,なし,2355.0,NEW_REALM,2026-08-10
エル・セラのブレスレット,20,なし,12560.0,NEW_REALM,2026-08-10
エル・セラのヘルム (未鑑定),0,未鑑定,141.3,NEW_REALM,2026-08-10
エル・セラのヘルム (鑑定),5,鑑定,235.5,NEW_REALM,2026-08-10
エル・セラのベスト (未鑑定),0,未鑑定,235.5,NEW_REALM,2026-08-10
エル・セラのベスト (鑑定),5,鑑定,387.79,NEW_REALM,2026-08-10
エル・セラのベルト,0,なし,266.9,NEW_REALM,2026-08-10
エル・セラのベルト,14,なし,1568.43,NEW_REALM,2026-08-10
エル・セラのベルト,15,なし,2355.0,NEW_REALM,2026-08-10
エル・セラのベルト,18,なし,3611.0,NEW_REALM,2026-08-10
エル・セラのベルト,20,なし,12403.0,NEW_REALM,2026-08-10
エル・セラのリング,0,なし,752.03,NEW_REALM,2026-08-10
エル・セラのリング,14,なし,2512.0,NEW_REALM,2026-08-10
エル・セラのリング,20,なし,13816.0,NEW_REALM,2026-08-10
エル・セラのレガース (未鑑定),0,未鑑定,596.6,NEW_REALM,2026-08-10
エル・セラのローブ (鑑定),5,鑑定,174.27,NEW_REALM,2026-08-10
エル・セラの勇猛マント (未鑑定),0,未鑑定,628.0,NEW_REALM,2026-08-10
エル・セラの大剣 (未鑑定),0,未鑑定,1884.0,NEW_REALM,2026-08-10
エル・セラの布ズボン (未鑑定),0,未鑑定,235.5,NEW_REALM,2026-08-10
エル・セラの布ズボン (鑑定),0,鑑定,235.5,NEW_REALM,2026-08-10
エル・セラの布ズボン (鑑定),8,鑑定,1551.16,NEW_REALM,2026-08-10
エル・セラの帽子 (未鑑定),0,未鑑定,157.0,NEW_REALM,2026-08-10
エル・セラの帽子 (鑑定),0,鑑定,235.5,NEW_REALM,2026-08-10
エル・セラの弓 (未鑑定),0,未鑑定,6751.0,NEW_REALM,2026-08-10
エル・セラの弓 (鑑定),10,鑑定,14899.3,NEW_REALM,2026-08-10
エル・セラの戦棒 (未鑑定),0,未鑑定,8635.0,NEW_REALM,2026-08-10
エル・セラの戦闘マント (未鑑定),0,未鑑定,1256.0,NEW_REALM,2026-08-10
エル・セラの戦闘盾 (未鑑定),0,未鑑定,2355.0,NEW_REALM,2026-08-10
エル・セラの戦闘盾 (鑑定),8,鑑定,3454.0,NEW_REALM,2026-08-10
エル・セラの手甲 (未鑑定),0,未鑑定,109.9,NEW_REALM,2026-08-10
エル・セラの杖 (未鑑定),0,未鑑定,4396.0,NEW_REALM,2026-08-10
エル・セラの短剣 (未鑑定),0,未鑑定,4553.0,NEW_REALM,2026-08-10
エル・セラの短剣 (鑑定),6,鑑定,5166.87,NEW_REALM,2026-08-10
エル・セラの短靴 (未鑑定),0,未鑑定,408.2,NEW_REALM,2026-08-10
エル・セラの短靴 (鑑定),0,鑑定,471.0,NEW_REALM,2026-08-10
エル・セラの破壊マント (未鑑定),0,未鑑定,502.4,NEW_REALM,2026-08-10
エル・セラの籠手 (未鑑定),0,未鑑定,785.0,NEW_REALM,2026-08-10
エル・セラの鎧 (鑑定),5,鑑定,1413.0,NEW_REALM,2026-08-10
エル・セラの長靴 (未鑑定),0,未鑑定,157.0,NEW_REALM,2026-08-10
オペルタのイヤリング,0,なし,3140.0,NEW_REALM,2026-08-10
オペルタのグローブ (未鑑定),0,未鑑定,4466.65,NEW_REALM,2026-08-10
オペルタのネックレス,0,なし,61073.0,NEW_REALM,2026-08-10
オペルタのブレスレット,0,なし,9734.0,NEW_REALM,2026-08-10
オペルタのヘルム (未鑑定),0,未鑑定,1491.5,NEW_REALM,2026-08-10
オペルタのベスト (未鑑定),0,未鑑定,5966.0,NEW_REALM,2026-08-10
オペルタのベルト,0,なし,6123.0,NEW_REALM,2026-08-10
オペルタのレガース (未鑑定),0,未鑑定,2355.0,NEW_REALM,2026-08-10
オペルタのレガース (鑑定),8,鑑定,13973.0,NEW_REALM,2026-08-10
オペルタの布ズボン (未鑑定),0,未鑑定,1727.0,NEW_REALM,2026-08-10
オペルタの帽子 (未鑑定),0,未鑑定,4239.0,NEW_REALM,2026-08-10
オペルタの帽子 (鑑定),6,鑑定,3882.61,NEW_REALM,2026-08-10
オペルタの手甲 (鑑定),0,鑑定,722.1999999999999,NEW_REALM,2026-08-10
オペルタの短靴 (未鑑定),0,未鑑定,6594.0,NEW_REALM,2026-08-10
オペルタの精霊マント (未鑑定),0,未鑑定,6594.0,NEW_REALM,2026-08-10
オペルタの鎧 (未鑑定),0,未鑑定,2512.0,NEW_REALM,2026-08-10
オペルタの長靴 (未鑑定),0,未鑑定,4553.0,NEW_REALM,2026-08-10
オペルタの革ズボン (未鑑定),0,未鑑定,5495.0,NEW_REALM,2026-08-10
ガルバのサドル,0,なし,205.67,NEW_REALM,2026-08-10
クランシアのイヤリング,0,なし,314.0,NEW_REALM,2026-08-10
クランシアのイヤリング,16,なし,1570.0,NEW_REALM,2026-08-10
クランシアのイヤリング,20,なし,12558.429999999998,NEW_REALM,2026-08-10
クランシアのガントレット (未鑑定),0,未鑑定,37.68,NEW_REALM,2026-08-10
クランシアのガントレット (鑑定),5,鑑定,153.86,NEW_REALM,2026-08-10
クランシアのガントレット (鑑定),6,鑑定,1570.0,NEW_REALM,2026-08-10
クランシアのグローブ (鑑定),8,鑑定,516.53,NEW_REALM,2026-08-10
クランシアのネックレス,0,なし,3140.0,NEW_REALM,2026-08-10
クランシアのフード (鑑定),0,鑑定,769.3000000000001,NEW_REALM,2026-08-10
クランシアのフード (鑑定),8,鑑定,1050.3300000000002,NEW_REALM,2026-08-10
クランシアのブレスレット,0,なし,549.5,NEW_REALM,2026-08-10
クランシアのヘルム (未鑑定),0,未鑑定,293.59000000000003,NEW_REALM,2026-08-10
クランシアのヘルム (鑑定),0,鑑定,314.0,NEW_REALM,2026-08-10
クランシアのヘルム (鑑定),10,鑑定,775.58,NEW_REALM,2026-08-10
クランシアのヘルム (鑑定),6,鑑定,309.29,NEW_REALM,2026-08-10
クランシアのベルト,0,なし,471.0,NEW_REALM,2026-08-10
クランシアのリング,0,なし,942.0,NEW_REALM,2026-08-10
クランシアのリング,20,なし,14128.429999999998,NEW_REALM,2026-08-10
クランシアのローブ (鑑定),0,鑑定,463.15,NEW_REALM,2026-08-10
クランシアの剣/盾 (未鑑定),0,未鑑定,5181.0,NEW_REALM,2026-08-10
クランシアの勇猛マント (未鑑定),0,未鑑定,1570.0,NEW_REALM,2026-08-10
クランシアの帽子 (鑑定),0,鑑定,1091.15,NEW_REALM,2026-08-10
クランシアの弓 (未鑑定),0,未鑑定,7245.55,NEW_REALM,2026-08-10
クランシアの戦棒 (未鑑定),0,未鑑定,9553.45,NEW_REALM,2026-08-10
クランシアの戦闘マント (未鑑定),0,未鑑定,847.8000000000001,NEW_REALM,2026-08-10
クランシアの手甲 (未鑑定),0,未鑑定,113.04,NEW_REALM,2026-08-10
クランシアの手甲 (鑑定),6,鑑定,902.75,NEW_REALM,2026-08-10
クランシアの手甲 (鑑定),8,鑑定,1570.0,NEW_REALM,2026-08-10
クランシアの杖 (未鑑定),0,未鑑定,4710.0,NEW_REALM,2026-08-10
クランシアの短靴 (未鑑定),0,未鑑定,471.0,NEW_REALM,2026-08-10
クランシアの短靴 (鑑定),0,鑑定,463.15,NEW_REALM,2026-08-10
クランシアの破壊マント (鑑定),5,鑑定,4553.0,NEW_REALM,2026-08-10
クランシアの鎧 (未鑑定),0,未鑑定,722.1999999999999,NEW_REALM,2026-08-10
クランシアの長靴 (鑑定),0,鑑定,463.15,NEW_REALM,2026-08-10
クロスボウ：ハンターの証,0,なし,10205.0,NEW_REALM,2026-08-10
クロスボウ：距離調節,0,なし,15.7,NEW_REALM,2026-08-10
クロスボウ：鋭い矢,0,なし,15.7,NEW_REALM,2026-08-10
グレイシスのサドル,0,なし,1287.4,NEW_REALM,2026-08-10
ケルサのサドル,0,なし,28.26,NEW_REALM,2026-08-10
サイド：処刑準備,0,なし,150.72,NEW_REALM,2026-08-10
サイド：魂の循環,0,なし,337.55,NEW_REALM,2026-08-10
サイド：魔力反発,0,なし,31243.0,NEW_REALM,2026-08-10
セラドのイヤリング,0,なし,353.25,NEW_REALM,2026-08-10
セラドのイヤリング,1,なし,533.8,NEW_REALM,2026-08-10
セラドのイヤリング,15,なし,733.1899999999999,NEW_REALM,2026-08-10
セラドのガントレット (未鑑定),0,未鑑定,25.12,NEW_REALM,2026-08-10
セラドのガントレット (鑑定),0,鑑定,21.98,NEW_REALM,2026-08-10
セラドのガントレット (鑑定),4,鑑定,39.25,NEW_REALM,2026-08-10
セラドのガントレット (鑑定),5,鑑定,25.12,NEW_REALM,2026-08-10
セラドのガントレット (鑑定),6,鑑定,157.0,NEW_REALM,2026-08-10
セラドのガントレット (鑑定),7,鑑定,219.8,NEW_REALM,2026-08-10
セラドのガントレット (鑑定),8,鑑定,204.1,NEW_REALM,2026-08-10
セラドのクロスボウ (未鑑定),0,未鑑定,1004.8,NEW_REALM,2026-08-10
セラドのクロスボウ (鑑定),0,鑑定,785.0,NEW_REALM,2026-08-10
セラドのクロスボウ (鑑定),8,鑑定,942.0,NEW_REALM,2026-08-10
セラドのクロスボウ (鑑定),9,鑑定,9420.0,NEW_REALM,2026-08-10
セラドのグリーヴ (未鑑定),0,未鑑定,76.92999999999999,NEW_REALM,2026-08-10
セラドのグリーヴ (鑑定),0,鑑定,36.11,NEW_REALM,2026-08-10
セラドのグリーヴ (鑑定),4,鑑定,314.0,NEW_REALM,2026-08-10
セラドのグリーヴ (鑑定),6,鑑定,153.86,NEW_REALM,2026-08-10
セラドのグリーヴ (鑑定),7,鑑定,332.84000000000003,NEW_REALM,2026-08-10
セラドのグローブ (未鑑定),0,未鑑定,23.55,NEW_REALM,2026-08-10
セラドのグローブ (鑑定),0,鑑定,18.84,NEW_REALM,2026-08-10
セラドのグローブ (鑑定),10,鑑定,1290.5400000000002,NEW_REALM,2026-08-10
セラドのグローブ (鑑定),5,鑑定,21.98,NEW_REALM,2026-08-10
セラドのグローブ (鑑定),6,鑑定,92.63,NEW_REALM,2026-08-10
セラドのグローブ (鑑定),7,鑑定,295.16,NEW_REALM,2026-08-10
セラドのサイド (未鑑定),0,未鑑定,1254.43,NEW_REALM,2026-08-10
セラドのサイド (鑑定),0,鑑定,844.66,NEW_REALM,2026-08-10
セラドのサイド (鑑定),10,鑑定,14288.570000000002,NEW_REALM,2026-08-10
セラドのサイド (鑑定),8,鑑定,863.5,NEW_REALM,2026-08-10
セラドのサイド (鑑定),9,鑑定,1177.5,NEW_REALM,2026-08-10
セラドのフード (未鑑定),0,未鑑定,21.98,NEW_REALM,2026-08-10
セラドのフード (鑑定),0,鑑定,314.0,NEW_REALM,2026-08-10
セラドのフード (鑑定),5,鑑定,47.1,NEW_REALM,2026-08-10
セラドのフード (鑑定),6,鑑定,392.5,NEW_REALM,2026-08-10
セラドのヘルム (未鑑定),0,未鑑定,21.98,NEW_REALM,2026-08-10
セラドのヘルム (鑑定),0,鑑定,29.83,NEW_REALM,2026-08-10
セラドのヘルム (鑑定),5,鑑定,78.5,NEW_REALM,2026-08-10
セラドのヘルム (鑑定),6,鑑定,205.67,NEW_REALM,2026-08-10
セラドのベスト (未鑑定),0,未鑑定,18.84,NEW_REALM,2026-08-10
セラドのベスト (鑑定),0,鑑定,20.41,NEW_REALM,2026-08-10
セラドのベスト (鑑定),6,鑑定,155.43,NEW_REALM,2026-08-10
セラドのベスト (鑑定),8,鑑定,657.83,NEW_REALM,2026-08-10
セラドのベルト,12,なし,549.5,NEW_REALM,2026-08-10
セラドのリング,0,なし,455.3,NEW_REALM,2026-08-10
セラドのリング,15,なし,1570.0,NEW_REALM,2026-08-10
セラドのレガース (未鑑定),0,未鑑定,25.12,NEW_REALM,2026-08-10
セラドのレガース (鑑定),0,鑑定,28.26,NEW_REALM,2026-08-10
セラドのレガース (鑑定),5,鑑定,54.95,NEW_REALM,2026-08-10
セラドのレガース (鑑定),6,鑑定,39.25,NEW_REALM,2026-08-10
セラドのローブ (未鑑定),0,未鑑定,21.98,NEW_REALM,2026-08-10
セラドのローブ (鑑定),0,鑑定,56.52,NEW_REALM,2026-08-10
セラドのローブ (鑑定),5,鑑定,29.83,NEW_REALM,2026-08-10
セラドのローブ (鑑定),6,鑑定,235.5,NEW_REALM,2026-08-10
セラドのローブ (鑑定),7,鑑定,375.23,NEW_REALM,2026-08-10
セラドのローブ (鑑定),8,鑑定,1163.37,NEW_REALM,2026-08-10
セラドのローブ (鑑定),9,鑑定,2325.17,NEW_REALM,2026-08-10
セラドの剣/盾 (未鑑定),0,未鑑定,761.4499999999999,NEW_REALM,2026-08-10
セラドの剣/盾 (鑑定),0,鑑定,1570.0,NEW_REALM,2026-08-10
セラドの剣/盾 (鑑定),10,鑑定,3454.0,NEW_REALM,2026-08-10
セラドの剣/盾 (鑑定),6,鑑定,1256.0,NEW_REALM,2026-08-10
セラドの剣/盾 (鑑定),8,鑑定,1177.5,NEW_REALM,2026-08-10
セラドの勇猛マント (鑑定),3,鑑定,2585.79,NEW_REALM,2026-08-10
セラドの大剣 (未鑑定),0,未鑑定,428.61,NEW_REALM,2026-08-10
セラドの大剣 (鑑定),0,鑑定,298.3,NEW_REALM,2026-08-10
セラドの大剣 (鑑定),10,鑑定,2070.83,NEW_REALM,2026-08-10
セラドの大剣 (鑑定),7,鑑定,596.6,NEW_REALM,2026-08-10
セラドの布ズボン (未鑑定),0,未鑑定,26.69,NEW_REALM,2026-08-10
セラドの布ズボン (鑑定),0,鑑定,21.98,NEW_REALM,2026-08-10
セラドの布ズボン (鑑定),10,鑑定,2355.0,NEW_REALM,2026-08-10
セラドの布ズボン (鑑定),11,鑑定,902.75,NEW_REALM,2026-08-10
セラドの布ズボン (鑑定),5,鑑定,39.25,NEW_REALM,2026-08-10
セラドの布ズボン (鑑定),6,鑑定,39.25,NEW_REALM,2026-08-10
セラドの布ズボン (鑑定),7,鑑定,304.58,NEW_REALM,2026-08-10
セラドの布ズボン (鑑定),8,鑑定,128.73999999999998,NEW_REALM,2026-08-10
セラドの布ズボン (鑑定),9,鑑定,785.0,NEW_REALM,2026-08-10
セラドの帽子 (未鑑定),0,未鑑定,37.68,NEW_REALM,2026-08-10
セラドの帽子 (鑑定),0,鑑定,54.95,NEW_REALM,2026-08-10
セラドの帽子 (鑑定),5,鑑定,73.78999999999999,NEW_REALM,2026-08-10
セラドの帽子 (鑑定),6,鑑定,157.0,NEW_REALM,2026-08-10
セラドの帽子 (鑑定),8,鑑定,549.5,NEW_REALM,2026-08-10
セラドの弓 (未鑑定),0,未鑑定,1381.6,NEW_REALM,2026-08-10
セラドの弓 (鑑定),7,鑑定,2355.0,NEW_REALM,2026-08-10
セラドの弓 (鑑定),8,鑑定,2587.36,NEW_REALM,2026-08-10
セラドの戦棒 (未鑑定),0,未鑑定,1193.2,NEW_REALM,2026-08-10
セラドの戦棒 (鑑定),8,鑑定,3140.0,NEW_REALM,2026-08-10
セラドの戦闘盾 (未鑑定),0,未鑑定,471.0,NEW_REALM,2026-08-10
セラドの戦闘盾 (鑑定),8,鑑定,1345.49,NEW_REALM,2026-08-10
セラドの手甲 (未鑑定),0,未鑑定,29.83,NEW_REALM,2026-08-10
セラドの手甲 (鑑定),0,鑑定,20.41,NEW_REALM,2026-08-10
セラドの手甲 (鑑定),5,鑑定,37.68,NEW_REALM,2026-08-10
セラドの手甲 (鑑定),6,鑑定,227.65,NEW_REALM,2026-08-10
セラドの手甲 (鑑定),8,鑑定,263.76,NEW_REALM,2026-08-10
セラドの杖 (未鑑定),0,未鑑定,785.0,NEW_REALM,2026-08-10
セラドの杖 (鑑定),0,鑑定,549.5,NEW_REALM,2026-08-10
セラドの杖 (鑑定),10,鑑定,2041.0,NEW_REALM,2026-08-10
セラドの杖 (鑑定),8,鑑定,1884.0,NEW_REALM,2026-08-10
セラドの杖 (鑑定),9,鑑定,6984.93,NEW_REALM,2026-08-10
セラドの短剣 (鑑定),0,鑑定,1369.0400000000002,NEW_REALM,2026-08-10
セラドの短剣 (鑑定),7,鑑定,612.3,NEW_REALM,2026-08-10
セラドの短剣 (鑑定),8,鑑定,2355.0,NEW_REALM,2026-08-10
セラドの短靴 (未鑑定),0,未鑑定,26.69,NEW_REALM,2026-08-10
セラドの短靴 (鑑定),0,鑑定,31.4,NEW_REALM,2026-08-10
セラドの短靴 (鑑定),5,鑑定,471.0,NEW_REALM,2026-08-10
セラドの短靴 (鑑定),7,鑑定,467.86,NEW_REALM,2026-08-10
セラドの短靴 (鑑定),8,鑑定,314.0,NEW_REALM,2026-08-10
セラドの籠手 (未鑑定),0,未鑑定,230.79,NEW_REALM,2026-08-10
セラドの籠手 (鑑定),0,鑑定,235.5,NEW_REALM,2026-08-10
セラドの籠手 (鑑定),10,鑑定,2826.0,NEW_REALM,2026-08-10
セラドの籠手 (鑑定),7,鑑定,235.5,NEW_REALM,2026-08-10
セラドの籠手 (鑑定),8,鑑定,1727.0,NEW_REALM,2026-08-10
セラドの籠手 (鑑定),9,鑑定,1034.63,NEW_REALM,2026-08-10
セラドの鎧 (未鑑定),0,未鑑定,21.98,NEW_REALM,2026-08-10
セラドの鎧 (鑑定),0,鑑定,39.25,NEW_REALM,2026-08-10
セラドの鎧 (鑑定),5,鑑定,37.68,NEW_REALM,2026-08-10
セラドの鎧 (鑑定),6,鑑定,612.3,NEW_REALM,2026-08-10
セラドの鎧 (鑑定),7,鑑定,471.0,NEW_REALM,2026-08-10
セラドの鎧 (鑑定),8,鑑定,235.5,NEW_REALM,2026-08-10
セラドの長靴 (未鑑定),0,未鑑定,28.26,NEW_REALM,2026-08-10
セラドの長靴 (鑑定),0,鑑定,18.84,NEW_REALM,2026-08-10
セラドの長靴 (鑑定),10,鑑定,1807.07,NEW_REALM,2026-08-10
セラドの長靴 (鑑定),11,鑑定,2025.3,NEW_REALM,2026-08-10
セラドの長靴 (鑑定),4,鑑定,157.0,NEW_REALM,2026-08-10
セラドの長靴 (鑑定),5,鑑定,76.92999999999999,NEW_REALM,2026-08-10
セラドの長靴 (鑑定),6,鑑定,72.22,NEW_REALM,2026-08-10
セラドの長靴 (鑑定),8,鑑定,202.53,NEW_REALM,2026-08-10
セラドの長靴 (鑑定),9,鑑定,1570.0,NEW_REALM,2026-08-10
セラドの革ズボン (未鑑定),0,未鑑定,21.98,NEW_REALM,2026-08-10
セラドの革ズボン (鑑定),0,鑑定,18.84,NEW_REALM,2026-08-10
セラドの革ズボン (鑑定),6,鑑定,72.22,NEW_REALM,2026-08-10
セルスのガントレット (未鑑定),0,未鑑定,2198.0,NEW_REALM,2026-08-10
セルスのガントレット (鑑定),8,鑑定,7693.0,NEW_REALM,2026-08-10
セルスのグリーヴ (未鑑定),0,未鑑定,2041.0,NEW_REALM,2026-08-10
セルスのグローブ (鑑定),6,鑑定,4399.14,NEW_REALM,2026-08-10
セルスのフード (未鑑定),0,未鑑定,2981.43,NEW_REALM,2026-08-10
セルスのフード (鑑定),7,鑑定,3102.32,NEW_REALM,2026-08-10
セルスのブレスレット,0,なし,7850.0,NEW_REALM,2026-08-10
セルスのヘルム (未鑑定),0,未鑑定,1394.16,NEW_REALM,2026-08-10
セルスのヘルム (鑑定),0,鑑定,4082.0,NEW_REALM,2026-08-10
セルスのヘルム (鑑定),5,鑑定,15712.56,NEW_REALM,2026-08-10
セルスのヘルム (鑑定),7,鑑定,2356.57,NEW_REALM,2026-08-10
セルスのベスト (鑑定),6,鑑定,3454.0,NEW_REALM,2026-08-10
セルスのリング,0,なし,3140.0,NEW_REALM,2026-08-10
セルスのレガース (未鑑定),0,未鑑定,1012.65,NEW_REALM,2026-08-10
セルスのレガース (鑑定),0,鑑定,902.75,NEW_REALM,2026-08-10
セルスのレガース (鑑定),6,鑑定,2355.0,NEW_REALM,2026-08-10
セルスの大剣 (鑑定),10,鑑定,156971.74000000002,NEW_REALM,2026-08-10
セルスの布ズボン (未鑑定),0,未鑑定,1962.5,NEW_REALM,2026-08-10
セルスの布ズボン (鑑定),0,鑑定,2981.43,NEW_REALM,2026-08-10
セルスの帽子 (鑑定),7,鑑定,3140.0,NEW_REALM,2026-08-10
セルスの弓 (未鑑定),0,未鑑定,103346.82,NEW_REALM,2026-08-10
セルスの手甲 (未鑑定),0,未鑑定,1034.63,NEW_REALM,2026-08-10
セルスの手甲 (鑑定),0,鑑定,942.0,NEW_REALM,2026-08-10
セルスの手甲 (鑑定),6,鑑定,1099.0,NEW_REALM,2026-08-10
セルスの手甲 (鑑定),8,鑑定,14915.0,NEW_REALM,2026-08-10
セルスの短靴 (鑑定),6,鑑定,5951.87,NEW_REALM,2026-08-10
セルスの精霊マント (未鑑定),0,未鑑定,7850.0,NEW_REALM,2026-08-10
セルスの精霊マント (鑑定),3,鑑定,3454.0,NEW_REALM,2026-08-10
セルスの精霊マント (鑑定),5,鑑定,23393.0,NEW_REALM,2026-08-10
セルスの長靴 (未鑑定),0,未鑑定,1256.0,NEW_REALM,2026-08-10
セルスの長靴 (鑑定),0,鑑定,2965.73,NEW_REALM,2026-08-10
セルスの長靴 (鑑定),5,鑑定,1224.6,NEW_REALM,2026-08-10
セルスの長靴 (鑑定),6,鑑定,1394.16,NEW_REALM,2026-08-10
セルスの長靴 (鑑定),7,鑑定,5633.160000000001,NEW_REALM,2026-08-10
セルスの革ズボン (鑑定),7,鑑定,4769.66,NEW_REALM,2026-08-10
セルビスのイヤリング,0,なし,298.3,NEW_REALM,2026-08-10
セルビスのイヤリング,17,なし,2355.0,NEW_REALM,2026-08-10
セルビスのイヤリング,18,なし,2665.86,NEW_REALM,2026-08-10
セルビスのガントレット (未鑑定),0,未鑑定,48.67,NEW_REALM,2026-08-10
セルビスのガントレット (鑑定),0,鑑定,47.1,NEW_REALM,2026-08-10
セルビスのガントレット (鑑定),5,鑑定,153.86,NEW_REALM,2026-08-10
セルビスのガントレット (鑑定),8,鑑定,785.0,NEW_REALM,2026-08-10
セルビスのクロスボウ (鑑定),6,鑑定,783.4300000000001,NEW_REALM,2026-08-10
セルビスのクロスボウ (鑑定),9,鑑定,2584.2200000000003,NEW_REALM,2026-08-10
セルビスのグリーヴ (未鑑定),0,未鑑定,78.5,NEW_REALM,2026-08-10
セルビスのグリーヴ (鑑定),0,鑑定,47.1,NEW_REALM,2026-08-10
セルビスのグリーヴ (鑑定),6,鑑定,1276.41,NEW_REALM,2026-08-10
セルビスのグリーヴ (鑑定),7,鑑定,39.25,NEW_REALM,2026-08-10
セルビスのグリーヴ (鑑定),8,鑑定,785.0,NEW_REALM,2026-08-10
セルビスのグローブ (未鑑定),0,未鑑定,76.92999999999999,NEW_REALM,2026-08-10
セルビスのグローブ (鑑定),0,鑑定,21.98,NEW_REALM,2026-08-10
セルビスのグローブ (鑑定),5,鑑定,125.6,NEW_REALM,2026-08-10
セルビスのサイド (未鑑定),0,未鑑定,1727.0,NEW_REALM,2026-08-10
セルビスのサイド (鑑定),8,鑑定,5336.43,NEW_REALM,2026-08-10
セルビスのネックレス,14,なし,3925.0,NEW_REALM,2026-08-10
セルビスのネックレス,20,なし,14130.0,NEW_REALM,2026-08-10
セルビスのフード (鑑定),0,鑑定,62.8,NEW_REALM,2026-08-10
セルビスのフード (鑑定),5,鑑定,471.0,NEW_REALM,2026-08-10
セルビスのヘルム (未鑑定),0,未鑑定,28.26,NEW_REALM,2026-08-10
セルビスのヘルム (鑑定),0,鑑定,31.4,NEW_REALM,2026-08-10
セルビスのヘルム (鑑定),5,鑑定,45.53,NEW_REALM,2026-08-10
セルビスのヘルム (鑑定),6,鑑定,39.25,NEW_REALM,2026-08-10
セルビスのヘルム (鑑定),7,鑑定,645.2700000000001,NEW_REALM,2026-08-10
セルビスのヘルム (鑑定),8,鑑定,387.79,NEW_REALM,2026-08-10
セルビスのヘルム (鑑定),9,鑑定,1256.0,NEW_REALM,2026-08-10
セルビスのベスト (鑑定),0,鑑定,54.95,NEW_REALM,2026-08-10
セルビスのベスト (鑑定),6,鑑定,157.0,NEW_REALM,2026-08-10
セルビスのベスト (鑑定),9,鑑定,438.03,NEW_REALM,2026-08-10
セルビスのベルト,5,なし,736.33,NEW_REALM,2026-08-10
セルビスのリング,0,なし,646.84,NEW_REALM,2026-08-10
セルビスのレガース (未鑑定),0,未鑑定,169.56,NEW_REALM,2026-08-10
セルビスのレガース (鑑定),6,鑑定,193.11,NEW_REALM,2026-08-10
セルビスのローブ (未鑑定),0,未鑑定,36.11,NEW_REALM,2026-08-10
セルビスのローブ (鑑定),0,鑑定,45.53,NEW_REALM,2026-08-10
セルビスのローブ (鑑定),6,鑑定,646.84,NEW_REALM,2026-08-10
セルビスの勇猛マント (未鑑定),0,未鑑定,486.7,NEW_REALM,2026-08-10
セルビスの勇猛マント (鑑定),0,鑑定,785.0,NEW_REALM,2026-08-10
セルビスの勇猛マント (鑑定),1,鑑定,783.4300000000001,NEW_REALM,2026-08-10
セルビスの大剣 (未鑑定),0,未鑑定,832.1,NEW_REALM,2026-08-10
セルビスの大剣 (鑑定),7,鑑定,2585.79,NEW_REALM,2026-08-10
セルビスの布ズボン (未鑑定),0,未鑑定,75.36,NEW_REALM,2026-08-10
セルビスの布ズボン (鑑定),0,鑑定,345.40000000000003,NEW_REALM,2026-08-10
セルビスの布ズボン (鑑定),5,鑑定,361.1,NEW_REALM,2026-08-10
セルビスの布ズボン (鑑定),7,鑑定,1570.0,NEW_REALM,2026-08-10
セルビスの帽子 (未鑑定),0,未鑑定,32.97,NEW_REALM,2026-08-10
セルビスの帽子 (鑑定),0,鑑定,31.4,NEW_REALM,2026-08-10
セルビスの帽子 (鑑定),5,鑑定,47.1,NEW_REALM,2026-08-10
セルビスの帽子 (鑑定),8,鑑定,775.58,NEW_REALM,2026-08-10
セルビスの弓 (未鑑定),0,未鑑定,1549.59,NEW_REALM,2026-08-10
セルビスの戦棒 (鑑定),12,鑑定,17270.0,NEW_REALM,2026-08-10
セルビスの戦闘マント (未鑑定),0,未鑑定,516.53,NEW_REALM,2026-08-10
セルビスの戦闘マント (鑑定),3,鑑定,1099.0,NEW_REALM,2026-08-10
セルビスの戦闘盾 (鑑定),7,鑑定,2069.26,NEW_REALM,2026-08-10
セルビスの戦闘盾 (鑑定),9,鑑定,2909.21,NEW_REALM,2026-08-10
セルビスの手甲 (未鑑定),0,未鑑定,125.6,NEW_REALM,2026-08-10
セルビスの杖 (未鑑定),0,未鑑定,1491.5,NEW_REALM,2026-08-10
セルビスの杖 (鑑定),10,鑑定,3091.3300000000004,NEW_REALM,2026-08-10
セルビスの杖 (鑑定),8,鑑定,1128.8300000000002,NEW_REALM,2026-08-10
セルビスの短剣 (未鑑定),0,未鑑定,1240.3,NEW_REALM,2026-08-10
セルビスの短剣 (鑑定),12,鑑定,19099.05,NEW_REALM,2026-08-10
セルビスの短靴 (鑑定),0,鑑定,47.1,NEW_REALM,2026-08-10
セルビスの短靴 (鑑定),5,鑑定,51.81,NEW_REALM,2026-08-10
セルビスの破壊マント (未鑑定),0,未鑑定,471.0,NEW_REALM,2026-08-10
セルビスの籠手 (未鑑定),0,未鑑定,769.3000000000001,NEW_REALM,2026-08-10
セルビスの籠手 (鑑定),0,鑑定,314.0,NEW_REALM,2026-08-10
セルビスの籠手 (鑑定),7,鑑定,549.5,NEW_REALM,2026-08-10
セルビスの精霊マント (未鑑定),0,未鑑定,364.24,NEW_REALM,2026-08-10
セルビスの精霊マント (鑑定),0,鑑定,361.1,NEW_REALM,2026-08-10
セルビスの精霊マント (鑑定),1,鑑定,471.0,NEW_REALM,2026-08-10
セルビスの精霊マント (鑑定),3,鑑定,940.43,NEW_REALM,2026-08-10
セルビスの鎧 (未鑑定),0,未鑑定,39.25,NEW_REALM,2026-08-10
セルビスの鎧 (鑑定),0,鑑定,34.54,NEW_REALM,2026-08-10
セルビスの鎧 (鑑定),10,鑑定,471.0,NEW_REALM,2026-08-10
セルビスの鎧 (鑑定),5,鑑定,98.91,NEW_REALM,2026-08-10
セルビスの長靴 (未鑑定),0,未鑑定,39.25,NEW_REALM,2026-08-10
セルビスの長靴 (鑑定),0,鑑定,42.39,NEW_REALM,2026-08-10
セルビスの長靴 (鑑定),5,鑑定,122.46,NEW_REALM,2026-08-10
セルビスの長靴 (鑑定),6,鑑定,469.43,NEW_REALM,2026-08-10
セルビスの長靴 (鑑定),8,鑑定,471.0,NEW_REALM,2026-08-10
セルビスの長靴 (鑑定),9,鑑定,1106.85,NEW_REALM,2026-08-10
セルビスの革ズボン (未鑑定),0,未鑑定,141.3,NEW_REALM,2026-08-10
セルビスの革ズボン (鑑定),0,鑑定,64.36999999999999,NEW_REALM,2026-08-10
セルビスの革ズボン (鑑定),5,鑑定,78.5,NEW_REALM,2026-08-10
テレノスの布ズボン (未鑑定),0,未鑑定,78500.0,NEW_REALM,2026-08-10
デルフォンのサドル,0,なし,3336.25,NEW_REALM,2026-08-10
ペルトロフのサドル,0,なし,549.5,NEW_REALM,2026-08-10
ペルノクスのイヤリング,0,なし,3124.3,NEW_REALM,2026-08-10
ペルノクスのガントレット (未鑑定),0,未鑑定,3766.43,NEW_REALM,2026-08-10
ペルノクスのグリーヴ (未鑑定),0,未鑑定,13345.0,NEW_REALM,2026-08-10
ペルノクスのグローブ (未鑑定),0,未鑑定,3925.0,NEW_REALM,2026-08-10
ペルノクスのヘルム (未鑑定),0,未鑑定,1491.5,NEW_REALM,2026-08-10
ペルノクスのベルト,0,なし,3454.0,NEW_REALM,2026-08-10
ペルノクスのレガース (鑑定),8,鑑定,29070.12,NEW_REALM,2026-08-10
ペルノクスのローブ (鑑定),5,鑑定,3140.0,NEW_REALM,2026-08-10
ペルノクスの布ズボン (未鑑定),0,未鑑定,6908.0,NEW_REALM,2026-08-10
ペルノクスの帽子 (未鑑定),0,未鑑定,3923.43,NEW_REALM,2026-08-10
ペルノクスの戦闘マント (未鑑定),0,未鑑定,7850.0,NEW_REALM,2026-08-10
ペルノクスの手甲 (未鑑定),0,未鑑定,2198.0,NEW_REALM,2026-08-10
ペルノクスの破壊マント (未鑑定),0,未鑑定,6592.43,NEW_REALM,2026-08-10
ペルノクスの籠手 (鑑定),8,鑑定,47100.0,NEW_REALM,2026-08-10
ペルノクスの精霊マント (未鑑定),0,未鑑定,5181.0,NEW_REALM,2026-08-10
ペルノクスの鎧 (未鑑定),0,未鑑定,4553.0,NEW_REALM,2026-08-10
ペルノクスの革ズボン (未鑑定),0,未鑑定,3265.6,NEW_REALM,2026-08-10
ラベスのサドル,0,なし,2987.71,NEW_REALM,2026-08-10
ランフォンのサドル,0,なし,934.15,NEW_REALM,2026-08-10
リバティのサドル,0,なし,736.33,NEW_REALM,2026-08-10
レア装飾品強化箱(100個),0,なし,65.94,NEW_REALM,2026-08-10
レプティリスのサドル,0,なし,4537.3,NEW_REALM,2026-08-10
ロディのサドル,0,なし,2818.15,NEW_REALM,2026-08-10
光の戦闘馬のサドル,0,なし,70.65,NEW_REALM,2026-08-10
剣と盾：機会捕捉,0,なし,34.54,NEW_REALM,2026-08-10
剣と盾：防御修練,0,なし,345.40000000000003,NEW_REALM,2026-08-10
大剣：極限の力,0,なし,69.08,NEW_REALM,2026-08-10
大剣：狂戦士の誇り,0,なし,7850.0,NEW_REALM,2026-08-10
大剣：鋭い剣,0,なし,15.7,NEW_REALM,2026-08-10
弓：品質の良い矢,0,なし,28.26,NEW_REALM,2026-08-10
弓：完璧な狙撃手,0,なし,14883.6,NEW_REALM,2026-08-10
弓：標的照準,0,なし,75.36,NEW_REALM,2026-08-10
戦棒：均衡,0,なし,15.7,NEW_REALM,2026-08-10
戦棒：軽やかな身のこなし,0,なし,50.24,NEW_REALM,2026-08-10
戦棒：魔法武術の境地,0,なし,14130.0,NEW_REALM,2026-08-10
戦闘盾：光の守護者,0,なし,5022.429999999999,NEW_REALM,2026-08-10
戦闘盾：堅固な鎧,0,なし,62.8,NEW_REALM,2026-08-10
手懐けられたモネタ狼のサドル,0,なし,25.12,NEW_REALM,2026-08-10
杖：元素覚醒,0,なし,15700.0,NEW_REALM,2026-08-10
杖：魔力無視,0,なし,15.7,NEW_REALM,2026-08-10
武装したバイランの軍馬のサドル,0,なし,113.04,NEW_REALM,2026-08-10
流浪狼のサドル,0,なし,15.7,NEW_REALM,2026-08-10
灰色の夜明けのガントレット (未鑑定),0,未鑑定,72.22,NEW_REALM,2026-08-10
灰色の夜明けのガントレット (鑑定),0,鑑定,31.4,NEW_REALM,2026-08-10
灰色の夜明けのガントレット (鑑定),4,鑑定,157.0,NEW_REALM,2026-08-10
灰色の夜明けのガントレット (鑑定),5,鑑定,125.6,NEW_REALM,2026-08-10
灰色の夜明けのガントレット (鑑定),6,鑑定,464.72,NEW_REALM,2026-08-10
灰色の夜明けのガントレット (鑑定),7,鑑定,314.0,NEW_REALM,2026-08-10
灰色の夜明けのガントレット (鑑定),8,鑑定,748.89,NEW_REALM,2026-08-10
灰色の夜明けのクロスボウ (未鑑定),0,未鑑定,1000.09,NEW_REALM,2026-08-10
灰色の夜明けのクロスボウ (鑑定),0,鑑定,2350.29,NEW_REALM,2026-08-10
灰色の夜明けのクロスボウ (鑑定),10,鑑定,3874.76,NEW_REALM,2026-08-10
灰色の夜明けのクロスボウ (鑑定),7,鑑定,1990.76,NEW_REALM,2026-08-10
灰色の夜明けのクロスボウ (鑑定),8,鑑定,2667.43,NEW_REALM,2026-08-10
灰色の夜明けのグリーヴ (未鑑定),0,未鑑定,64.36999999999999,NEW_REALM,2026-08-10
灰色の夜明けのグリーヴ (鑑定),0,鑑定,153.86,NEW_REALM,2026-08-10
灰色の夜明けのグリーヴ (鑑定),5,鑑定,72.22,NEW_REALM,2026-08-10
灰色の夜明けのグリーヴ (鑑定),6,鑑定,73.78999999999999,NEW_REALM,2026-08-10
灰色の夜明けのグローブ (未鑑定),0,未鑑定,469.43,NEW_REALM,2026-08-10
灰色の夜明けのグローブ (鑑定),0,鑑定,153.86,NEW_REALM,2026-08-10
灰色の夜明けのグローブ (鑑定),5,鑑定,188.4,NEW_REALM,2026-08-10
灰色の夜明けのグローブ (鑑定),8,鑑定,785.0,NEW_REALM,2026-08-10
灰色の夜明けのサイド (未鑑定),0,未鑑定,2664.29,NEW_REALM,2026-08-10
灰色の夜明けのサイド (鑑定),8,鑑定,2441.35,NEW_REALM,2026-08-10
灰色の夜明けのネックレス,0,なし,1411.43,NEW_REALM,2026-08-10
灰色の夜明けのネックレス,20,なし,11459.429999999998,NEW_REALM,2026-08-10
灰色の夜明けのフード (鑑定),0,鑑定,78.5,NEW_REALM,2026-08-10
灰色の夜明けのフード (鑑定),5,鑑定,235.5,NEW_REALM,2026-08-10
灰色の夜明けのフード (鑑定),6,鑑定,243.35,NEW_REALM,2026-08-10
灰色の夜明けのフード (鑑定),8,鑑定,282.6,NEW_REALM,2026-08-10
灰色の夜明けのブレスレット,0,なし,471.0,NEW_REALM,2026-08-10
灰色の夜明けのヘルム (未鑑定),0,未鑑定,73.78999999999999,NEW_REALM,2026-08-10
灰色の夜明けのヘルム (鑑定),0,鑑定,78.5,NEW_REALM,2026-08-10
灰色の夜明けのヘルム (鑑定),4,鑑定,471.0,NEW_REALM,2026-08-10
灰色の夜明けのヘルム (鑑定),9,鑑定,659.4,NEW_REALM,2026-08-10
灰色の夜明けのベスト (未鑑定),0,未鑑定,312.43,NEW_REALM,2026-08-10
灰色の夜明けのベスト (鑑定),0,鑑定,78.5,NEW_REALM,2026-08-10
灰色の夜明けのベスト (鑑定),5,鑑定,408.2,NEW_REALM,2026-08-10
灰色の夜明けのベスト (鑑定),6,鑑定,157.0,NEW_REALM,2026-08-10
灰色の夜明けのベスト (鑑定),7,鑑定,312.43,NEW_REALM,2026-08-10
灰色の夜明けのベスト (鑑定),8,鑑定,628.0,NEW_REALM,2026-08-10
灰色の夜明けのベルト,15,なし,1020.5,NEW_REALM,2026-08-10
灰色の夜明けのリング,0,なし,547.9300000000001,NEW_REALM,2026-08-10
灰色の夜明けのリング,18,なし,1493.07,NEW_REALM,2026-08-10
灰色の夜明けのリング,20,なし,13345.0,NEW_REALM,2026-08-10
灰色の夜明けのレガース (未鑑定),0,未鑑定,48.67,NEW_REALM,2026-08-10
灰色の夜明けのレガース (鑑定),0,鑑定,102.05,NEW_REALM,2026-08-10
灰色の夜明けのレガース (鑑定),5,鑑定,155.43,NEW_REALM,2026-08-10
灰色の夜明けのレガース (鑑定),6,鑑定,157.0,NEW_REALM,2026-08-10
灰色の夜明けのレガース (鑑定),8,鑑定,392.5,NEW_REALM,2026-08-10
灰色の夜明けのローブ (鑑定),0,鑑定,89.49,NEW_REALM,2026-08-10
灰色の夜明けのローブ (鑑定),5,鑑定,62.8,NEW_REALM,2026-08-10
灰色の夜明けのローブ (鑑定),8,鑑定,480.42,NEW_REALM,2026-08-10
灰色の夜明けの剣/盾 (未鑑定),0,未鑑定,2045.71,NEW_REALM,2026-08-10
灰色の夜明けの剣/盾 (鑑定),8,鑑定,7033.599999999999,NEW_REALM,2026-08-10
灰色の夜明けの剣/盾 (鑑定),9,鑑定,9106.0,NEW_REALM,2026-08-10
灰色の夜明けの勇猛マント (未鑑定),0,未鑑定,392.5,NEW_REALM,2026-08-10
灰色の夜明けの勇猛マント (鑑定),0,鑑定,628.0,NEW_REALM,2026-08-10
灰色の夜明けの勇猛マント (鑑定),5,鑑定,2041.0,NEW_REALM,2026-08-10
灰色の夜明けの大剣 (未鑑定),0,未鑑定,839.9499999999999,NEW_REALM,2026-08-10
灰色の夜明けの大剣 (鑑定),8,鑑定,6276.86,NEW_REALM,2026-08-10
灰色の夜明けの布ズボン (未鑑定),0,未鑑定,36.11,NEW_REALM,2026-08-10
灰色の夜明けの布ズボン (鑑定),0,鑑定,109.9,NEW_REALM,2026-08-10
灰色の夜明けの布ズボン (鑑定),5,鑑定,91.06,NEW_REALM,2026-08-10
灰色の夜明けの布ズボン (鑑定),8,鑑定,1034.63,NEW_REALM,2026-08-10
灰色の夜明けの帽子 (未鑑定),0,未鑑定,31.4,NEW_REALM,2026-08-10
灰色の夜明けの帽子 (鑑定),0,鑑定,28.26,NEW_REALM,2026-08-10
灰色の夜明けの帽子 (鑑定),6,鑑定,130.31,NEW_REALM,2026-08-10
灰色の夜明けの帽子 (鑑定),8,鑑定,720.63,NEW_REALM,2026-08-10
灰色の夜明けの弓 (未鑑定),0,未鑑定,1742.7,NEW_REALM,2026-08-10
灰色の夜明けの弓 (鑑定),6,鑑定,2350.29,NEW_REALM,2026-08-10
灰色の夜明けの弓 (鑑定),8,鑑定,5024.0,NEW_REALM,2026-08-10
灰色の夜明けの戦棒 (未鑑定),0,未鑑定,1563.72,NEW_REALM,2026-08-10
灰色の夜明けの戦棒 (鑑定),0,鑑定,3925.0,NEW_REALM,2026-08-10
灰色の夜明けの戦棒 (鑑定),8,鑑定,2355.0,NEW_REALM,2026-08-10
灰色の夜明けの戦闘マント (未鑑定),0,未鑑定,532.23,NEW_REALM,2026-08-10
灰色の夜明けの戦闘マント (鑑定),0,鑑定,392.5,NEW_REALM,2026-08-10
灰色の夜明けの戦闘マント (鑑定),2,鑑定,1237.16,NEW_REALM,2026-08-10
灰色の夜明けの戦闘マント (鑑定),3,鑑定,711.21,NEW_REALM,2026-08-10
灰色の夜明けの戦闘盾 (未鑑定),0,未鑑定,736.33,NEW_REALM,2026-08-10
灰色の夜明けの戦闘盾 (鑑定),8,鑑定,1884.0,NEW_REALM,2026-08-10
灰色の夜明けの手甲 (未鑑定),0,未鑑定,21.98,NEW_REALM,2026-08-10
灰色の夜明けの手甲 (鑑定),0,鑑定,29.83,NEW_REALM,2026-08-10
灰色の夜明けの手甲 (鑑定),5,鑑定,155.43,NEW_REALM,2026-08-10
灰色の夜明けの手甲 (鑑定),6,鑑定,314.0,NEW_REALM,2026-08-10
灰色の夜明けの手甲 (鑑定),8,鑑定,405.06,NEW_REALM,2026-08-10
灰色の夜明けの杖 (未鑑定),0,未鑑定,1570.0,NEW_REALM,2026-08-10
灰色の夜明けの杖 (鑑定),0,鑑定,1648.5,NEW_REALM,2026-08-10
灰色の夜明けの杖 (鑑定),6,鑑定,2306.33,NEW_REALM,2026-08-10
灰色の夜明けの杖 (鑑定),8,鑑定,4556.14,NEW_REALM,2026-08-10
灰色の夜明けの短剣 (未鑑定),0,未鑑定,1727.0,NEW_REALM,2026-08-10
灰色の夜明けの短剣 (鑑定),8,鑑定,2670.57,NEW_REALM,2026-08-10
灰色の夜明けの短靴 (未鑑定),0,未鑑定,73.78999999999999,NEW_REALM,2026-08-10
灰色の夜明けの短靴 (鑑定),0,鑑定,54.95,NEW_REALM,2026-08-10
灰色の夜明けの短靴 (鑑定),10,鑑定,2587.36,NEW_REALM,2026-08-10
灰色の夜明けの短靴 (鑑定),6,鑑定,392.5,NEW_REALM,2026-08-10
灰色の夜明けの破壊マント (未鑑定),0,未鑑定,471.0,NEW_REALM,2026-08-10
灰色の夜明けの破壊マント (鑑定),0,鑑定,298.3,NEW_REALM,2026-08-10
灰色の夜明けの破壊マント (鑑定),3,鑑定,1554.3,NEW_REALM,2026-08-10
灰色の夜明けの籠手 (未鑑定),0,未鑑定,612.3,NEW_REALM,2026-08-10
灰色の夜明けの籠手 (鑑定),10,鑑定,2347.15,NEW_REALM,2026-08-10
灰色の夜明けの籠手 (鑑定),7,鑑定,628.0,NEW_REALM,2026-08-10
灰色の夜明けの籠手 (鑑定),8,鑑定,628.0,NEW_REALM,2026-08-10
灰色の夜明けの精霊マント (未鑑定),0,未鑑定,471.0,NEW_REALM,2026-08-10
灰色の夜明けの精霊マント (鑑定),0,鑑定,549.5,NEW_REALM,2026-08-10
灰色の夜明けの精霊マント (鑑定),2,鑑定,1413.0,NEW_REALM,2026-08-10
灰色の夜明けの鎧 (未鑑定),0,未鑑定,47.1,NEW_REALM,2026-08-10
灰色の夜明けの鎧 (鑑定),0,鑑定,18.84,NEW_REALM,2026-08-10
灰色の夜明けの鎧 (鑑定),10,鑑定,715.92,NEW_REALM,2026-08-10
灰色の夜明けの鎧 (鑑定),5,鑑定,189.97,NEW_REALM,2026-08-10
灰色の夜明けの鎧 (鑑定),7,鑑定,259.05,NEW_REALM,2026-08-10
灰色の夜明けの鎧 (鑑定),8,鑑定,503.97,NEW_REALM,2026-08-10
灰色の夜明けの鎧 (鑑定),9,鑑定,392.5,NEW_REALM,2026-08-10
灰色の夜明けの長靴 (未鑑定),0,未鑑定,15.7,NEW_REALM,2026-08-10
灰色の夜明けの長靴 (鑑定),0,鑑定,108.33,NEW_REALM,2026-08-10
灰色の夜明けの長靴 (鑑定),5,鑑定,124.03,NEW_REALM,2026-08-10
灰色の夜明けの革ズボン (未鑑定),0,未鑑定,45.53,NEW_REALM,2026-08-10
灰色の夜明けの革ズボン (鑑定),0,鑑定,18.84,NEW_REALM,2026-08-10
灰色の夜明けの革ズボン (鑑定),4,鑑定,667.25,NEW_REALM,2026-08-10
灰色の夜明けの革ズボン (鑑定),6,鑑定,439.6,NEW_REALM,2026-08-10
灰色の夜明けの革ズボン (鑑定),8,鑑定,706.5,NEW_REALM,2026-08-10
白い戦闘馬のサドル,0,なし,31.4,NEW_REALM,2026-08-10
短剣：再整備,0,なし,10205.0,NEW_REALM,2026-08-10
短剣：暗殺者の印,0,なし,76.92999999999999,NEW_REALM,2026-08-10
短剣：素早さ,0,なし,15.7,NEW_REALM,2026-08-10
聖戦士の軍馬のサドル,0,なし,62.8,NEW_REALM,2026-08-10
荒ぶる戦闘狼のサドル,0,なし,39.25,NEW_REALM,2026-08-10
青い戦闘馬のサドル,0,なし,87.92,NEW_REALM,2026-08-10
魔法使いの駿馬のサドル,0,なし,69.08,NEW_REALM,2026-08-10
黒い戦闘馬のサドル,0,なし,45.53,NEW_REALM,2026-08-10
黒棘のイヤリング,0,なし,1256.0,NEW_REALM,2026-08-10
黒棘のガントレット (未鑑定),0,未鑑定,47.1,NEW_REALM,2026-08-10
黒棘のガントレット (鑑定),0,鑑定,75.36,NEW_REALM,2026-08-10
黒棘のガントレット (鑑定),8,鑑定,1398.87,NEW_REALM,2026-08-10
黒棘のグリーヴ (鑑定),8,鑑定,843.09,NEW_REALM,2026-08-10
黒棘のグローブ (鑑定),0,鑑定,628.0,NEW_REALM,2026-08-10
黒棘のグローブ (鑑定),6,鑑定,392.5,NEW_REALM,2026-08-10
黒棘のグローブ (鑑定),7,鑑定,390.93,NEW_REALM,2026-08-10
黒棘のサイド (未鑑定),0,未鑑定,7693.0,NEW_REALM,2026-08-10
黒棘のサイド (鑑定),10,鑑定,13973.0,NEW_REALM,2026-08-10
黒棘のネックレス,0,なし,1805.5,NEW_REALM,2026-08-10
黒棘のネックレス,18,なし,6458.9800000000005,NEW_REALM,2026-08-10
黒棘のネックレス,20,なし,12569.42,NEW_REALM,2026-08-10
黒棘のフード (未鑑定),0,未鑑定,54.95,NEW_REALM,2026-08-10
黒棘のフード (鑑定),0,鑑定,51.81,NEW_REALM,2026-08-10
黒棘のフード (鑑定),5,鑑定,180.55,NEW_REALM,2026-08-10
黒棘のフード (鑑定),7,鑑定,1034.63,NEW_REALM,2026-08-10
黒棘のフード (鑑定),8,鑑定,392.5,NEW_REALM,2026-08-10
黒棘のヘルム (未鑑定),0,未鑑定,45.53,NEW_REALM,2026-08-10
黒棘のヘルム (鑑定),0,鑑定,34.54,NEW_REALM,2026-08-10
黒棘のヘルム (鑑定),6,鑑定,193.11,NEW_REALM,2026-08-10
黒棘のヘルム (鑑定),7,鑑定,265.33,NEW_REALM,2026-08-10
黒棘のヘルム (鑑定),8,鑑定,628.0,NEW_REALM,2026-08-10
黒棘のヘルム (鑑定),9,鑑定,785.0,NEW_REALM,2026-08-10
黒棘のベスト (未鑑定),0,未鑑定,502.4,NEW_REALM,2026-08-10
黒棘のベスト (鑑定),9,鑑定,1413.0,NEW_REALM,2026-08-10
黒棘のベルト,0,なし,395.64,NEW_REALM,2026-08-10
黒棘のベルト,10,なし,628.0,NEW_REALM,2026-08-10
黒棘のベルト,13,なし,1884.0,NEW_REALM,2026-08-10
黒棘のリング,0,なし,626.4300000000001,NEW_REALM,2026-08-10
黒棘のリング,13,なし,1083.3,NEW_REALM,2026-08-10
黒棘のリング,15,なし,1884.0,NEW_REALM,2026-08-10
黒棘のリング,17,なし,1256.0,NEW_REALM,2026-08-10
黒棘のレガース (未鑑定),0,未鑑定,76.92999999999999,NEW_REALM,2026-08-10
黒棘のレガース (鑑定),0,鑑定,78.5,NEW_REALM,2026-08-10
黒棘のレガース (鑑定),8,鑑定,549.5,NEW_REALM,2026-08-10
黒棘の勇猛マント (未鑑定),0,未鑑定,453.73,NEW_REALM,2026-08-10
黒棘の大剣 (未鑑定),0,未鑑定,1810.21,NEW_REALM,2026-08-10
黒棘の布ズボン (鑑定),0,鑑定,62.8,NEW_REALM,2026-08-10
黒棘の布ズボン (鑑定),8,鑑定,2355.0,NEW_REALM,2026-08-10
黒棘の帽子 (未鑑定),0,未鑑定,81.64,NEW_REALM,2026-08-10
黒棘の帽子 (鑑定),0,鑑定,92.63,NEW_REALM,2026-08-10
黒棘の帽子 (鑑定),5,鑑定,251.2,NEW_REALM,2026-08-10
黒棘の帽子 (鑑定),6,鑑定,78.5,NEW_REALM,2026-08-10
黒棘の弓 (未鑑定),0,未鑑定,4915.67,NEW_REALM,2026-08-10
黒棘の弓 (鑑定),0,鑑定,8635.0,NEW_REALM,2026-08-10
黒棘の戦闘マント (未鑑定),0,未鑑定,612.3,NEW_REALM,2026-08-10
黒棘の戦闘盾 (未鑑定),0,未鑑定,1624.95,NEW_REALM,2026-08-10
黒棘の戦闘盾 (鑑定),0,鑑定,2198.0,NEW_REALM,2026-08-10
黒棘の戦闘盾 (鑑定),7,鑑定,1538.6,NEW_REALM,2026-08-10
黒棘の戦闘盾 (鑑定),8,鑑定,1570.0,NEW_REALM,2026-08-10
黒棘の手甲 (未鑑定),0,未鑑定,78.5,NEW_REALM,2026-08-10
黒棘の手甲 (鑑定),0,鑑定,314.0,NEW_REALM,2026-08-10
黒棘の杖 (未鑑定),0,未鑑定,3454.0,NEW_REALM,2026-08-10
黒棘の杖 (鑑定),10,鑑定,10676.0,NEW_REALM,2026-08-10
黒棘の短剣 (未鑑定),0,未鑑定,2355.0,NEW_REALM,2026-08-10
黒棘の短靴 (未鑑定),0,未鑑定,103.62,NEW_REALM,2026-08-10
黒棘の破壊マント (未鑑定),0,未鑑定,423.9,NEW_REALM,2026-08-10
黒棘の破壊マント (鑑定),2,鑑定,2355.0,NEW_REALM,2026-08-10
黒棘の籠手 (未鑑定),0,未鑑定,471.0,NEW_REALM,2026-08-10
黒棘の籠手 (鑑定),10,鑑定,4710.0,NEW_REALM,2026-08-10
黒棘の精霊マント (未鑑定),0,未鑑定,408.2,NEW_REALM,2026-08-10
黒棘の精霊マント (鑑定),0,鑑定,471.0,NEW_REALM,2026-08-10
黒棘の鎧 (未鑑定),0,未鑑定,141.3,NEW_REALM,2026-08-10
黒棘の鎧 (鑑定),0,鑑定,62.8,NEW_REALM,2026-08-10
黒棘の鎧 (鑑定),6,鑑定,61.23,NEW_REALM,2026-08-10
黒棘の長靴 (未鑑定),0,未鑑定,47.1,NEW_REALM,2026-08-10
黒棘の長靴 (鑑定),0,鑑定,157.0,NEW_REALM,2026-08-10
黒棘の革ズボン (未鑑定),0,未鑑定,73.78999999999999,NEW_REALM,2026-08-10
黒棘の革ズボン (鑑定),0,鑑定,314.0,NEW_REALM,2026-08-10
黒棘の革ズボン (鑑定),10,鑑定,3505.81,NEW_REALM,2026-08-10
黒棘の革ズボン (鑑定),8,鑑定,486.7,NEW_REALM,2026-08-10
1段階10番培養細胞ボックス(10個),0,なし,973.4,OLD_REALM,2026-08-10
1段階10番培養細胞箱(10個),0,なし,15.7,OLD_REALM,2026-08-10
1段階11番培養細胞箱(10個),0,なし,15.7,OLD_REALM,2026-08-10
1段階12番培養細胞箱(10個),0,なし,20.41,OLD_REALM,2026-08-10
1段階13番培養細胞箱(10個),0,なし,131.88,OLD_REALM,2026-08-10
1段階14番培養細胞箱(10個),0,なし,612.3,OLD_REALM,2026-08-10
1段階15番培養細胞箱(10個),0,なし,2775.76,OLD_REALM,2026-08-10
1段階16番培養細胞箱(5個),0,なし,5177.86,OLD_REALM,2026-08-10
1段階1番培養細胞ボックス(10個),0,なし,15.7,OLD_REALM,2026-08-10
1段階1番培養細胞箱(10個),0,なし,15.7,OLD_REALM,2026-08-10
1段階2番培養細胞箱(10個),0,なし,15.7,OLD_REALM,2026-08-10
1段階3番培養細胞箱(10個),0,なし,15.7,OLD_REALM,2026-08-10
1段階4番培養細胞箱(10個),0,なし,15.7,OLD_REALM,2026-08-10
1段階5番培養細胞箱(10個),0,なし,15.7,OLD_REALM,2026-08-10
1段階6番培養細胞箱(10個),0,なし,15.7,OLD_REALM,2026-08-10
1段階7番培養細胞ボックス(10個),0,なし,389.36,OLD_REALM,2026-08-10
1段階7番培養細胞箱(10個),0,なし,15.7,OLD_REALM,2026-08-10
1段階8番培養細胞箱(10個),0,なし,15.7,OLD_REALM,2026-08-10
1段階9番培養細胞箱(10個),0,なし,15.7,OLD_REALM,2026-08-10
"1段階時の欠片箱(1,000個)",0,なし,15.7,OLD_REALM,2026-08-10
"1段階没落の残滓(100,000個)",0,なし,23.55,OLD_REALM,2026-08-10
1段階腐食した亀裂石箱(50個),0,なし,2433.5,OLD_REALM,2026-08-10
1段階錬金術触媒箱(100個),0,なし,15.7,OLD_REALM,2026-08-10
2段階10番培養細胞箱(50個),0,なし,15.7,OLD_REALM,2026-08-10
2段階11番培養細胞箱(50個),0,なし,105.19,OLD_REALM,2026-08-10
2段階12番培養細胞箱(50個),0,なし,119.32,OLD_REALM,2026-08-10
2段階13番培養細胞箱(50個),0,なし,838.38,OLD_REALM,2026-08-10
2段階16番培養細胞箱(10個),0,なし,7065.0,OLD_REALM,2026-08-10
2段階1番培養細胞箱(50個),0,なし,15.7,OLD_REALM,2026-08-10
2段階2番培養細胞箱(50個),0,なし,15.7,OLD_REALM,2026-08-10
2段階3番培養細胞箱(50個),0,なし,15.7,OLD_REALM,2026-08-10
2段階4番培養細胞箱(50個),0,なし,15.7,OLD_REALM,2026-08-10
2段階5番培養細胞箱(50個),0,なし,15.7,OLD_REALM,2026-08-10
2段階6番培養細胞箱(50個),0,なし,15.7,OLD_REALM,2026-08-10
2段階7番培養細胞箱(50個),0,なし,15.7,OLD_REALM,2026-08-10
2段階8番培養細胞箱(50個),0,なし,15.7,OLD_REALM,2026-08-10
2段階9番培養細胞箱(50個),0,なし,15.7,OLD_REALM,2026-08-10
"2段階時の欠片箱(5,000個)",0,なし,43.96,OLD_REALM,2026-08-10
"2段階没落の残滓(500,000個)",0,なし,106.76,OLD_REALM,2026-08-10
2段階錬金術触媒箱(500個),0,なし,42.39,OLD_REALM,2026-08-10
3段階10番培養細胞箱(100個),0,なし,15.7,OLD_REALM,2026-08-10
3段階11番培養細胞箱(100個),0,なし,248.06,OLD_REALM,2026-08-10
3段階12番培養細胞箱(100個),0,なし,314.0,OLD_REALM,2026-08-10
3段階13番培養細胞箱(100個),0,なし,1962.5,OLD_REALM,2026-08-10
3段階1番培養細胞箱(100個),0,なし,15.7,OLD_REALM,2026-08-10
3段階2番培養細胞箱(100個),0,なし,15.7,OLD_REALM,2026-08-10
3段階3番培養細胞箱(100個),0,なし,15.7,OLD_REALM,2026-08-10
3段階4番培養細胞箱(100個),0,なし,15.7,OLD_REALM,2026-08-10
3段階5番培養細胞箱(100個),0,なし,15.7,OLD_REALM,2026-08-10
3段階6番培養細胞箱(100個),0,なし,15.7,OLD_REALM,2026-08-10
3段階7番培養細胞箱(100個),0,なし,15.7,OLD_REALM,2026-08-10
3段階8番培養細胞箱(100個),0,なし,15.7,OLD_REALM,2026-08-10
3段階9番培養細胞箱(100個),0,なし,15.7,OLD_REALM,2026-08-10
"3段階時の欠片箱(10,000個)",0,なし,87.92,OLD_REALM,2026-08-10
"3段階没落の残滓(1,000,000個)",0,なし,211.95,OLD_REALM,2026-08-10
"3段階錬金術触媒箱(1,000個)",0,なし,15.7,OLD_REALM,2026-08-10
"4段階時の欠片箱(50,000個)",0,なし,497.69,OLD_REALM,2026-08-10
"5段階時の欠片箱(100,000個)",0,なし,1006.37,OLD_REALM,2026-08-10
アイサの勇猛マント (未鑑定),0,未鑑定,67.51,OLD_REALM,2026-08-10
アイサの勇猛マント (鑑定),0,鑑定,640.5600000000001,OLD_REALM,2026-08-10
アイサの勇猛マント (鑑定),4,鑑定,767.7299999999999,OLD_REALM,2026-08-10
アイサの勇猛マント (鑑定),5,鑑定,5173.150000000001,OLD_REALM,2026-08-10
アイサの戦闘マント (未鑑定),0,未鑑定,103.62,OLD_REALM,2026-08-10
アイサの戦闘マント (鑑定),0,鑑定,157.0,OLD_REALM,2026-08-10
アイサの戦闘マント (鑑定),3,鑑定,279.46,OLD_REALM,2026-08-10
アイサの戦闘マント (鑑定),5,鑑定,775.58,OLD_REALM,2026-08-10
アイサの破壊マント (未鑑定),0,未鑑定,89.49,OLD_REALM,2026-08-10
アイサの破壊マント (鑑定),2,鑑定,309.29,OLD_REALM,2026-08-10
アイサの破壊マント (鑑定),5,鑑定,2588.93,OLD_REALM,2026-08-10
アイサの破壊マント (鑑定),6,鑑定,5176.29,OLD_REALM,2026-08-10
アイサの籠手 (未鑑定),0,未鑑定,196.25,OLD_REALM,2026-08-10
アイサの籠手 (鑑定),0,鑑定,188.4,OLD_REALM,2026-08-10
アイサの籠手 (鑑定),10,鑑定,1727.0,OLD_REALM,2026-08-10
アイサの籠手 (鑑定),7,鑑定,186.83,OLD_REALM,2026-08-10
アイサの籠手 (鑑定),8,鑑定,505.54,OLD_REALM,2026-08-10
アイサの籠手 (鑑定),9,鑑定,1549.59,OLD_REALM,2026-08-10
アイサの精霊マント (未鑑定),0,未鑑定,78.5,OLD_REALM,2026-08-10
アイサの精霊マント (鑑定),2,鑑定,628.0,OLD_REALM,2026-08-10
アイサの精霊マント (鑑定),3,鑑定,766.16,OLD_REALM,2026-08-10
アイサの精霊マント (鑑定),5,鑑定,533.8,OLD_REALM,2026-08-10
アイサの精霊マント (鑑定),6,鑑定,1570.0,OLD_REALM,2026-08-10
アイサガントレット (未鑑定),0,未鑑定,51.81,OLD_REALM,2026-08-10
アイサガントレット (鑑定),5,鑑定,178.98,OLD_REALM,2026-08-10
アイサガントレット (鑑定),6,鑑定,303.01,OLD_REALM,2026-08-10
アイサガントレット (鑑定),8,鑑定,1097.43,OLD_REALM,2026-08-10
アイサクロスボウ (未鑑定),0,未鑑定,783.4300000000001,OLD_REALM,2026-08-10
アイサクロスボウ (鑑定),0,鑑定,1020.5,OLD_REALM,2026-08-10
アイサクロスボウ (鑑定),10,鑑定,4463.51,OLD_REALM,2026-08-10
アイサクロスボウ (鑑定),8,鑑定,1099.0,OLD_REALM,2026-08-10
アイサグリーヴ (未鑑定),0,未鑑定,15.7,OLD_REALM,2026-08-10
アイサグリーヴ (鑑定),0,鑑定,216.66,OLD_REALM,2026-08-10
アイサグリーヴ (鑑定),5,鑑定,157.0,OLD_REALM,2026-08-10
アイサグリーヴ (鑑定),6,鑑定,216.66,OLD_REALM,2026-08-10
アイサグリーヴ (鑑定),7,鑑定,312.43,OLD_REALM,2026-08-10
アイサグリーヴ (鑑定),8,鑑定,485.13,OLD_REALM,2026-08-10
アイサグローブ (未鑑定),0,未鑑定,15.7,OLD_REALM,2026-08-10
アイサグローブ (鑑定),0,鑑定,47.1,OLD_REALM,2026-08-10
アイサグローブ (鑑定),4,鑑定,157.0,OLD_REALM,2026-08-10
アイサグローブ (鑑定),6,鑑定,188.4,OLD_REALM,2026-08-10
アイサグローブ (鑑定),7,鑑定,188.4,OLD_REALM,2026-08-10
アイサグローブ (鑑定),8,鑑定,246.49,OLD_REALM,2026-08-10
アイササイド (未鑑定),0,未鑑定,2559.1,OLD_REALM,2026-08-10
アイササイド (鑑定),0,鑑定,8281.75,OLD_REALM,2026-08-10
アイササイド (鑑定),10,鑑定,7065.0,OLD_REALM,2026-08-10
アイササイド (鑑定),7,鑑定,1884.0,OLD_REALM,2026-08-10
アイササイド (鑑定),8,鑑定,1884.0,OLD_REALM,2026-08-10
アイサフード (未鑑定),0,未鑑定,28.26,OLD_REALM,2026-08-10
アイサフード (鑑定),5,鑑定,78.5,OLD_REALM,2026-08-10
アイサフード (鑑定),6,鑑定,109.9,OLD_REALM,2026-08-10
アイサヘルム (未鑑定),0,未鑑定,15.7,OLD_REALM,2026-08-10
アイサヘルム (鑑定),0,鑑定,76.92999999999999,OLD_REALM,2026-08-10
アイサヘルム (鑑定),5,鑑定,28.26,OLD_REALM,2026-08-10
アイサヘルム (鑑定),6,鑑定,47.1,OLD_REALM,2026-08-10
アイサヘルム (鑑定),7,鑑定,307.72,OLD_REALM,2026-08-10
アイサヘルム (鑑定),8,鑑定,386.22,OLD_REALM,2026-08-10
アイサヘルム (鑑定),9,鑑定,626.4300000000001,OLD_REALM,2026-08-10
アイサベスト (未鑑定),0,未鑑定,109.9,OLD_REALM,2026-08-10
アイサベスト (鑑定),0,鑑定,277.89,OLD_REALM,2026-08-10
アイサベスト (鑑定),6,鑑定,219.8,OLD_REALM,2026-08-10
アイサベスト (鑑定),7,鑑定,357.96,OLD_REALM,2026-08-10
アイサベスト (鑑定),8,鑑定,1097.43,OLD_REALM,2026-08-10
アイサレガース (未鑑定),0,未鑑定,29.83,OLD_REALM,2026-08-10
アイサレガース (鑑定),0,鑑定,155.43,OLD_REALM,2026-08-10
アイサレガース (鑑定),5,鑑定,157.0,OLD_REALM,2026-08-10
アイサレガース (鑑定),6,鑑定,153.86,OLD_REALM,2026-08-10
アイサレガース (鑑定),7,鑑定,188.4,OLD_REALM,2026-08-10
アイサレガース (鑑定),8,鑑定,376.8,OLD_REALM,2026-08-10
アイサレガース (鑑定),9,鑑定,576.1899999999999,OLD_REALM,2026-08-10
アイサローブ (未鑑定),0,未鑑定,34.54,OLD_REALM,2026-08-10
アイサローブ (鑑定),0,鑑定,36.11,OLD_REALM,2026-08-10
アイサローブ (鑑定),5,鑑定,62.8,OLD_REALM,2026-08-10
アイサローブ (鑑定),6,鑑定,157.0,OLD_REALM,2026-08-10
アイサローブ (鑑定),7,鑑定,510.25,OLD_REALM,2026-08-10
アイサローブ (鑑定),8,鑑定,471.0,OLD_REALM,2026-08-10
アイサローブ (鑑定),9,鑑定,1094.29,OLD_REALM,2026-08-10
アイサ剣/盾 (未鑑定),0,未鑑定,769.3000000000001,OLD_REALM,2026-08-10
アイサ剣/盾 (鑑定),0,鑑定,723.7700000000001,OLD_REALM,2026-08-10
アイサ剣/盾 (鑑定),10,鑑定,2865.25,OLD_REALM,2026-08-10
アイサ剣/盾 (鑑定),7,鑑定,1256.0,OLD_REALM,2026-08-10
アイサ剣/盾 (鑑定),8,鑑定,1884.0,OLD_REALM,2026-08-10
アイサ大剣 (未鑑定),0,未鑑定,612.3,OLD_REALM,2026-08-10
アイサ大剣 (鑑定),0,鑑定,543.22,OLD_REALM,2026-08-10
アイサ大剣 (鑑定),8,鑑定,1851.03,OLD_REALM,2026-08-10
アイサ布ズボン (未鑑定),0,未鑑定,15.7,OLD_REALM,2026-08-10
アイサ布ズボン (鑑定),0,鑑定,94.2,OLD_REALM,2026-08-10
アイサ布ズボン (鑑定),4,鑑定,193.11,OLD_REALM,2026-08-10
アイサ布ズボン (鑑定),5,鑑定,204.1,OLD_REALM,2026-08-10
アイサ布ズボン (鑑定),6,鑑定,133.45,OLD_REALM,2026-08-10
アイサ帽子 (未鑑定),0,未鑑定,29.83,OLD_REALM,2026-08-10
アイサ帽子 (鑑定),0,鑑定,51.81,OLD_REALM,2026-08-10
アイサ帽子 (鑑定),5,鑑定,51.81,OLD_REALM,2026-08-10
アイサ帽子 (鑑定),6,鑑定,51.81,OLD_REALM,2026-08-10
アイサ帽子 (鑑定),7,鑑定,157.0,OLD_REALM,2026-08-10
アイサ帽子 (鑑定),8,鑑定,392.5,OLD_REALM,2026-08-10
アイサ帽子 (鑑定),9,鑑定,1099.0,OLD_REALM,2026-08-10
アイサ弓 (未鑑定),0,未鑑定,1135.11,OLD_REALM,2026-08-10
アイサ弓 (鑑定),10,鑑定,2669.0,OLD_REALM,2026-08-10
アイサ弓 (鑑定),7,鑑定,1475.8,OLD_REALM,2026-08-10
アイサ弓 (鑑定),8,鑑定,1570.0,OLD_REALM,2026-08-10
アイサ戦棒 (未鑑定),0,未鑑定,1067.6,OLD_REALM,2026-08-10
アイサ戦棒 (鑑定),0,鑑定,1281.12,OLD_REALM,2026-08-10
アイサ戦棒 (鑑定),10,鑑定,7642.76,OLD_REALM,2026-08-10
アイサ戦棒 (鑑定),8,鑑定,1099.0,OLD_REALM,2026-08-10
アイサ戦闘盾 (未鑑定),0,未鑑定,467.86,OLD_REALM,2026-08-10
アイサ戦闘盾 (鑑定),0,鑑定,463.15,OLD_REALM,2026-08-10
アイサ戦闘盾 (鑑定),10,鑑定,1884.0,OLD_REALM,2026-08-10
アイサ戦闘盾 (鑑定),12,鑑定,16824.12,OLD_REALM,2026-08-10
アイサ戦闘盾 (鑑定),7,鑑定,2100.6600000000003,OLD_REALM,2026-08-10
アイサ戦闘盾 (鑑定),8,鑑定,1913.83,OLD_REALM,2026-08-10
アイサ手甲 (未鑑定),0,未鑑定,15.7,OLD_REALM,2026-08-10
アイサ手甲 (鑑定),0,鑑定,51.81,OLD_REALM,2026-08-10
アイサ手甲 (鑑定),10,鑑定,384.65,OLD_REALM,2026-08-10
アイサ手甲 (鑑定),5,鑑定,47.1,OLD_REALM,2026-08-10
アイサ手甲 (鑑定),6,鑑定,130.31,OLD_REALM,2026-08-10
アイサ手甲 (鑑定),7,鑑定,243.35,OLD_REALM,2026-08-10
アイサ手甲 (鑑定),8,鑑定,266.9,OLD_REALM,2026-08-10
アイサ杖 (未鑑定),0,未鑑定,621.72,OLD_REALM,2026-08-10
アイサ杖 (鑑定),0,鑑定,706.5,OLD_REALM,2026-08-10
アイサ杖 (鑑定),10,鑑定,3359.8,OLD_REALM,2026-08-10
アイサ杖 (鑑定),11,鑑定,3105.46,OLD_REALM,2026-08-10
アイサ杖 (鑑定),7,鑑定,1293.68,OLD_REALM,2026-08-10
アイサ杖 (鑑定),8,鑑定,1223.03,OLD_REALM,2026-08-10
アイサ短剣 (未鑑定),0,未鑑定,1004.8,OLD_REALM,2026-08-10
アイサ短剣 (鑑定),10,鑑定,4631.5,OLD_REALM,2026-08-10
アイサ短剣 (鑑定),8,鑑定,2587.36,OLD_REALM,2026-08-10
アイサ短靴 (未鑑定),0,未鑑定,15.7,OLD_REALM,2026-08-10
アイサ短靴 (鑑定),0,鑑定,37.68,OLD_REALM,2026-08-10
アイサ短靴 (鑑定),5,鑑定,21.98,OLD_REALM,2026-08-10
アイサ短靴 (鑑定),6,鑑定,109.9,OLD_REALM,2026-08-10
アイサ短靴 (鑑定),7,鑑定,312.43,OLD_REALM,2026-08-10
アイサ短靴 (鑑定),8,鑑定,467.86,OLD_REALM,2026-08-10
アイサ鎧 (未鑑定),0,未鑑定,78.5,OLD_REALM,2026-08-10
アイサ鎧 (鑑定),9,鑑定,6908.0,OLD_REALM,2026-08-10
アイサ長靴 (未鑑定),0,未鑑定,15.7,OLD_REALM,2026-08-10
アイサ長靴 (鑑定),0,鑑定,25.12,OLD_REALM,2026-08-10
アイサ長靴 (鑑定),5,鑑定,15.7,OLD_REALM,2026-08-10
アイサ長靴 (鑑定),6,鑑定,47.1,OLD_REALM,2026-08-10
アイサ長靴 (鑑定),7,鑑定,249.63,OLD_REALM,2026-08-10
アイサ長靴 (鑑定),8,鑑定,309.29,OLD_REALM,2026-08-10
アイサ長靴 (鑑定),9,鑑定,706.5,OLD_REALM,2026-08-10
アイサ革ズボン (未鑑定),0,未鑑定,15.7,OLD_REALM,2026-08-10
アイサ革ズボン (鑑定),0,鑑定,18.84,OLD_REALM,2026-08-10
アイサ革ズボン (鑑定),5,鑑定,15.7,OLD_REALM,2026-08-10
アイサ革ズボン (鑑定),6,鑑定,47.1,OLD_REALM,2026-08-10
アイサ革ズボン (鑑定),7,鑑定,205.67,OLD_REALM,2026-08-10
アイサ革ズボン (鑑定),8,鑑定,785.0,OLD_REALM,2026-08-10
アザム・ヒサンのイヤリング,0,なし,467.86,OLD_REALM,2026-08-10
アザム・ヒサンのガントレット (未鑑定),0,未鑑定,15.7,OLD_REALM,2026-08-10
アザム・ヒサンのガントレット (鑑定),0,鑑定,78.5,OLD_REALM,2026-08-10
アザム・ヒサンのガントレット (鑑定),5,鑑定,47.1,OLD_REALM,2026-08-10
アザム・ヒサンのガントレット (鑑定),6,鑑定,255.91,OLD_REALM,2026-08-10
アザム・ヒサンのガントレット (鑑定),7,鑑定,141.3,OLD_REALM,2026-08-10
アザム・ヒサンのガントレット (鑑定),8,鑑定,361.1,OLD_REALM,2026-08-10
アザム・ヒサンのクロスボウ (未鑑定),0,未鑑定,84.78,OLD_REALM,2026-08-10
アザム・ヒサンのクロスボウ (鑑定),0,鑑定,62.8,OLD_REALM,2026-08-10
アザム・ヒサンのクロスボウ (鑑定),10,鑑定,425.47,OLD_REALM,2026-08-10
アザム・ヒサンのクロスボウ (鑑定),11,鑑定,905.89,OLD_REALM,2026-08-10
アザム・ヒサンのクロスボウ (鑑定),12,鑑定,2587.36,OLD_REALM,2026-08-10
アザム・ヒサンのクロスボウ (鑑定),13,鑑定,15700.0,OLD_REALM,2026-08-10
アザム・ヒサンのクロスボウ (鑑定),7,鑑定,91.06,OLD_REALM,2026-08-10
アザム・ヒサンのクロスボウ (鑑定),8,鑑定,141.3,OLD_REALM,2026-08-10
アザム・ヒサンのクロスボウ (鑑定),9,鑑定,376.8,OLD_REALM,2026-08-10
アザム・ヒサンのグリーヴ (未鑑定),0,未鑑定,15.7,OLD_REALM,2026-08-10
アザム・ヒサンのグリーヴ (鑑定),0,鑑定,15.7,OLD_REALM,2026-08-10
アザム・ヒサンのグリーヴ (鑑定),10,鑑定,219.8,OLD_REALM,2026-08-10
アザム・ヒサンのグリーヴ (鑑定),11,鑑定,471.0,OLD_REALM,2026-08-10
アザム・ヒサンのグリーヴ (鑑定),5,鑑定,15.7,OLD_REALM,2026-08-10
アザム・ヒサンのグリーヴ (鑑定),6,鑑定,23.55,OLD_REALM,2026-08-10
アザム・ヒサンのグリーヴ (鑑定),7,鑑定,83.21000000000001,OLD_REALM,2026-08-10
アザム・ヒサンのグリーヴ (鑑定),8,鑑定,125.6,OLD_REALM,2026-08-10
アザム・ヒサンのグリーヴ (鑑定),9,鑑定,235.5,OLD_REALM,2026-08-10
アザム・ヒサンのグローブ (未鑑定),0,未鑑定,15.7,OLD_REALM,2026-08-10
アザム・ヒサンのグローブ (鑑定),0,鑑定,15.7,OLD_REALM,2026-08-10
アザム・ヒサンのグローブ (鑑定),10,鑑定,235.5,OLD_REALM,2026-08-10
アザム・ヒサンのグローブ (鑑定),11,鑑定,846.2299999999999,OLD_REALM,2026-08-10
アザム・ヒサンのグローブ (鑑定),12,鑑定,1413.0,OLD_REALM,2026-08-10
アザム・ヒサンのグローブ (鑑定),5,鑑定,15.7,OLD_REALM,2026-08-10
アザム・ヒサンのグローブ (鑑定),6,鑑定,102.05,OLD_REALM,2026-08-10
アザム・ヒサンのグローブ (鑑定),7,鑑定,76.92999999999999,OLD_REALM,2026-08-10
アザム・ヒサンのグローブ (鑑定),8,鑑定,141.3,OLD_REALM,2026-08-10
アザム・ヒサンのグローブ (鑑定),9,鑑定,125.6,OLD_REALM,2026-08-10
アザム・ヒサンのサイド (未鑑定),0,未鑑定,486.7,OLD_REALM,2026-08-10
アザム・ヒサンのサイド (鑑定),0,鑑定,471.0,OLD_REALM,2026-08-10
アザム・ヒサンのサイド (鑑定),10,鑑定,1727.0,OLD_REALM,2026-08-10
アザム・ヒサンのサイド (鑑定),12,鑑定,10352.58,OLD_REALM,2026-08-10
アザム・ヒサンのサイド (鑑定),6,鑑定,1405.15,OLD_REALM,2026-08-10
アザム・ヒサンのサイド (鑑定),7,鑑定,785.0,OLD_REALM,2026-08-10
アザム・ヒサンのサイド (鑑定),8,鑑定,626.4300000000001,OLD_REALM,2026-08-10
アザム・ヒサンのサイド (鑑定),9,鑑定,1288.97,OLD_REALM,2026-08-10
アザム・ヒサンのフード (未鑑定),0,未鑑定,15.7,OLD_REALM,2026-08-10
アザム・ヒサンのフード (鑑定),0,鑑定,15.7,OLD_REALM,2026-08-10
アザム・ヒサンのフード (鑑定),10,鑑定,219.8,OLD_REALM,2026-08-10
アザム・ヒサンのフード (鑑定),11,鑑定,1827.48,OLD_REALM,2026-08-10
アザム・ヒサンのフード (鑑定),4,鑑定,15.7,OLD_REALM,2026-08-10
アザム・ヒサンのフード (鑑定),5,鑑定,15.7,OLD_REALM,2026-08-10
アザム・ヒサンのフード (鑑定),6,鑑定,15.7,OLD_REALM,2026-08-10
アザム・ヒサンのフード (鑑定),7,鑑定,69.08,OLD_REALM,2026-08-10
アザム・ヒサンのフード (鑑定),8,鑑定,87.92,OLD_REALM,2026-08-10
アザム・ヒサンのフード (鑑定),9,鑑定,172.70000000000002,OLD_REALM,2026-08-10
アザム・ヒサンのブレスレット,0,なし,328.13,OLD_REALM,2026-08-10
アザム・ヒサンのヘルム (未鑑定),0,未鑑定,15.7,OLD_REALM,2026-08-10
アザム・ヒサンのヘルム (鑑定),0,鑑定,15.7,OLD_REALM,2026-08-10
アザム・ヒサンのヘルム (鑑定),10,鑑定,314.0,OLD_REALM,2026-08-10
アザム・ヒサンのヘルム (鑑定),11,鑑定,723.7700000000001,OLD_REALM,2026-08-10
アザム・ヒサンのヘルム (鑑定),5,鑑定,15.7,OLD_REALM,2026-08-10
アザム・ヒサンのヘルム (鑑定),6,鑑定,18.84,OLD_REALM,2026-08-10
アザム・ヒサンのヘルム (鑑定),8,鑑定,124.03,OLD_REALM,2026-08-10
アザム・ヒサンのベスト (未鑑定),0,未鑑定,15.7,OLD_REALM,2026-08-10
アザム・ヒサンのベスト (鑑定),0,鑑定,15.7,OLD_REALM,2026-08-10
アザム・ヒサンのベスト (鑑定),10,鑑定,348.54,OLD_REALM,2026-08-10
アザム・ヒサンのベスト (鑑定),11,鑑定,502.4,OLD_REALM,2026-08-10
アザム・ヒサンのベスト (鑑定),4,鑑定,15.7,OLD_REALM,2026-08-10
アザム・ヒサンのベスト (鑑定),5,鑑定,15.7,OLD_REALM,2026-08-10
アザム・ヒサンのベスト (鑑定),6,鑑定,31.4,OLD_REALM,2026-08-10
アザム・ヒサンのベスト (鑑定),7,鑑定,117.75,OLD_REALM,2026-08-10
アザム・ヒサンのベスト (鑑定),8,鑑定,135.02,OLD_REALM,2026-08-10
アザム・ヒサンのレガース (未鑑定),0,未鑑定,20.41,OLD_REALM,2026-08-10
アザム・ヒサンのレガース (鑑定),0,鑑定,62.8,OLD_REALM,2026-08-10
アザム・ヒサンのレガース (鑑定),5,鑑定,15.7,OLD_REALM,2026-08-10
アザム・ヒサンのレガース (鑑定),6,鑑定,62.8,OLD_REALM,2026-08-10
アザム・ヒサンのレガース (鑑定),7,鑑定,317.14,OLD_REALM,2026-08-10
アザム・ヒサンのレガース (鑑定),8,鑑定,392.5,OLD_REALM,2026-08-10
アザム・ヒサンのレガース (鑑定),9,鑑定,1570.0,OLD_REALM,2026-08-10
アザム・ヒサンのローブ (未鑑定),0,未鑑定,15.7,OLD_REALM,2026-08-10
アザム・ヒサンのローブ (鑑定),0,鑑定,15.7,OLD_REALM,2026-08-10
アザム・ヒサンのローブ (鑑定),10,鑑定,354.82,OLD_REALM,2026-08-10
アザム・ヒサンのローブ (鑑定),11,鑑定,514.9599999999999,OLD_REALM,2026-08-10
アザム・ヒサンのローブ (鑑定),12,鑑定,2565.38,OLD_REALM,2026-08-10
アザム・ヒサンのローブ (鑑定),4,鑑定,15.7,OLD_REALM,2026-08-10
アザム・ヒサンのローブ (鑑定),5,鑑定,15.7,OLD_REALM,2026-08-10
アザム・ヒサンのローブ (鑑定),6,鑑定,37.68,OLD_REALM,2026-08-10
アザム・ヒサンのローブ (鑑定),7,鑑定,158.57,OLD_REALM,2026-08-10
アザム・ヒサンのローブ (鑑定),8,鑑定,157.0,OLD_REALM,2026-08-10
アザム・ヒサンのローブ (鑑定),9,鑑定,434.89,OLD_REALM,2026-08-10
アザム・ヒサンの剣/盾 (未鑑定),0,未鑑定,100.48,OLD_REALM,2026-08-10
アザム・ヒサンの剣/盾 (鑑定),0,鑑定,92.63,OLD_REALM,2026-08-10
アザム・ヒサンの剣/盾 (鑑定),10,鑑定,626.4300000000001,OLD_REALM,2026-08-10
アザム・ヒサンの剣/盾 (鑑定),11,鑑定,891.76,OLD_REALM,2026-08-10
アザム・ヒサンの剣/盾 (鑑定),12,鑑定,2339.3,OLD_REALM,2026-08-10
アザム・ヒサンの剣/盾 (鑑定),13,鑑定,5732.07,OLD_REALM,2026-08-10
アザム・ヒサンの剣/盾 (鑑定),7,鑑定,155.43,OLD_REALM,2026-08-10
アザム・ヒサンの剣/盾 (鑑定),8,鑑定,183.69,OLD_REALM,2026-08-10
アザム・ヒサンの剣/盾 (鑑定),9,鑑定,471.0,OLD_REALM,2026-08-10
アザム・ヒサンの勇猛マント (未鑑定),0,未鑑定,31.4,OLD_REALM,2026-08-10
アザム・ヒサンの勇猛マント (鑑定),2,鑑定,461.58,OLD_REALM,2026-08-10
アザム・ヒサンの勇猛マント (鑑定),5,鑑定,1570.0,OLD_REALM,2026-08-10
アザム・ヒサンの大剣 (未鑑定),0,未鑑定,109.9,OLD_REALM,2026-08-10
アザム・ヒサンの大剣 (鑑定),0,鑑定,113.04,OLD_REALM,2026-08-10
アザム・ヒサンの大剣 (鑑定),10,鑑定,942.0,OLD_REALM,2026-08-10
アザム・ヒサンの大剣 (鑑定),11,鑑定,1422.42,OLD_REALM,2026-08-10
アザム・ヒサンの大剣 (鑑定),12,鑑定,5495.0,OLD_REALM,2026-08-10
アザム・ヒサンの大剣 (鑑定),7,鑑定,314.0,OLD_REALM,2026-08-10
アザム・ヒサンの大剣 (鑑定),8,鑑定,345.40000000000003,OLD_REALM,2026-08-10
アザム・ヒサンの大剣 (鑑定),9,鑑定,314.0,OLD_REALM,2026-08-10
アザム・ヒサンの布ズボン (未鑑定),0,未鑑定,15.7,OLD_REALM,2026-08-10
アザム・ヒサンの布ズボン (鑑定),0,鑑定,15.7,OLD_REALM,2026-08-10
アザム・ヒサンの布ズボン (鑑定),10,鑑定,207.24,OLD_REALM,2026-08-10
アザム・ヒサンの布ズボン (鑑定),4,鑑定,15.7,OLD_REALM,2026-08-10
アザム・ヒサンの布ズボン (鑑定),5,鑑定,15.7,OLD_REALM,2026-08-10
アザム・ヒサンの布ズボン (鑑定),6,鑑定,47.1,OLD_REALM,2026-08-10
アザム・ヒサンの布ズボン (鑑定),7,鑑定,78.5,OLD_REALM,2026-08-10
アザム・ヒサンの布ズボン (鑑定),8,鑑定,94.2,OLD_REALM,2026-08-10
アザム・ヒサンの布ズボン (鑑定),9,鑑定,298.3,OLD_REALM,2026-08-10
アザム・ヒサンの帽子 (未鑑定),0,未鑑定,15.7,OLD_REALM,2026-08-10
アザム・ヒサンの帽子 (鑑定),0,鑑定,15.7,OLD_REALM,2026-08-10
アザム・ヒサンの帽子 (鑑定),10,鑑定,266.9,OLD_REALM,2026-08-10
アザム・ヒサンの帽子 (鑑定),4,鑑定,15.7,OLD_REALM,2026-08-10
アザム・ヒサンの帽子 (鑑定),5,鑑定,15.7,OLD_REALM,2026-08-10
アザム・ヒサンの帽子 (鑑定),6,鑑定,18.84,OLD_REALM,2026-08-10
アザム・ヒサンの帽子 (鑑定),7,鑑定,67.51,OLD_REALM,2026-08-10
アザム・ヒサンの帽子 (鑑定),8,鑑定,78.5,OLD_REALM,2026-08-10
アザム・ヒサンの帽子 (鑑定),9,鑑定,361.1,OLD_REALM,2026-08-10
アザム・ヒサンの弓 (未鑑定),0,未鑑定,174.27,OLD_REALM,2026-08-10
アザム・ヒサンの弓 (鑑定),0,鑑定,188.4,OLD_REALM,2026-08-10
アザム・ヒサンの弓 (鑑定),10,鑑定,628.0,OLD_REALM,2026-08-10
アザム・ヒサンの弓 (鑑定),11,鑑定,1538.6,OLD_REALM,2026-08-10
アザム・ヒサンの弓 (鑑定),12,鑑定,5338.0,OLD_REALM,2026-08-10
アザム・ヒサンの弓 (鑑定),13,鑑定,5732.07,OLD_REALM,2026-08-10
アザム・ヒサンの弓 (鑑定),7,鑑定,157.0,OLD_REALM,2026-08-10
アザム・ヒサンの弓 (鑑定),8,鑑定,471.0,OLD_REALM,2026-08-10
アザム・ヒサンの弓 (鑑定),9,鑑定,533.8,OLD_REALM,2026-08-10
アザム・ヒサンの戦棒 (未鑑定),0,未鑑定,193.11,OLD_REALM,2026-08-10
アザム・ヒサンの戦棒 (鑑定),0,鑑定,233.93,OLD_REALM,2026-08-10
アザム・ヒサンの戦棒 (鑑定),10,鑑定,1161.8,OLD_REALM,2026-08-10
アザム・ヒサンの戦棒 (鑑定),11,鑑定,1413.0,OLD_REALM,2026-08-10
アザム・ヒサンの戦棒 (鑑定),12,鑑定,5452.61,OLD_REALM,2026-08-10
アザム・ヒサンの戦棒 (鑑定),7,鑑定,298.3,OLD_REALM,2026-08-10
アザム・ヒサンの戦棒 (鑑定),8,鑑定,376.8,OLD_REALM,2026-08-10
アザム・ヒサンの戦棒 (鑑定),9,鑑定,595.03,OLD_REALM,2026-08-10
アザム・ヒサンの戦闘マント (未鑑定),0,未鑑定,47.1,OLD_REALM,2026-08-10
アザム・ヒサンの戦闘マント (鑑定),0,鑑定,390.93,OLD_REALM,2026-08-10
アザム・ヒサンの戦闘マント (鑑定),3,鑑定,235.5,OLD_REALM,2026-08-10
アザム・ヒサンの戦闘盾 (未鑑定),0,未鑑定,67.51,OLD_REALM,2026-08-10
アザム・ヒサンの戦闘盾 (鑑定),0,鑑定,72.22,OLD_REALM,2026-08-10
アザム・ヒサンの戦闘盾 (鑑定),10,鑑定,549.5,OLD_REALM,2026-08-10
アザム・ヒサンの戦闘盾 (鑑定),11,鑑定,863.5,OLD_REALM,2026-08-10
アザム・ヒサンの戦闘盾 (鑑定),12,鑑定,1902.84,OLD_REALM,2026-08-10
アザム・ヒサンの戦闘盾 (鑑定),13,鑑定,8835.960000000001,OLD_REALM,2026-08-10
アザム・ヒサンの戦闘盾 (鑑定),7,鑑定,80.07000000000001,OLD_REALM,2026-08-10
アザム・ヒサンの戦闘盾 (鑑定),8,鑑定,298.3,OLD_REALM,2026-08-10
アザム・ヒサンの戦闘盾 (鑑定),9,鑑定,471.0,OLD_REALM,2026-08-10
アザム・ヒサンの手甲 (未鑑定),0,未鑑定,15.7,OLD_REALM,2026-08-10
アザム・ヒサンの手甲 (鑑定),0,鑑定,15.7,OLD_REALM,2026-08-10
アザム・ヒサンの手甲 (鑑定),10,鑑定,486.7,OLD_REALM,2026-08-10
アザム・ヒサンの手甲 (鑑定),11,鑑定,1177.5,OLD_REALM,2026-08-10
アザム・ヒサンの手甲 (鑑定),12,鑑定,6280.0,OLD_REALM,2026-08-10
アザム・ヒサンの手甲 (鑑定),4,鑑定,15.7,OLD_REALM,2026-08-10
アザム・ヒサンの手甲 (鑑定),5,鑑定,15.7,OLD_REALM,2026-08-10
アザム・ヒサンの手甲 (鑑定),6,鑑定,31.4,OLD_REALM,2026-08-10
アザム・ヒサンの手甲 (鑑定),7,鑑定,120.89,OLD_REALM,2026-08-10
アザム・ヒサンの手甲 (鑑定),8,鑑定,125.6,OLD_REALM,2026-08-10
アザム・ヒサンの手甲 (鑑定),9,鑑定,235.5,OLD_REALM,2026-08-10
アザム・ヒサンの杖 (未鑑定),0,未鑑定,142.87,OLD_REALM,2026-08-10
アザム・ヒサンの杖 (鑑定),0,鑑定,150.72,OLD_REALM,2026-08-10
アザム・ヒサンの杖 (鑑定),10,鑑定,942.0,OLD_REALM,2026-08-10
アザム・ヒサンの杖 (鑑定),11,鑑定,2041.0,OLD_REALM,2026-08-10
アザム・ヒサンの杖 (鑑定),12,鑑定,1807.07,OLD_REALM,2026-08-10
アザム・ヒサンの杖 (鑑定),7,鑑定,306.15,OLD_REALM,2026-08-10
アザム・ヒサンの杖 (鑑定),8,鑑定,392.5,OLD_REALM,2026-08-10
アザム・ヒサンの杖 (鑑定),9,鑑定,959.27,OLD_REALM,2026-08-10
アザム・ヒサンの短剣 (未鑑定),0,未鑑定,130.31,OLD_REALM,2026-08-10
アザム・ヒサンの短剣 (鑑定),0,鑑定,152.29,OLD_REALM,2026-08-10
アザム・ヒサンの短剣 (鑑定),10,鑑定,628.0,OLD_REALM,2026-08-10
アザム・ヒサンの短剣 (鑑定),11,鑑定,2172.88,OLD_REALM,2026-08-10
アザム・ヒサンの短剣 (鑑定),12,鑑定,2387.9700000000003,OLD_REALM,2026-08-10
アザム・ヒサンの短剣 (鑑定),13,鑑定,5966.0,OLD_REALM,2026-08-10
アザム・ヒサンの短剣 (鑑定),6,鑑定,785.0,OLD_REALM,2026-08-10
アザム・ヒサンの短剣 (鑑定),7,鑑定,235.5,OLD_REALM,2026-08-10
アザム・ヒサンの短剣 (鑑定),8,鑑定,337.55,OLD_REALM,2026-08-10
アザム・ヒサンの短靴 (未鑑定),0,未鑑定,15.7,OLD_REALM,2026-08-10
アザム・ヒサンの短靴 (鑑定),0,鑑定,28.26,OLD_REALM,2026-08-10
アザム・ヒサンの短靴 (鑑定),5,鑑定,189.97,OLD_REALM,2026-08-10
アザム・ヒサンの短靴 (鑑定),6,鑑定,23.55,OLD_REALM,2026-08-10
アザム・ヒサンの短靴 (鑑定),8,鑑定,706.5,OLD_REALM,2026-08-10
アザム・ヒサンの破壊マント (未鑑定),0,未鑑定,59.66,OLD_REALM,2026-08-10
アザム・ヒサンの籠手 (未鑑定),0,未鑑定,69.08,OLD_REALM,2026-08-10
アザム・ヒサンの籠手 (鑑定),0,鑑定,69.08,OLD_REALM,2026-08-10
アザム・ヒサンの籠手 (鑑定),10,鑑定,361.1,OLD_REALM,2026-08-10
アザム・ヒサンの籠手 (鑑定),11,鑑定,1256.0,OLD_REALM,2026-08-10
アザム・ヒサンの籠手 (鑑定),12,鑑定,1923.25,OLD_REALM,2026-08-10
アザム・ヒサンの籠手 (鑑定),7,鑑定,65.94,OLD_REALM,2026-08-10
アザム・ヒサンの籠手 (鑑定),8,鑑定,257.48,OLD_REALM,2026-08-10
アザム・ヒサンの籠手 (鑑定),9,鑑定,314.0,OLD_REALM,2026-08-10
アザム・ヒサンの精霊マント (未鑑定),0,未鑑定,157.0,OLD_REALM,2026-08-10
アザム・ヒサンの精霊マント (鑑定),0,鑑定,75.36,OLD_REALM,2026-08-10
アザム・ヒサンの精霊マント (鑑定),3,鑑定,392.5,OLD_REALM,2026-08-10
アザム・ヒサンの鎧 (未鑑定),0,未鑑定,15.7,OLD_REALM,2026-08-10
アザム・ヒサンの鎧 (鑑定),0,鑑定,15.7,OLD_REALM,2026-08-10
アザム・ヒサンの鎧 (鑑定),11,鑑定,522.8100000000001,OLD_REALM,2026-08-10
アザム・ヒサンの鎧 (鑑定),5,鑑定,15.7,OLD_REALM,2026-08-10
アザム・ヒサンの鎧 (鑑定),6,鑑定,39.25,OLD_REALM,2026-08-10
アザム・ヒサンの鎧 (鑑定),8,鑑定,133.45,OLD_REALM,2026-08-10
アザム・ヒサンの長靴 (未鑑定),0,未鑑定,18.84,OLD_REALM,2026-08-10
アザム・ヒサンの長靴 (鑑定),0,鑑定,15.7,OLD_REALM,2026-08-10
アザム・ヒサンの長靴 (鑑定),11,鑑定,863.5,OLD_REALM,2026-08-10
アザム・ヒサンの長靴 (鑑定),5,鑑定,15.7,OLD_REALM,2026-08-10
アザム・ヒサンの長靴 (鑑定),6,鑑定,94.2,OLD_REALM,2026-08-10
アザム・ヒサンの長靴 (鑑定),8,鑑定,387.79,OLD_REALM,2026-08-10
アザム・ヒサンの長靴 (鑑定),9,鑑定,549.5,OLD_REALM,2026-08-10
アザム・ヒサンの革ズボン (未鑑定),0,未鑑定,15.7,OLD_REALM,2026-08-10
アザム・ヒサンの革ズボン (鑑定),0,鑑定,15.7,OLD_REALM,2026-08-10
アザム・ヒサンの革ズボン (鑑定),10,鑑定,248.06,OLD_REALM,2026-08-10
アザム・ヒサンの革ズボン (鑑定),11,鑑定,1219.89,OLD_REALM,2026-08-10
アザム・ヒサンの革ズボン (鑑定),4,鑑定,15.7,OLD_REALM,2026-08-10
アザム・ヒサンの革ズボン (鑑定),5,鑑定,15.7,OLD_REALM,2026-08-10
アザム・ヒサンの革ズボン (鑑定),6,鑑定,45.53,OLD_REALM,2026-08-10
アザム・ヒサンの革ズボン (鑑定),8,鑑定,133.45,OLD_REALM,2026-08-10
アザム・ヒサンの革ズボン (鑑定),9,鑑定,314.0,OLD_REALM,2026-08-10
アビリティ:カリオンの洞察【呪文】,0,なし,92.63,OLD_REALM,2026-08-10
アビリティ:ギャンブル【補助】,0,なし,4396.0,OLD_REALM,2026-08-10
アビリティ:セクレタの才能【偵察】,0,なし,295.16,OLD_REALM,2026-08-10
アビリティ:テレノスの力【戦闘】,0,なし,26.69,OLD_REALM,2026-08-10
アビリティ:九死一生【技巧】,0,なし,1413.0,OLD_REALM,2026-08-10
アビリティ:克服【活力】,0,なし,2975.15,OLD_REALM,2026-08-10
アビリティ:必殺の一撃【強化】,0,なし,3136.86,OLD_REALM,2026-08-10
アビリティ:慎重な攻撃【補助】,0,なし,21.98,OLD_REALM,2026-08-10
アビリティ:戦場の叫び【活力】,0,なし,5022.429999999999,OLD_REALM,2026-08-10
アビリティ:持続治癒【補助】,0,なし,2160.32,OLD_REALM,2026-08-10
アビリティ:時間逆行【技巧】,0,なし,4631.5,OLD_REALM,2026-08-10
アビリティ:業火の武器【強化】,0,なし,180.55,OLD_REALM,2026-08-10
アビリティ:武装解除【戦闘】,0,なし,833.67,OLD_REALM,2026-08-10
アビリティ:浄化【技巧】,0,なし,858.79,OLD_REALM,2026-08-10
アビリティ:猛毒発散【偵察】,0,なし,2355.0,OLD_REALM,2026-08-10
アビリティ:睡眠誘導【呪文】,0,なし,124.03,OLD_REALM,2026-08-10
アビリティ:破壊の武器【技巧】,0,なし,218.23,OLD_REALM,2026-08-10
アビリティ:磁場生成【呪文】,0,なし,1097.43,OLD_REALM,2026-08-10
アビリティ:純粋なマナ回復薬【活力】,0,なし,18.84,OLD_REALM,2026-08-10
アビリティ:結界形成【防御】,0,なし,2039.43,OLD_REALM,2026-08-10
アビリティ:解剖学【補助】,0,なし,1797.65,OLD_REALM,2026-08-10
アビリティ:超感覚【偵察】,0,なし,2041.0,OLD_REALM,2026-08-10
アビリティ:追跡【戦闘】,0,なし,1270.13,OLD_REALM,2026-08-10
アビリティ:酷寒の武器【呪文】,0,なし,357.96,OLD_REALM,2026-08-10
アビリティ:鏡の盾【防御】,0,なし,108.33,OLD_REALM,2026-08-10
アビリティ:雷精霊【強化】,0,なし,846.2299999999999,OLD_REALM,2026-08-10
アビリティ：セクレタの才能【偵察】,0,なし,6672.5,OLD_REALM,2026-08-10
アビリティ：テレノスの力【戦闘】,0,なし,172.70000000000002,OLD_REALM,2026-08-10
アビリティ：純粋なマナポーション【活力】,0,なし,47.1,OLD_REALM,2026-08-10
アンデミックのサドル,0,なし,469.43,OLD_REALM,2026-08-10
イニスのイヤリング ,0,なし,2061.4100000000003,OLD_REALM,2026-08-10
イニスのイヤリング ,15,なし,3925.0,OLD_REALM,2026-08-10
イニスのイヤリング ,16,なし,3623.56,OLD_REALM,2026-08-10
イニスのイヤリング ,17,なし,7762.08,OLD_REALM,2026-08-10
イニスのイヤリング ,18,なし,8635.0,OLD_REALM,2026-08-10
イニスのイヤリング ,20,なし,34383.0,OLD_REALM,2026-08-10
イニスのガントレット (未鑑定),0,未鑑定,345.40000000000003,OLD_REALM,2026-08-10
イニスのクロスボウ (鑑定),10,鑑定,58090.0,OLD_REALM,2026-08-10
イニスのグリーヴ (未鑑定),0,未鑑定,471.0,OLD_REALM,2026-08-10
イニスのグローブ (未鑑定),0,未鑑定,314.0,OLD_REALM,2026-08-10
イニスのブレスレット ,0,なし,1805.5,OLD_REALM,2026-08-10
イニスのブレスレット ,15,なし,4239.0,OLD_REALM,2026-08-10
イニスのブレスレット ,17,なし,4694.3,OLD_REALM,2026-08-10
イニスのブレスレット ,18,なし,12560.0,OLD_REALM,2026-08-10
イニスのブレスレット ,20,なし,47100.0,OLD_REALM,2026-08-10
イニスのヘルム (未鑑定),0,未鑑定,314.0,OLD_REALM,2026-08-10
イニスのヘルム (鑑定),8,鑑定,1742.7,OLD_REALM,2026-08-10
イニスのベスト (鑑定),5,鑑定,769.3000000000001,OLD_REALM,2026-08-10
イニスのレガース (未鑑定),0,未鑑定,624.86,OLD_REALM,2026-08-10
イニスのローブ (鑑定),6,鑑定,1570.0,OLD_REALM,2026-08-10
イニスの剣/盾 (未鑑定),0,未鑑定,26688.43,OLD_REALM,2026-08-10
イニスの勇猛マント (鑑定),4,鑑定,15386.0,OLD_REALM,2026-08-10
イニスの大剣 (鑑定),10,鑑定,50240.0,OLD_REALM,2026-08-10
イニスの布ズボン (鑑定),7,鑑定,1538.6,OLD_REALM,2026-08-10
イニスの帽子 (鑑定),0,鑑定,471.0,OLD_REALM,2026-08-10
イニスの帽子 (鑑定),6,鑑定,1507.2,OLD_REALM,2026-08-10
イニスの戦闘マント (未鑑定),0,未鑑定,4710.0,OLD_REALM,2026-08-10
イニスの戦闘盾 (鑑定),12,鑑定,73790.0,OLD_REALM,2026-08-10
イニスの手甲 (未鑑定),0,未鑑定,657.83,OLD_REALM,2026-08-10
イニスの手甲 (鑑定),6,鑑定,2582.65,OLD_REALM,2026-08-10
イニスの短靴 (未鑑定),0,未鑑定,427.04,OLD_REALM,2026-08-10
イニスの鎧 (未鑑定),0,未鑑定,361.1,OLD_REALM,2026-08-10
イニスの長靴 (鑑定),6,鑑定,1570.0,OLD_REALM,2026-08-10
イニスの長靴 (鑑定),8,鑑定,769.3000000000001,OLD_REALM,2026-08-10
イニスの革ズボン (未鑑定),0,未鑑定,439.6,OLD_REALM,2026-08-10
イリアナの籠手 (未鑑定),0,未鑑定,4394.429999999999,OLD_REALM,2026-08-10
イリアナの籠手 (鑑定),10,鑑定,14915.0,OLD_REALM,2026-08-10
イリアナの籠手 (鑑定),8,鑑定,4396.0,OLD_REALM,2026-08-10
イリアナガントレット (未鑑定),0,未鑑定,345.40000000000003,OLD_REALM,2026-08-10
イリアナガントレット (鑑定),0,鑑定,775.58,OLD_REALM,2026-08-10
イリアナガントレット (鑑定),7,鑑定,1433.41,OLD_REALM,2026-08-10
イリアナクロスボウ (鑑定),10,鑑定,62098.21,OLD_REALM,2026-08-10
イリアナグリーヴ (未鑑定),0,未鑑定,1020.5,OLD_REALM,2026-08-10
イリアナグリーヴ (鑑定),0,鑑定,469.43,OLD_REALM,2026-08-10
イリアナグリーヴ (鑑定),8,鑑定,1673.62,OLD_REALM,2026-08-10
イリアナグローブ (未鑑定),0,未鑑定,518.1,OLD_REALM,2026-08-10
イリアナグローブ (鑑定),0,鑑定,471.0,OLD_REALM,2026-08-10
イリアナグローブ (鑑定),6,鑑定,5024.0,OLD_REALM,2026-08-10
イリアナグローブ (鑑定),7,鑑定,4253.13,OLD_REALM,2026-08-10
イリアナフード (鑑定),0,鑑定,1256.0,OLD_REALM,2026-08-10
イリアナフード (鑑定),8,鑑定,2355.0,OLD_REALM,2026-08-10
イリアナヘルム (未鑑定),0,未鑑定,233.93,OLD_REALM,2026-08-10
イリアナヘルム (鑑定),0,鑑定,471.0,OLD_REALM,2026-08-10
イリアナヘルム (鑑定),6,鑑定,775.58,OLD_REALM,2026-08-10
イリアナヘルム (鑑定),8,鑑定,4710.0,OLD_REALM,2026-08-10
イリアナベスト (鑑定),0,鑑定,3925.0,OLD_REALM,2026-08-10
イリアナベスト (鑑定),6,鑑定,6908.0,OLD_REALM,2026-08-10
イリアナベスト (鑑定),8,鑑定,2453.9100000000003,OLD_REALM,2026-08-10
イリアナレガース (未鑑定),0,未鑑定,455.3,OLD_REALM,2026-08-10
イリアナレガース (鑑定),0,鑑定,518.1,OLD_REALM,2026-08-10
イリアナローブ (未鑑定),0,未鑑定,890.1899999999999,OLD_REALM,2026-08-10
イリアナローブ (鑑定),6,鑑定,624.86,OLD_REALM,2026-08-10
イリアナ剣/盾 (未鑑定),0,未鑑定,32970.0,OLD_REALM,2026-08-10
イリアナ剣/盾 (鑑定),10,鑑定,57320.7,OLD_REALM,2026-08-10
イリアナ大剣 (未鑑定),0,未鑑定,23550.0,OLD_REALM,2026-08-10
イリアナ大剣 (鑑定),10,鑑定,24725.93,OLD_REALM,2026-08-10
イリアナ大剣 (鑑定),8,鑑定,16483.43,OLD_REALM,2026-08-10
イリアナ布ズボン (未鑑定),0,未鑑定,596.6,OLD_REALM,2026-08-10
イリアナ布ズボン (鑑定),0,鑑定,157.0,OLD_REALM,2026-08-10
イリアナ布ズボン (鑑定),7,鑑定,2355.0,OLD_REALM,2026-08-10
イリアナ布ズボン (鑑定),8,鑑定,5652.0,OLD_REALM,2026-08-10
イリアナ布ズボン (鑑定),9,鑑定,5652.0,OLD_REALM,2026-08-10
イリアナ帽子 (未鑑定),0,未鑑定,533.8,OLD_REALM,2026-08-10
イリアナ帽子 (鑑定),0,鑑定,514.9599999999999,OLD_REALM,2026-08-10
イリアナ帽子 (鑑定),7,鑑定,3047.37,OLD_REALM,2026-08-10
イリアナ弓 (鑑定),8,鑑定,41400.9,OLD_REALM,2026-08-10
イリアナ弓 (鑑定),9,鑑定,43715.08,OLD_REALM,2026-08-10
イリアナ戦棒 (鑑定),10,鑑定,86350.0,OLD_REALM,2026-08-10
イリアナ戦闘盾 (未鑑定),0,未鑑定,23550.0,OLD_REALM,2026-08-10
イリアナ戦闘盾 (鑑定),10,鑑定,53223.0,OLD_REALM,2026-08-10
イリアナ戦闘盾 (鑑定),8,鑑定,21961.16,OLD_REALM,2026-08-10
イリアナ手甲 (未鑑定),0,未鑑定,525.95,OLD_REALM,2026-08-10
イリアナ手甲 (鑑定),10,鑑定,6471.54,OLD_REALM,2026-08-10
イリアナ手甲 (鑑定),5,鑑定,471.0,OLD_REALM,2026-08-10
イリアナ手甲 (鑑定),6,鑑定,392.5,OLD_REALM,2026-08-10
イリアナ手甲 (鑑定),7,鑑定,315.57,OLD_REALM,2026-08-10
イリアナ手甲 (鑑定),8,鑑定,1303.1,OLD_REALM,2026-08-10
イリアナ杖 (鑑定),10,鑑定,60638.11,OLD_REALM,2026-08-10
イリアナ杖 (鑑定),8,鑑定,54950.0,OLD_REALM,2026-08-10
イリアナ短剣 (鑑定),10,鑑定,34540.0,OLD_REALM,2026-08-10
イリアナ短剣 (鑑定),8,鑑定,47100.0,OLD_REALM,2026-08-10
イリアナ短剣 (鑑定),9,鑑定,74680.19,OLD_REALM,2026-08-10
イリアナ短靴 (未鑑定),0,未鑑定,785.0,OLD_REALM,2026-08-10
イリアナ短靴 (鑑定),6,鑑定,471.0,OLD_REALM,2026-08-10
イリアナ鎧 (未鑑定),0,未鑑定,541.65,OLD_REALM,2026-08-10
イリアナ鎧 (鑑定),6,鑑定,910.6,OLD_REALM,2026-08-10
イリアナ長靴 (未鑑定),0,未鑑定,846.2299999999999,OLD_REALM,2026-08-10
イリアナ長靴 (鑑定),0,鑑定,109.9,OLD_REALM,2026-08-10
イリアナ長靴 (鑑定),5,鑑定,785.0,OLD_REALM,2026-08-10
イリアナ長靴 (鑑定),6,鑑定,1034.63,OLD_REALM,2026-08-10
イリアナ長靴 (鑑定),8,鑑定,706.5,OLD_REALM,2026-08-10
イリアナ革ズボン (鑑定),5,鑑定,2548.11,OLD_REALM,2026-08-10
イリアナ革ズボン (鑑定),6,鑑定,847.8000000000001,OLD_REALM,2026-08-10
イリアナ革ズボン (鑑定),8,鑑定,1570.0,OLD_REALM,2026-08-10
エオスのイヤリング,0,なし,1444.4,OLD_REALM,2026-08-10
エオスのガントレット (未鑑定),0,未鑑定,86.35000000000001,OLD_REALM,2026-08-10
エオスのガントレット (鑑定),0,鑑定,73.78999999999999,OLD_REALM,2026-08-10
エオスのガントレット (鑑定),10,鑑定,2512.0,OLD_REALM,2026-08-10
エオスのガントレット (鑑定),4,鑑定,188.4,OLD_REALM,2026-08-10
エオスのガントレット (鑑定),5,鑑定,78.5,OLD_REALM,2026-08-10
エオスのガントレット (鑑定),6,鑑定,549.5,OLD_REALM,2026-08-10
エオスのガントレット (鑑定),8,鑑定,372.09,OLD_REALM,2026-08-10
エオスのガントレット (鑑定),9,鑑定,2199.57,OLD_REALM,2026-08-10
エオスのグリーヴ (未鑑定),0,未鑑定,113.04,OLD_REALM,2026-08-10
エオスのグリーヴ (鑑定),0,鑑定,62.8,OLD_REALM,2026-08-10
エオスのグリーヴ (鑑定),5,鑑定,92.63,OLD_REALM,2026-08-10
エオスのグリーヴ (鑑定),6,鑑定,233.93,OLD_REALM,2026-08-10
エオスのグリーヴ (鑑定),7,鑑定,628.0,OLD_REALM,2026-08-10
エオスのグリーヴ (鑑定),8,鑑定,785.0,OLD_REALM,2026-08-10
エオスのグローブ (未鑑定),0,未鑑定,270.04,OLD_REALM,2026-08-10
エオスのグローブ (鑑定),0,鑑定,255.91,OLD_REALM,2026-08-10
エオスのグローブ (鑑定),10,鑑定,5495.0,OLD_REALM,2026-08-10
エオスのグローブ (鑑定),6,鑑定,931.01,OLD_REALM,2026-08-10
エオスのグローブ (鑑定),7,鑑定,1413.0,OLD_REALM,2026-08-10
エオスのグローブ (鑑定),8,鑑定,1447.5400000000002,OLD_REALM,2026-08-10
エオスのフード (未鑑定),0,未鑑定,219.8,OLD_REALM,2026-08-10
エオスのフード (鑑定),0,鑑定,298.3,OLD_REALM,2026-08-10
エオスのフード (鑑定),10,鑑定,2800.88,OLD_REALM,2026-08-10
エオスのフード (鑑定),6,鑑定,1163.37,OLD_REALM,2026-08-10
エオスのフード (鑑定),7,鑑定,573.05,OLD_REALM,2026-08-10
エオスのフード (鑑定),8,鑑定,883.91,OLD_REALM,2026-08-10
エオスのフード (鑑定),9,鑑定,1562.15,OLD_REALM,2026-08-10
エオスのブレスレット,0,なし,1411.43,OLD_REALM,2026-08-10
エオスのブレスレット,12,なし,3358.23,OLD_REALM,2026-08-10
エオスのブレスレット,15,なし,3140.0,OLD_REALM,2026-08-10
エオスのブレスレット,16,なし,3061.5,OLD_REALM,2026-08-10
エオスのブレスレット,20,なし,36094.3,OLD_REALM,2026-08-10
エオスのヘルム (未鑑定),0,未鑑定,116.18,OLD_REALM,2026-08-10
エオスのヘルム (鑑定),0,鑑定,61.23,OLD_REALM,2026-08-10
エオスのヘルム (鑑定),6,鑑定,196.25,OLD_REALM,2026-08-10
エオスのヘルム (鑑定),7,鑑定,547.9300000000001,OLD_REALM,2026-08-10
エオスのヘルム (鑑定),8,鑑定,387.79,OLD_REALM,2026-08-10
エオスのヘルム (鑑定),9,鑑定,1254.43,OLD_REALM,2026-08-10
エオスのベスト (未鑑定),0,未鑑定,164.85,OLD_REALM,2026-08-10
エオスのベスト (鑑定),0,鑑定,157.0,OLD_REALM,2026-08-10
エオスのベスト (鑑定),5,鑑定,188.4,OLD_REALM,2026-08-10
エオスのベスト (鑑定),6,鑑定,309.29,OLD_REALM,2026-08-10
エオスのベスト (鑑定),7,鑑定,455.3,OLD_REALM,2026-08-10
エオスのベスト (鑑定),8,鑑定,918.45,OLD_REALM,2026-08-10
エオスのレガース (未鑑定),0,未鑑定,86.35000000000001,OLD_REALM,2026-08-10
エオスのレガース (鑑定),0,鑑定,95.77,OLD_REALM,2026-08-10
エオスのレガース (鑑定),5,鑑定,89.49,OLD_REALM,2026-08-10
エオスのレガース (鑑定),6,鑑定,86.35000000000001,OLD_REALM,2026-08-10
エオスのレガース (鑑定),7,鑑定,942.0,OLD_REALM,2026-08-10
エオスのレガース (鑑定),8,鑑定,522.8100000000001,OLD_REALM,2026-08-10
エオスのローブ (未鑑定),0,未鑑定,124.03,OLD_REALM,2026-08-10
エオスのローブ (鑑定),0,鑑定,103.62,OLD_REALM,2026-08-10
エオスのローブ (鑑定),5,鑑定,204.1,OLD_REALM,2026-08-10
エオスのローブ (鑑定),6,鑑定,188.4,OLD_REALM,2026-08-10
エオスのローブ (鑑定),7,鑑定,455.3,OLD_REALM,2026-08-10
エオスのローブ (鑑定),8,鑑定,1004.8,OLD_REALM,2026-08-10
エオスの剣/盾 (鑑定),10,鑑定,22447.86,OLD_REALM,2026-08-10
エオスの布ズボン (未鑑定),0,未鑑定,65.94,OLD_REALM,2026-08-10
エオスの布ズボン (鑑定),0,鑑定,78.5,OLD_REALM,2026-08-10
エオスの布ズボン (鑑定),10,鑑定,3882.61,OLD_REALM,2026-08-10
エオスの布ズボン (鑑定),5,鑑定,78.5,OLD_REALM,2026-08-10
エオスの布ズボン (鑑定),6,鑑定,109.9,OLD_REALM,2026-08-10
エオスの布ズボン (鑑定),7,鑑定,293.59000000000003,OLD_REALM,2026-08-10
エオスの布ズボン (鑑定),8,鑑定,471.0,OLD_REALM,2026-08-10
エオスの布ズボン (鑑定),9,鑑定,942.0,OLD_REALM,2026-08-10
エオスの帽子 (未鑑定),0,未鑑定,124.03,OLD_REALM,2026-08-10
エオスの帽子 (鑑定),0,鑑定,78.5,OLD_REALM,2026-08-10
エオスの帽子 (鑑定),10,鑑定,2282.78,OLD_REALM,2026-08-10
エオスの帽子 (鑑定),4,鑑定,180.55,OLD_REALM,2026-08-10
エオスの帽子 (鑑定),5,鑑定,249.63,OLD_REALM,2026-08-10
エオスの帽子 (鑑定),6,鑑定,248.06,OLD_REALM,2026-08-10
エオスの帽子 (鑑定),7,鑑定,259.05,OLD_REALM,2026-08-10
エオスの帽子 (鑑定),8,鑑定,692.37,OLD_REALM,2026-08-10
エオスの帽子 (鑑定),9,鑑定,863.5,OLD_REALM,2026-08-10
エオスの弓 (未鑑定),0,未鑑定,19413.05,OLD_REALM,2026-08-10
エオスの戦闘マント (未鑑定),0,未鑑定,2747.5,OLD_REALM,2026-08-10
エオスの戦闘マント (鑑定),2,鑑定,2983.0,OLD_REALM,2026-08-10
エオスの手甲 (未鑑定),0,未鑑定,109.9,OLD_REALM,2026-08-10
エオスの手甲 (鑑定),0,鑑定,122.46,OLD_REALM,2026-08-10
エオスの手甲 (鑑定),5,鑑定,108.33,OLD_REALM,2026-08-10
エオスの手甲 (鑑定),6,鑑定,108.33,OLD_REALM,2026-08-10
エオスの手甲 (鑑定),7,鑑定,2135.2,OLD_REALM,2026-08-10
エオスの手甲 (鑑定),8,鑑定,329.7,OLD_REALM,2026-08-10
エオスの手甲 (鑑定),9,鑑定,785.0,OLD_REALM,2026-08-10
エオスの短剣 (鑑定),10,鑑定,43960.0,OLD_REALM,2026-08-10
エオスの短靴 (未鑑定),0,未鑑定,204.1,OLD_REALM,2026-08-10
エオスの短靴 (鑑定),0,鑑定,172.70000000000002,OLD_REALM,2026-08-10
エオスの短靴 (鑑定),5,鑑定,251.2,OLD_REALM,2026-08-10
エオスの短靴 (鑑定),6,鑑定,659.4,OLD_REALM,2026-08-10
エオスの短靴 (鑑定),7,鑑定,868.21,OLD_REALM,2026-08-10
エオスの短靴 (鑑定),8,鑑定,2497.87,OLD_REALM,2026-08-10
エオスの破壊マント (未鑑定),0,未鑑定,2841.7000000000003,OLD_REALM,2026-08-10
エオスの破壊マント (鑑定),2,鑑定,10676.0,OLD_REALM,2026-08-10
エオスの精霊マント (未鑑定),0,未鑑定,1766.25,OLD_REALM,2026-08-10
エオスの鎧 (未鑑定),0,未鑑定,67.51,OLD_REALM,2026-08-10
エオスの鎧 (鑑定),0,鑑定,47.1,OLD_REALM,2026-08-10
エオスの鎧 (鑑定),5,鑑定,153.86,OLD_REALM,2026-08-10
エオスの鎧 (鑑定),6,鑑定,266.9,OLD_REALM,2026-08-10
エオスの鎧 (鑑定),7,鑑定,1034.63,OLD_REALM,2026-08-10
エオスの鎧 (鑑定),8,鑑定,254.34,OLD_REALM,2026-08-10
エオスの長靴 (未鑑定),0,未鑑定,133.45,OLD_REALM,2026-08-10
エオスの長靴 (鑑定),0,鑑定,91.06,OLD_REALM,2026-08-10
エオスの長靴 (鑑定),5,鑑定,103.62,OLD_REALM,2026-08-10
エオスの長靴 (鑑定),6,鑑定,392.5,OLD_REALM,2026-08-10
エオスの長靴 (鑑定),7,鑑定,617.01,OLD_REALM,2026-08-10
エオスの長靴 (鑑定),8,鑑定,505.54,OLD_REALM,2026-08-10
エオスの革ズボン (未鑑定),0,未鑑定,120.89,OLD_REALM,2026-08-10
エオスの革ズボン (鑑定),0,鑑定,102.05,OLD_REALM,2026-08-10
エオスの革ズボン (鑑定),10,鑑定,2629.75,OLD_REALM,2026-08-10
エオスの革ズボン (鑑定),5,鑑定,157.0,OLD_REALM,2026-08-10
エオスの革ズボン (鑑定),6,鑑定,157.0,OLD_REALM,2026-08-10
エオスの革ズボン (鑑定),8,鑑定,235.5,OLD_REALM,2026-08-10
エオスの革ズボン (鑑定),9,鑑定,1884.0,OLD_REALM,2026-08-10
エル・セラのイヤリング,0,なし,31.4,OLD_REALM,2026-08-10
エル・セラのイヤリング,1,なし,78.5,OLD_REALM,2026-08-10
エル・セラのイヤリング,10,なし,1609.25,OLD_REALM,2026-08-10
エル・セラのイヤリング,12,なし,284.17,OLD_REALM,2026-08-10
エル・セラのイヤリング,13,なし,149.15,OLD_REALM,2026-08-10
エル・セラのイヤリング,14,なし,314.0,OLD_REALM,2026-08-10
エル・セラのイヤリング,15,なし,314.0,OLD_REALM,2026-08-10
エル・セラのイヤリング,16,なし,312.43,OLD_REALM,2026-08-10
エル・セラのイヤリング,17,なし,491.41,OLD_REALM,2026-08-10
エル・セラのイヤリング,18,なし,763.0200000000001,OLD_REALM,2026-08-10
エル・セラのイヤリング,20,なし,3581.17,OLD_REALM,2026-08-10
エル・セラのイヤリング,7,なし,78.5,OLD_REALM,2026-08-10
エル・セラのガントレット (未鑑定),0,未鑑定,103.62,OLD_REALM,2026-08-10
エル・セラのガントレット (鑑定),0,鑑定,466.29,OLD_REALM,2026-08-10
エル・セラのガントレット (鑑定),6,鑑定,306.15,OLD_REALM,2026-08-10
エル・セラのガントレット (鑑定),9,鑑定,4710.0,OLD_REALM,2026-08-10
エル・セラのクロスボウ (未鑑定),0,未鑑定,817.97,OLD_REALM,2026-08-10
エル・セラのクロスボウ (鑑定),0,鑑定,646.84,OLD_REALM,2026-08-10
エル・セラのクロスボウ (鑑定),10,鑑定,3874.76,OLD_REALM,2026-08-10
エル・セラのグリーヴ (未鑑定),0,未鑑定,21.98,OLD_REALM,2026-08-10
エル・セラのグリーヴ (鑑定),0,鑑定,628.0,OLD_REALM,2026-08-10
エル・セラのグリーヴ (鑑定),12,鑑定,4082.0,OLD_REALM,2026-08-10
エル・セラのグリーヴ (鑑定),5,鑑定,84.78,OLD_REALM,2026-08-10
エル・セラのグリーヴ (鑑定),6,鑑定,196.25,OLD_REALM,2026-08-10
エル・セラのグリーヴ (鑑定),7,鑑定,492.98,OLD_REALM,2026-08-10
エル・セラのグリーヴ (鑑定),8,鑑定,224.51,OLD_REALM,2026-08-10
エル・セラのグリーヴ (鑑定),9,鑑定,706.5,OLD_REALM,2026-08-10
エル・セラのグローブ (未鑑定),0,未鑑定,59.66,OLD_REALM,2026-08-10
エル・セラのグローブ (鑑定),0,鑑定,392.5,OLD_REALM,2026-08-10
エル・セラのグローブ (鑑定),5,鑑定,78.5,OLD_REALM,2026-08-10
エル・セラのグローブ (鑑定),6,鑑定,353.25,OLD_REALM,2026-08-10
エル・セラのグローブ (鑑定),7,鑑定,510.25,OLD_REALM,2026-08-10
エル・セラのグローブ (鑑定),8,鑑定,783.4300000000001,OLD_REALM,2026-08-10
エル・セラのサイド (未鑑定),0,未鑑定,1565.2900000000002,OLD_REALM,2026-08-10
エル・セラのサイド (鑑定),0,鑑定,2326.74,OLD_REALM,2026-08-10
エル・セラのサイド (鑑定),10,鑑定,12560.0,OLD_REALM,2026-08-10
エル・セラのサイド (鑑定),8,鑑定,8507.83,OLD_REALM,2026-08-10
エル・セラのサイド (鑑定),9,鑑定,4710.0,OLD_REALM,2026-08-10
エル・セラのフード (未鑑定),0,未鑑定,31.4,OLD_REALM,2026-08-10
エル・セラのフード (鑑定),5,鑑定,78.5,OLD_REALM,2026-08-10
エル・セラのフード (鑑定),6,鑑定,292.02000000000004,OLD_REALM,2026-08-10
エル・セラのフード (鑑定),7,鑑定,376.8,OLD_REALM,2026-08-10
エル・セラのブレスレット,0,なし,42.39,OLD_REALM,2026-08-10
エル・セラのブレスレット,12,なし,284.17,OLD_REALM,2026-08-10
エル・セラのブレスレット,15,なし,266.9,OLD_REALM,2026-08-10
エル・セラのブレスレット,16,なし,284.17,OLD_REALM,2026-08-10
エル・セラのブレスレット,17,なし,439.6,OLD_REALM,2026-08-10
エル・セラのブレスレット,18,なし,785.0,OLD_REALM,2026-08-10
エル・セラのブレスレット,20,なし,4298.66,OLD_REALM,2026-08-10
エル・セラのヘルム (未鑑定),0,未鑑定,31.4,OLD_REALM,2026-08-10
エル・セラのヘルム (鑑定),0,鑑定,157.0,OLD_REALM,2026-08-10
エル・セラのヘルム (鑑定),7,鑑定,202.53,OLD_REALM,2026-08-10
エル・セラのヘルム (鑑定),8,鑑定,546.36,OLD_REALM,2026-08-10
エル・セラのベスト (未鑑定),0,未鑑定,15.7,OLD_REALM,2026-08-10
エル・セラのベスト (鑑定),10,鑑定,2826.0,OLD_REALM,2026-08-10
エル・セラのベスト (鑑定),5,鑑定,15.7,OLD_REALM,2026-08-10
エル・セラのベスト (鑑定),6,鑑定,116.18,OLD_REALM,2026-08-10
エル・セラのベスト (鑑定),7,鑑定,610.73,OLD_REALM,2026-08-10
エル・セラのベスト (鑑定),8,鑑定,516.53,OLD_REALM,2026-08-10
エル・セラのベスト (鑑定),9,鑑定,626.4300000000001,OLD_REALM,2026-08-10
エル・セラのレガース (未鑑定),0,未鑑定,43.96,OLD_REALM,2026-08-10
エル・セラのレガース (鑑定),0,鑑定,233.93,OLD_REALM,2026-08-10
エル・セラのレガース (鑑定),5,鑑定,157.0,OLD_REALM,2026-08-10
エル・セラのレガース (鑑定),6,鑑定,157.0,OLD_REALM,2026-08-10
エル・セラのレガース (鑑定),7,鑑定,157.0,OLD_REALM,2026-08-10
エル・セラのレガース (鑑定),8,鑑定,364.24,OLD_REALM,2026-08-10
エル・セラのローブ (鑑定),0,鑑定,232.36,OLD_REALM,2026-08-10
エル・セラのローブ (鑑定),5,鑑定,464.72,OLD_REALM,2026-08-10
エル・セラのローブ (鑑定),6,鑑定,290.45,OLD_REALM,2026-08-10
エル・セラのローブ (鑑定),8,鑑定,785.0,OLD_REALM,2026-08-10
エル・セラの剣/盾 (未鑑定),0,未鑑定,657.83,OLD_REALM,2026-08-10
エル・セラの剣/盾 (鑑定),0,鑑定,2347.15,OLD_REALM,2026-08-10
エル・セラの剣/盾 (鑑定),10,鑑定,3925.0,OLD_REALM,2026-08-10
エル・セラの剣/盾 (鑑定),7,鑑定,2512.0,OLD_REALM,2026-08-10
エル・セラの剣/盾 (鑑定),8,鑑定,1150.81,OLD_REALM,2026-08-10
エル・セラの勇猛マント (未鑑定),0,未鑑定,1570.0,OLD_REALM,2026-08-10
エル・セラの勇猛マント (鑑定),5,鑑定,712.78,OLD_REALM,2026-08-10
エル・セラの大剣 (未鑑定),0,未鑑定,419.19,OLD_REALM,2026-08-10
エル・セラの大剣 (鑑定),0,鑑定,706.5,OLD_REALM,2026-08-10
エル・セラの大剣 (鑑定),10,鑑定,2331.45,OLD_REALM,2026-08-10
エル・セラの大剣 (鑑定),8,鑑定,1681.47,OLD_REALM,2026-08-10
エル・セラの布ズボン (未鑑定),0,未鑑定,15.7,OLD_REALM,2026-08-10
エル・セラの布ズボン (鑑定),0,鑑定,15.7,OLD_REALM,2026-08-10
エル・セラの布ズボン (鑑定),10,鑑定,511.82,OLD_REALM,2026-08-10
エル・セラの布ズボン (鑑定),6,鑑定,511.82,OLD_REALM,2026-08-10
エル・セラの布ズボン (鑑定),7,鑑定,157.0,OLD_REALM,2026-08-10
エル・セラの布ズボン (鑑定),8,鑑定,188.4,OLD_REALM,2026-08-10
エル・セラの布ズボン (鑑定),9,鑑定,471.0,OLD_REALM,2026-08-10
エル・セラの帽子 (未鑑定),0,未鑑定,29.83,OLD_REALM,2026-08-10
エル・セラの帽子 (鑑定),0,鑑定,28.26,OLD_REALM,2026-08-10
エル・セラの帽子 (鑑定),5,鑑定,464.72,OLD_REALM,2026-08-10
エル・セラの帽子 (鑑定),6,鑑定,157.0,OLD_REALM,2026-08-10
エル・セラの帽子 (鑑定),7,鑑定,387.79,OLD_REALM,2026-08-10
エル・セラの帽子 (鑑定),8,鑑定,351.68,OLD_REALM,2026-08-10
エル・セラの弓 (未鑑定),0,未鑑定,894.9,OLD_REALM,2026-08-10
エル・セラの弓 (鑑定),0,鑑定,854.08,OLD_REALM,2026-08-10
エル・セラの弓 (鑑定),10,鑑定,5176.29,OLD_REALM,2026-08-10
エル・セラの弓 (鑑定),12,鑑定,13881.94,OLD_REALM,2026-08-10
エル・セラの弓 (鑑定),7,鑑定,1566.86,OLD_REALM,2026-08-10
エル・セラの弓 (鑑定),8,鑑定,3611.0,OLD_REALM,2026-08-10
エル・セラの弓 (鑑定),9,鑑定,5429.06,OLD_REALM,2026-08-10
エル・セラの戦棒 (未鑑定),0,未鑑定,993.81,OLD_REALM,2026-08-10
エル・セラの戦棒 (鑑定),0,鑑定,1050.3300000000002,OLD_REALM,2026-08-10
エル・セラの戦棒 (鑑定),7,鑑定,1103.71,OLD_REALM,2026-08-10
エル・セラの戦棒 (鑑定),8,鑑定,1425.56,OLD_REALM,2026-08-10
エル・セラの戦闘マント (未鑑定),0,未鑑定,109.9,OLD_REALM,2026-08-10
エル・セラの戦闘マント (鑑定),0,鑑定,54.95,OLD_REALM,2026-08-10
エル・セラの戦闘盾 (未鑑定),0,未鑑定,282.6,OLD_REALM,2026-08-10
エル・セラの戦闘盾 (鑑定),0,鑑定,295.16,OLD_REALM,2026-08-10
エル・セラの戦闘盾 (鑑定),10,鑑定,1884.0,OLD_REALM,2026-08-10
エル・セラの戦闘盾 (鑑定),12,鑑定,10867.54,OLD_REALM,2026-08-10
エル・セラの戦闘盾 (鑑定),7,鑑定,516.53,OLD_REALM,2026-08-10
エル・セラの戦闘盾 (鑑定),8,鑑定,942.0,OLD_REALM,2026-08-10
エル・セラの手甲 (未鑑定),0,未鑑定,15.7,OLD_REALM,2026-08-10
エル・セラの手甲 (鑑定),10,鑑定,1256.0,OLD_REALM,2026-08-10
エル・セラの手甲 (鑑定),6,鑑定,314.0,OLD_REALM,2026-08-10
エル・セラの手甲 (鑑定),7,鑑定,510.25,OLD_REALM,2026-08-10
エル・セラの手甲 (鑑定),8,鑑定,397.21,OLD_REALM,2026-08-10
エル・セラの手甲 (鑑定),9,鑑定,747.3199999999999,OLD_REALM,2026-08-10
エル・セラの杖 (未鑑定),0,未鑑定,469.43,OLD_REALM,2026-08-10
エル・セラの杖 (鑑定),0,鑑定,872.92,OLD_REALM,2026-08-10
エル・セラの杖 (鑑定),10,鑑定,2041.0,OLD_REALM,2026-08-10
エル・セラの杖 (鑑定),8,鑑定,626.4300000000001,OLD_REALM,2026-08-10
エル・セラの短剣 (未鑑定),0,未鑑定,502.4,OLD_REALM,2026-08-10
エル・セラの短剣 (鑑定),0,鑑定,715.92,OLD_REALM,2026-08-10
エル・セラの短剣 (鑑定),10,鑑定,4710.0,OLD_REALM,2026-08-10
エル・セラの短剣 (鑑定),6,鑑定,785.0,OLD_REALM,2026-08-10
エル・セラの短剣 (鑑定),8,鑑定,1334.5,OLD_REALM,2026-08-10
エル・セラの短靴 (鑑定),7,鑑定,390.93,OLD_REALM,2026-08-10
エル・セラの短靴 (鑑定),8,鑑定,626.4300000000001,OLD_REALM,2026-08-10
エル・セラの破壊マント (未鑑定),0,未鑑定,109.9,OLD_REALM,2026-08-10
エル・セラの破壊マント (鑑定),3,鑑定,968.69,OLD_REALM,2026-08-10
エル・セラの破壊マント (鑑定),5,鑑定,1256.0,OLD_REALM,2026-08-10
エル・セラの籠手 (未鑑定),0,未鑑定,146.01000000000002,OLD_REALM,2026-08-10
エル・セラの籠手 (鑑定),0,鑑定,229.22,OLD_REALM,2026-08-10
エル・セラの籠手 (鑑定),10,鑑定,3140.0,OLD_REALM,2026-08-10
エル・セラの籠手 (鑑定),12,鑑定,5625.31,OLD_REALM,2026-08-10
エル・セラの籠手 (鑑定),9,鑑定,1570.0,OLD_REALM,2026-08-10
エル・セラの精霊マント (未鑑定),0,未鑑定,56.52,OLD_REALM,2026-08-10
エル・セラの鎧 (鑑定),0,鑑定,78.5,OLD_REALM,2026-08-10
エル・セラの鎧 (鑑定),5,鑑定,26.69,OLD_REALM,2026-08-10
エル・セラの鎧 (鑑定),6,鑑定,28.26,OLD_REALM,2026-08-10
エル・セラの鎧 (鑑定),7,鑑定,235.5,OLD_REALM,2026-08-10
エル・セラの鎧 (鑑定),8,鑑定,373.66,OLD_REALM,2026-08-10
エル・セラの長靴 (未鑑定),0,未鑑定,36.11,OLD_REALM,2026-08-10
エル・セラの長靴 (鑑定),5,鑑定,94.2,OLD_REALM,2026-08-10
エル・セラの長靴 (鑑定),8,鑑定,513.39,OLD_REALM,2026-08-10
エル・セラの長靴 (鑑定),9,鑑定,706.5,OLD_REALM,2026-08-10
エル・セラの革ズボン (未鑑定),0,未鑑定,21.98,OLD_REALM,2026-08-10
エル・セラの革ズボン (鑑定),6,鑑定,314.0,OLD_REALM,2026-08-10
エル・セラの革ズボン (鑑定),7,鑑定,235.5,OLD_REALM,2026-08-10
オペルタのイヤリング,0,なし,1876.15,OLD_REALM,2026-08-10
オペルタのイヤリング,16,なし,5096.22,OLD_REALM,2026-08-10
オペルタのイヤリング,18,なし,7850.0,OLD_REALM,2026-08-10
オペルタのガントレット (未鑑定),0,未鑑定,266.9,OLD_REALM,2026-08-10
オペルタのガントレット (鑑定),0,鑑定,295.16,OLD_REALM,2026-08-10
オペルタのガントレット (鑑定),5,鑑定,785.0,OLD_REALM,2026-08-10
オペルタのガントレット (鑑定),6,鑑定,549.5,OLD_REALM,2026-08-10
オペルタのガントレット (鑑定),8,鑑定,1381.6,OLD_REALM,2026-08-10
オペルタのグリーヴ (未鑑定),0,未鑑定,91.06,OLD_REALM,2026-08-10
オペルタのグリーヴ (鑑定),0,鑑定,94.2,OLD_REALM,2026-08-10
オペルタのグリーヴ (鑑定),5,鑑定,1099.0,OLD_REALM,2026-08-10
オペルタのグリーヴ (鑑定),6,鑑定,157.0,OLD_REALM,2026-08-10
オペルタのグリーヴ (鑑定),7,鑑定,1150.81,OLD_REALM,2026-08-10
オペルタのグリーヴ (鑑定),8,鑑定,312.43,OLD_REALM,2026-08-10
オペルタのグローブ (未鑑定),0,未鑑定,375.23,OLD_REALM,2026-08-10
オペルタのグローブ (鑑定),0,鑑定,309.29,OLD_REALM,2026-08-10
オペルタのグローブ (鑑定),6,鑑定,1029.9199999999998,OLD_REALM,2026-08-10
オペルタのグローブ (鑑定),7,鑑定,3138.43,OLD_REALM,2026-08-10
オペルタのグローブ (鑑定),8,鑑定,1714.44,OLD_REALM,2026-08-10
オペルタのグローブ (鑑定),9,鑑定,5495.0,OLD_REALM,2026-08-10
オペルタのフード (未鑑定),0,未鑑定,422.33,OLD_REALM,2026-08-10
オペルタのフード (鑑定),0,鑑定,416.05,OLD_REALM,2026-08-10
オペルタのフード (鑑定),5,鑑定,4239.0,OLD_REALM,2026-08-10
オペルタのブレスレット,0,なし,1568.43,OLD_REALM,2026-08-10
オペルタのブレスレット,15,なし,4399.14,OLD_REALM,2026-08-10
オペルタのブレスレット,17,なし,4710.0,OLD_REALM,2026-08-10
オペルタのブレスレット,18,なし,5168.4400000000005,OLD_REALM,2026-08-10
オペルタのブレスレット,20,なし,45734.1,OLD_REALM,2026-08-10
オペルタのヘルム (未鑑定),0,未鑑定,105.19,OLD_REALM,2026-08-10
オペルタのヘルム (鑑定),0,鑑定,62.8,OLD_REALM,2026-08-10
オペルタのヘルム (鑑定),5,鑑定,157.0,OLD_REALM,2026-08-10
オペルタのヘルム (鑑定),6,鑑定,307.72,OLD_REALM,2026-08-10
オペルタのヘルム (鑑定),7,鑑定,332.84000000000003,OLD_REALM,2026-08-10
オペルタのヘルム (鑑定),8,鑑定,514.9599999999999,OLD_REALM,2026-08-10
オペルタのベスト (未鑑定),0,未鑑定,580.9,OLD_REALM,2026-08-10
オペルタのベスト (鑑定),0,鑑定,383.08,OLD_REALM,2026-08-10
オペルタのベスト (鑑定),6,鑑定,471.0,OLD_REALM,2026-08-10
オペルタのベスト (鑑定),8,鑑定,3454.0,OLD_REALM,2026-08-10
オペルタのレガース (未鑑定),0,未鑑定,177.41,OLD_REALM,2026-08-10
オペルタのレガース (鑑定),0,鑑定,78.5,OLD_REALM,2026-08-10
オペルタのレガース (鑑定),5,鑑定,109.9,OLD_REALM,2026-08-10
オペルタのレガース (鑑定),6,鑑定,471.0,OLD_REALM,2026-08-10
オペルタのレガース (鑑定),7,鑑定,508.68,OLD_REALM,2026-08-10
オペルタのローブ (未鑑定),0,未鑑定,392.5,OLD_REALM,2026-08-10
オペルタのローブ (鑑定),0,鑑定,379.94,OLD_REALM,2026-08-10
オペルタのローブ (鑑定),5,鑑定,635.85,OLD_REALM,2026-08-10
オペルタのローブ (鑑定),6,鑑定,397.21,OLD_REALM,2026-08-10
オペルタのローブ (鑑定),7,鑑定,785.0,OLD_REALM,2026-08-10
オペルタのローブ (鑑定),8,鑑定,2328.31,OLD_REALM,2026-08-10
オペルタの剣/盾 (鑑定),10,鑑定,40601.77,OLD_REALM,2026-08-10
オペルタの勇猛マント (未鑑定),0,未鑑定,2260.8,OLD_REALM,2026-08-10
オペルタの勇猛マント (鑑定),0,鑑定,2669.0,OLD_REALM,2026-08-10
オペルタの布ズボン (未鑑定),0,未鑑定,103.62,OLD_REALM,2026-08-10
オペルタの布ズボン (鑑定),0,鑑定,65.94,OLD_REALM,2026-08-10
オペルタの布ズボン (鑑定),5,鑑定,152.29,OLD_REALM,2026-08-10
オペルタの布ズボン (鑑定),6,鑑定,232.36,OLD_REALM,2026-08-10
オペルタの布ズボン (鑑定),7,鑑定,1099.0,OLD_REALM,2026-08-10
オペルタの布ズボン (鑑定),8,鑑定,464.72,OLD_REALM,2026-08-10
オペルタの帽子 (未鑑定),0,未鑑定,471.0,OLD_REALM,2026-08-10
オペルタの帽子 (鑑定),0,鑑定,141.3,OLD_REALM,2026-08-10
オペルタの帽子 (鑑定),5,鑑定,314.0,OLD_REALM,2026-08-10
オペルタの帽子 (鑑定),6,鑑定,188.4,OLD_REALM,2026-08-10
オペルタの帽子 (鑑定),8,鑑定,2669.0,OLD_REALM,2026-08-10
オペルタの帽子 (鑑定),9,鑑定,2198.0,OLD_REALM,2026-08-10
オペルタの弓 (鑑定),10,鑑定,46073.22,OLD_REALM,2026-08-10
オペルタの戦闘マント (未鑑定),0,未鑑定,2810.3,OLD_REALM,2026-08-10
オペルタの手甲 (未鑑定),0,未鑑定,155.43,OLD_REALM,2026-08-10
オペルタの手甲 (鑑定),0,鑑定,171.13000000000002,OLD_REALM,2026-08-10
オペルタの手甲 (鑑定),5,鑑定,188.4,OLD_REALM,2026-08-10
オペルタの手甲 (鑑定),6,鑑定,188.4,OLD_REALM,2026-08-10
オペルタの手甲 (鑑定),8,鑑定,1015.79,OLD_REALM,2026-08-10
オペルタの短剣 (鑑定),10,鑑定,48670.0,OLD_REALM,2026-08-10
オペルタの短剣 (鑑定),7,鑑定,50240.0,OLD_REALM,2026-08-10
オペルタの短靴 (未鑑定),0,未鑑定,453.73,OLD_REALM,2026-08-10
オペルタの短靴 (鑑定),0,鑑定,178.98,OLD_REALM,2026-08-10
オペルタの短靴 (鑑定),6,鑑定,329.7,OLD_REALM,2026-08-10
オペルタの短靴 (鑑定),7,鑑定,471.0,OLD_REALM,2026-08-10
オペルタの短靴 (鑑定),8,鑑定,471.0,OLD_REALM,2026-08-10
オペルタの破壊マント (未鑑定),0,未鑑定,2582.65,OLD_REALM,2026-08-10
オペルタの精霊マント (鑑定),2,鑑定,2198.0,OLD_REALM,2026-08-10
オペルタの精霊マント (鑑定),3,鑑定,12961.92,OLD_REALM,2026-08-10
オペルタの鎧 (未鑑定),0,未鑑定,186.83,OLD_REALM,2026-08-10
オペルタの鎧 (鑑定),0,鑑定,153.86,OLD_REALM,2026-08-10
オペルタの鎧 (鑑定),5,鑑定,584.0400000000001,OLD_REALM,2026-08-10
オペルタの鎧 (鑑定),6,鑑定,314.0,OLD_REALM,2026-08-10
オペルタの鎧 (鑑定),8,鑑定,2041.0,OLD_REALM,2026-08-10
オペルタの長靴 (未鑑定),0,未鑑定,141.3,OLD_REALM,2026-08-10
オペルタの長靴 (鑑定),0,鑑定,141.3,OLD_REALM,2026-08-10
オペルタの長靴 (鑑定),10,鑑定,2629.75,OLD_REALM,2026-08-10
オペルタの長靴 (鑑定),5,鑑定,204.1,OLD_REALM,2026-08-10
オペルタの長靴 (鑑定),6,鑑定,188.4,OLD_REALM,2026-08-10
オペルタの長靴 (鑑定),8,鑑定,1256.0,OLD_REALM,2026-08-10
オペルタの革ズボン (未鑑定),0,未鑑定,193.11,OLD_REALM,2026-08-10
オペルタの革ズボン (鑑定),0,鑑定,120.89,OLD_REALM,2026-08-10
オペルタの革ズボン (鑑定),5,鑑定,785.0,OLD_REALM,2026-08-10
オペルタの革ズボン (鑑定),6,鑑定,312.43,OLD_REALM,2026-08-10
オペルタの革ズボン (鑑定),8,鑑定,439.6,OLD_REALM,2026-08-10
オペルタの革ズボン (鑑定),9,鑑定,7850.0,OLD_REALM,2026-08-10
カテノニスのサドル,0,なし,2199.57,OLD_REALM,2026-08-10
ガルバのサドル,0,なし,42.39,OLD_REALM,2026-08-10
クランシアのイヤリング,0,なし,69.08,OLD_REALM,2026-08-10
クランシアのイヤリング,14,なし,379.94,OLD_REALM,2026-08-10
クランシアのイヤリング,15,なし,259.05,OLD_REALM,2026-08-10
クランシアのイヤリング,16,なし,282.6,OLD_REALM,2026-08-10
クランシアのイヤリング,17,なし,816.4,OLD_REALM,2026-08-10
クランシアのガントレット (未鑑定),0,未鑑定,17.27,OLD_REALM,2026-08-10
クランシアのガントレット (鑑定),0,鑑定,15.7,OLD_REALM,2026-08-10
クランシアのガントレット (鑑定),5,鑑定,29.83,OLD_REALM,2026-08-10
クランシアのガントレット (鑑定),6,鑑定,785.0,OLD_REALM,2026-08-10
クランシアのガントレット (鑑定),7,鑑定,54.95,OLD_REALM,2026-08-10
クランシアのガントレット (鑑定),8,鑑定,296.73,OLD_REALM,2026-08-10
クランシアのガントレット (鑑定),9,鑑定,351.68,OLD_REALM,2026-08-10
クランシアのクロスボウ (未鑑定),0,未鑑定,1381.6,OLD_REALM,2026-08-10
クランシアのグリーヴ (未鑑定),0,未鑑定,1256.0,OLD_REALM,2026-08-10
クランシアのフード (未鑑定),0,未鑑定,15.7,OLD_REALM,2026-08-10
クランシアのフード (鑑定),0,鑑定,15.7,OLD_REALM,2026-08-10
クランシアのフード (鑑定),5,鑑定,21.98,OLD_REALM,2026-08-10
クランシアのフード (鑑定),6,鑑定,125.6,OLD_REALM,2026-08-10
クランシアのフード (鑑定),8,鑑定,942.0,OLD_REALM,2026-08-10
クランシアのブレスレット,0,なし,172.70000000000002,OLD_REALM,2026-08-10
クランシアのブレスレット,15,なし,314.0,OLD_REALM,2026-08-10
クランシアのブレスレット,20,なし,3176.11,OLD_REALM,2026-08-10
クランシアのヘルム (未鑑定),0,未鑑定,15.7,OLD_REALM,2026-08-10
クランシアのヘルム (鑑定),0,鑑定,15.7,OLD_REALM,2026-08-10
クランシアのヘルム (鑑定),5,鑑定,29.83,OLD_REALM,2026-08-10
クランシアのヘルム (鑑定),6,鑑定,266.9,OLD_REALM,2026-08-10
クランシアのヘルム (鑑定),7,鑑定,157.0,OLD_REALM,2026-08-10
クランシアのヘルム (鑑定),8,鑑定,392.5,OLD_REALM,2026-08-10
クランシアのベスト (未鑑定),0,未鑑定,568.34,OLD_REALM,2026-08-10
クランシアのベスト (鑑定),6,鑑定,2355.0,OLD_REALM,2026-08-10
クランシアのローブ (未鑑定),0,未鑑定,491.41,OLD_REALM,2026-08-10
クランシアのローブ (鑑定),6,鑑定,1186.9199999999998,OLD_REALM,2026-08-10
クランシアの剣/盾 (未鑑定),0,未鑑定,747.3199999999999,OLD_REALM,2026-08-10
クランシアの剣/盾 (鑑定),0,鑑定,942.0,OLD_REALM,2026-08-10
クランシアの剣/盾 (鑑定),10,鑑定,4710.0,OLD_REALM,2026-08-10
クランシアの剣/盾 (鑑定),7,鑑定,1099.0,OLD_REALM,2026-08-10
クランシアの剣/盾 (鑑定),8,鑑定,1007.94,OLD_REALM,2026-08-10
クランシアの勇猛マント (未鑑定),0,未鑑定,84.78,OLD_REALM,2026-08-10
クランシアの勇猛マント (鑑定),3,鑑定,204.1,OLD_REALM,2026-08-10
クランシアの大剣 (未鑑定),0,未鑑定,849.37,OLD_REALM,2026-08-10
クランシアの布ズボン (未鑑定),0,未鑑定,511.82,OLD_REALM,2026-08-10
クランシアの布ズボン (鑑定),6,鑑定,1177.5,OLD_REALM,2026-08-10
クランシアの帽子 (未鑑定),0,未鑑定,753.6,OLD_REALM,2026-08-10
クランシアの帽子 (鑑定),6,鑑定,1679.9,OLD_REALM,2026-08-10
クランシアの弓 (未鑑定),0,未鑑定,1290.5400000000002,OLD_REALM,2026-08-10
クランシアの弓 (鑑定),10,鑑定,4553.0,OLD_REALM,2026-08-10
クランシアの弓 (鑑定),12,鑑定,11775.0,OLD_REALM,2026-08-10
クランシアの弓 (鑑定),8,鑑定,1256.0,OLD_REALM,2026-08-10
クランシアの戦棒 (未鑑定),0,未鑑定,1020.5,OLD_REALM,2026-08-10
クランシアの戦棒 (鑑定),10,鑑定,5356.839999999999,OLD_REALM,2026-08-10
クランシアの戦棒 (鑑定),7,鑑定,1384.74,OLD_REALM,2026-08-10
クランシアの戦棒 (鑑定),8,鑑定,2826.0,OLD_REALM,2026-08-10
クランシアの戦棒 (鑑定),9,鑑定,2041.0,OLD_REALM,2026-08-10
クランシアの戦闘マント (未鑑定),0,未鑑定,146.01000000000002,OLD_REALM,2026-08-10
クランシアの戦闘盾 (未鑑定),0,未鑑定,863.5,OLD_REALM,2026-08-10
クランシアの戦闘盾 (鑑定),12,鑑定,12246.0,OLD_REALM,2026-08-10
クランシアの戦闘盾 (鑑定),7,鑑定,628.0,OLD_REALM,2026-08-10
クランシアの手甲 (未鑑定),0,未鑑定,15.7,OLD_REALM,2026-08-10
クランシアの手甲 (鑑定),0,鑑定,15.7,OLD_REALM,2026-08-10
クランシアの手甲 (鑑定),5,鑑定,78.5,OLD_REALM,2026-08-10
クランシアの手甲 (鑑定),9,鑑定,2355.0,OLD_REALM,2026-08-10
クランシアの杖 (鑑定),10,鑑定,1811.78,OLD_REALM,2026-08-10
クランシアの短剣 (未鑑定),0,未鑑定,1051.9,OLD_REALM,2026-08-10
クランシアの短剣 (鑑定),0,鑑定,1256.0,OLD_REALM,2026-08-10
クランシアの短剣 (鑑定),8,鑑定,1554.3,OLD_REALM,2026-08-10
クランシアの短靴 (未鑑定),0,未鑑定,942.0,OLD_REALM,2026-08-10
クランシアの破壊マント (鑑定),1,鑑定,1560.58,OLD_REALM,2026-08-10
クランシアの籠手 (未鑑定),0,未鑑定,169.56,OLD_REALM,2026-08-10
クランシアの籠手 (鑑定),0,鑑定,257.48,OLD_REALM,2026-08-10
クランシアの籠手 (鑑定),7,鑑定,464.72,OLD_REALM,2026-08-10
クランシアの籠手 (鑑定),8,鑑定,775.58,OLD_REALM,2026-08-10
クランシアの精霊マント (未鑑定),0,未鑑定,83.21000000000001,OLD_REALM,2026-08-10
クランシアの精霊マント (鑑定),0,鑑定,314.0,OLD_REALM,2026-08-10
クランシアの精霊マント (鑑定),3,鑑定,157.0,OLD_REALM,2026-08-10
クランシアの革ズボン (未鑑定),0,未鑑定,560.49,OLD_REALM,2026-08-10
クロスボウ：ハンターの証,0,なし,8917.6,OLD_REALM,2026-08-10
クロスボウ：距離調節,0,なし,15.7,OLD_REALM,2026-08-10
クロスボウ：鋭い矢,0,なし,15.7,OLD_REALM,2026-08-10
グレイシスのサドル,0,なし,580.9,OLD_REALM,2026-08-10
ケルサのサドル,0,なし,42.39,OLD_REALM,2026-08-10
サイド：処刑準備,0,なし,142.87,OLD_REALM,2026-08-10
サイド：魂の循環,0,なし,142.87,OLD_REALM,2026-08-10
サイド：魔力反発,0,なし,9038.49,OLD_REALM,2026-08-10
ジュピターのサドル,0,なし,855.65,OLD_REALM,2026-08-10
セラドのイヤリング,0,なし,45.53,OLD_REALM,2026-08-10
セラドのイヤリング,12,なし,306.15,OLD_REALM,2026-08-10
セラドのイヤリング,15,なし,131.88,OLD_REALM,2026-08-10
セラドのイヤリング,17,なし,345.40000000000003,OLD_REALM,2026-08-10
セラドのイヤリング,18,なし,335.98,OLD_REALM,2026-08-10
セラドのイヤリング,20,なし,3105.46,OLD_REALM,2026-08-10
セラドのガントレット (未鑑定),0,未鑑定,15.7,OLD_REALM,2026-08-10
セラドのガントレット (鑑定),0,鑑定,15.7,OLD_REALM,2026-08-10
セラドのガントレット (鑑定),10,鑑定,483.56,OLD_REALM,2026-08-10
セラドのガントレット (鑑定),11,鑑定,2198.0,OLD_REALM,2026-08-10
セラドのガントレット (鑑定),5,鑑定,15.7,OLD_REALM,2026-08-10
セラドのガントレット (鑑定),6,鑑定,18.84,OLD_REALM,2026-08-10
セラドのガントレット (鑑定),7,鑑定,62.8,OLD_REALM,2026-08-10
セラドのガントレット (鑑定),8,鑑定,120.89,OLD_REALM,2026-08-10
セラドのガントレット (鑑定),9,鑑定,216.66,OLD_REALM,2026-08-10
セラドのクロスボウ (未鑑定),0,未鑑定,125.6,OLD_REALM,2026-08-10
セラドのクロスボウ (鑑定),0,鑑定,130.31,OLD_REALM,2026-08-10
セラドのクロスボウ (鑑定),10,鑑定,1025.21,OLD_REALM,2026-08-10
セラドのクロスボウ (鑑定),12,鑑定,4140.09,OLD_REALM,2026-08-10
セラドのクロスボウ (鑑定),7,鑑定,135.02,OLD_REALM,2026-08-10
セラドのクロスボウ (鑑定),8,鑑定,863.5,OLD_REALM,2026-08-10
セラドのクロスボウ (鑑定),9,鑑定,596.6,OLD_REALM,2026-08-10
セラドのグリーヴ (未鑑定),0,未鑑定,15.7,OLD_REALM,2026-08-10
セラドのグリーヴ (鑑定),0,鑑定,15.7,OLD_REALM,2026-08-10
セラドのグリーヴ (鑑定),5,鑑定,15.7,OLD_REALM,2026-08-10
セラドのグローブ (未鑑定),0,未鑑定,15.7,OLD_REALM,2026-08-10
セラドのグローブ (鑑定),0,鑑定,15.7,OLD_REALM,2026-08-10
セラドのグローブ (鑑定),10,鑑定,643.6999999999999,OLD_REALM,2026-08-10
セラドのグローブ (鑑定),5,鑑定,15.7,OLD_REALM,2026-08-10
セラドのグローブ (鑑定),6,鑑定,78.5,OLD_REALM,2026-08-10
セラドのグローブ (鑑定),7,鑑定,157.0,OLD_REALM,2026-08-10
セラドのグローブ (鑑定),8,鑑定,282.6,OLD_REALM,2026-08-10
セラドのサイド (未鑑定),0,未鑑定,549.5,OLD_REALM,2026-08-10
セラドのサイド (鑑定),0,鑑定,764.59,OLD_REALM,2026-08-10
セラドのサイド (鑑定),10,鑑定,2669.0,OLD_REALM,2026-08-10
セラドのサイド (鑑定),7,鑑定,1050.3300000000002,OLD_REALM,2026-08-10
セラドのサイド (鑑定),8,鑑定,1099.0,OLD_REALM,2026-08-10
セラドのサイド (鑑定),9,鑑定,2317.32,OLD_REALM,2026-08-10
セラドのフード (未鑑定),0,未鑑定,78.5,OLD_REALM,2026-08-10
セラドのフード (鑑定),11,鑑定,871.35,OLD_REALM,2026-08-10
セラドのフード (鑑定),5,鑑定,128.73999999999998,OLD_REALM,2026-08-10
セラドのブレスレット,0,なし,455.3,OLD_REALM,2026-08-10
セラドのブレスレット,13,なし,471.0,OLD_REALM,2026-08-10
セラドのヘルム (未鑑定),0,未鑑定,15.7,OLD_REALM,2026-08-10
セラドのヘルム (鑑定),0,鑑定,17.27,OLD_REALM,2026-08-10
セラドのヘルム (鑑定),5,鑑定,17.27,OLD_REALM,2026-08-10
セラドのヘルム (鑑定),6,鑑定,17.27,OLD_REALM,2026-08-10
セラドのヘルム (鑑定),7,鑑定,157.0,OLD_REALM,2026-08-10
セラドのヘルム (鑑定),8,鑑定,298.3,OLD_REALM,2026-08-10
セラドのベスト (未鑑定),0,未鑑定,15.7,OLD_REALM,2026-08-10
セラドのベスト (鑑定),0,鑑定,15.7,OLD_REALM,2026-08-10
セラドのベスト (鑑定),11,鑑定,1163.37,OLD_REALM,2026-08-10
セラドのベスト (鑑定),5,鑑定,15.7,OLD_REALM,2026-08-10
セラドのベスト (鑑定),6,鑑定,64.36999999999999,OLD_REALM,2026-08-10
セラドのベスト (鑑定),7,鑑定,130.31,OLD_REALM,2026-08-10
セラドのベスト (鑑定),8,鑑定,392.5,OLD_REALM,2026-08-10
セラドのレガース (未鑑定),0,未鑑定,15.7,OLD_REALM,2026-08-10
セラドのレガース (鑑定),0,鑑定,15.7,OLD_REALM,2026-08-10
セラドのレガース (鑑定),5,鑑定,15.7,OLD_REALM,2026-08-10
セラドのレガース (鑑定),6,鑑定,25.12,OLD_REALM,2026-08-10
セラドのレガース (鑑定),7,鑑定,62.8,OLD_REALM,2026-08-10
セラドのレガース (鑑定),9,鑑定,379.94,OLD_REALM,2026-08-10
セラドのローブ (未鑑定),0,未鑑定,15.7,OLD_REALM,2026-08-10
セラドのローブ (鑑定),0,鑑定,15.7,OLD_REALM,2026-08-10
セラドのローブ (鑑定),10,鑑定,628.0,OLD_REALM,2026-08-10
セラドのローブ (鑑定),5,鑑定,15.7,OLD_REALM,2026-08-10
セラドのローブ (鑑定),6,鑑定,37.68,OLD_REALM,2026-08-10
セラドのローブ (鑑定),7,鑑定,114.61,OLD_REALM,2026-08-10
セラドのローブ (鑑定),8,鑑定,312.43,OLD_REALM,2026-08-10
セラドの剣/盾 (未鑑定),0,未鑑定,131.88,OLD_REALM,2026-08-10
セラドの剣/盾 (鑑定),0,鑑定,172.70000000000002,OLD_REALM,2026-08-10
セラドの剣/盾 (鑑定),10,鑑定,706.5,OLD_REALM,2026-08-10
セラドの剣/盾 (鑑定),12,鑑定,3105.46,OLD_REALM,2026-08-10
セラドの剣/盾 (鑑定),7,鑑定,157.0,OLD_REALM,2026-08-10
セラドの剣/盾 (鑑定),8,鑑定,361.1,OLD_REALM,2026-08-10
セラドの剣/盾 (鑑定),9,鑑定,785.0,OLD_REALM,2026-08-10
セラドの勇猛マント (未鑑定),0,未鑑定,45.53,OLD_REALM,2026-08-10
セラドの勇猛マント (鑑定),0,鑑定,314.0,OLD_REALM,2026-08-10
セラドの勇猛マント (鑑定),2,鑑定,392.5,OLD_REALM,2026-08-10
セラドの勇猛マント (鑑定),5,鑑定,3879.47,OLD_REALM,2026-08-10
セラドの大剣 (未鑑定),0,未鑑定,109.9,OLD_REALM,2026-08-10
セラドの大剣 (鑑定),0,鑑定,149.15,OLD_REALM,2026-08-10
セラドの大剣 (鑑定),10,鑑定,596.6,OLD_REALM,2026-08-10
セラドの大剣 (鑑定),11,鑑定,1256.0,OLD_REALM,2026-08-10
セラドの大剣 (鑑定),12,鑑定,2328.31,OLD_REALM,2026-08-10
セラドの大剣 (鑑定),7,鑑定,141.3,OLD_REALM,2026-08-10
セラドの大剣 (鑑定),8,鑑定,381.5100000000001,OLD_REALM,2026-08-10
セラドの大剣 (鑑定),9,鑑定,455.3,OLD_REALM,2026-08-10
セラドの布ズボン (未鑑定),0,未鑑定,15.7,OLD_REALM,2026-08-10
セラドの布ズボン (鑑定),0,鑑定,15.7,OLD_REALM,2026-08-10
セラドの布ズボン (鑑定),10,鑑定,362.67,OLD_REALM,2026-08-10
セラドの布ズボン (鑑定),11,鑑定,596.6,OLD_REALM,2026-08-10
セラドの布ズボン (鑑定),5,鑑定,15.7,OLD_REALM,2026-08-10
セラドの布ズボン (鑑定),6,鑑定,37.68,OLD_REALM,2026-08-10
セラドの布ズボン (鑑定),7,鑑定,157.0,OLD_REALM,2026-08-10
セラドの布ズボン (鑑定),8,鑑定,232.36,OLD_REALM,2026-08-10
セラドの布ズボン (鑑定),9,鑑定,314.0,OLD_REALM,2026-08-10
セラドの帽子 (未鑑定),0,未鑑定,15.7,OLD_REALM,2026-08-10
セラドの帽子 (鑑定),0,鑑定,15.7,OLD_REALM,2026-08-10
セラドの帽子 (鑑定),10,鑑定,204.1,OLD_REALM,2026-08-10
セラドの帽子 (鑑定),11,鑑定,894.9,OLD_REALM,2026-08-10
セラドの帽子 (鑑定),5,鑑定,15.7,OLD_REALM,2026-08-10
セラドの帽子 (鑑定),6,鑑定,37.68,OLD_REALM,2026-08-10
セラドの帽子 (鑑定),7,鑑定,157.0,OLD_REALM,2026-08-10
セラドの帽子 (鑑定),8,鑑定,471.0,OLD_REALM,2026-08-10
セラドの弓 (未鑑定),0,未鑑定,246.49,OLD_REALM,2026-08-10
セラドの弓 (鑑定),0,鑑定,392.5,OLD_REALM,2026-08-10
セラドの弓 (鑑定),10,鑑定,1020.5,OLD_REALM,2026-08-10
セラドの弓 (鑑定),11,鑑定,5722.650000000001,OLD_REALM,2026-08-10
セラドの弓 (鑑定),12,鑑定,6594.0,OLD_REALM,2026-08-10
セラドの弓 (鑑定),7,鑑定,549.5,OLD_REALM,2026-08-10
セラドの弓 (鑑定),8,鑑定,568.34,OLD_REALM,2026-08-10
セラドの弓 (鑑定),9,鑑定,690.8000000000001,OLD_REALM,2026-08-10
セラドの戦棒 (未鑑定),0,未鑑定,309.29,OLD_REALM,2026-08-10
セラドの戦棒 (鑑定),0,鑑定,392.5,OLD_REALM,2026-08-10
セラドの戦棒 (鑑定),10,鑑定,1171.22,OLD_REALM,2026-08-10
セラドの戦棒 (鑑定),11,鑑定,1884.0,OLD_REALM,2026-08-10
セラドの戦棒 (鑑定),12,鑑定,2904.5,OLD_REALM,2026-08-10
セラドの戦棒 (鑑定),15,鑑定,125600.0,OLD_REALM,2026-08-10
セラドの戦棒 (鑑定),6,鑑定,471.0,OLD_REALM,2026-08-10
セラドの戦棒 (鑑定),7,鑑定,389.36,OLD_REALM,2026-08-10
セラドの戦棒 (鑑定),8,鑑定,879.1999999999999,OLD_REALM,2026-08-10
セラドの戦棒 (鑑定),9,鑑定,628.0,OLD_REALM,2026-08-10
セラドの戦闘マント (未鑑定),0,未鑑定,58.09,OLD_REALM,2026-08-10
セラドの戦闘盾 (未鑑定),0,未鑑定,117.75,OLD_REALM,2026-08-10
セラドの戦闘盾 (鑑定),0,鑑定,392.5,OLD_REALM,2026-08-10
セラドの戦闘盾 (鑑定),10,鑑定,518.1,OLD_REALM,2026-08-10
セラドの戦闘盾 (鑑定),11,鑑定,1962.5,OLD_REALM,2026-08-10
セラドの戦闘盾 (鑑定),12,鑑定,3485.4,OLD_REALM,2026-08-10
セラドの戦闘盾 (鑑定),6,鑑定,785.0,OLD_REALM,2026-08-10
セラドの戦闘盾 (鑑定),7,鑑定,516.53,OLD_REALM,2026-08-10
セラドの戦闘盾 (鑑定),8,鑑定,266.9,OLD_REALM,2026-08-10
セラドの手甲 (未鑑定),0,未鑑定,15.7,OLD_REALM,2026-08-10
セラドの手甲 (鑑定),0,鑑定,15.7,OLD_REALM,2026-08-10
セラドの手甲 (鑑定),10,鑑定,387.79,OLD_REALM,2026-08-10
セラドの手甲 (鑑定),5,鑑定,15.7,OLD_REALM,2026-08-10
セラドの手甲 (鑑定),6,鑑定,45.53,OLD_REALM,2026-08-10
セラドの手甲 (鑑定),7,鑑定,157.0,OLD_REALM,2026-08-10
セラドの杖 (未鑑定),0,未鑑定,139.73,OLD_REALM,2026-08-10
セラドの杖 (鑑定),0,鑑定,153.86,OLD_REALM,2026-08-10
セラドの杖 (鑑定),10,鑑定,706.5,OLD_REALM,2026-08-10
セラドの杖 (鑑定),12,鑑定,1884.0,OLD_REALM,2026-08-10
セラドの杖 (鑑定),13,鑑定,9420.0,OLD_REALM,2026-08-10
セラドの杖 (鑑定),6,鑑定,361.1,OLD_REALM,2026-08-10
セラドの杖 (鑑定),7,鑑定,157.0,OLD_REALM,2026-08-10
セラドの杖 (鑑定),8,鑑定,471.0,OLD_REALM,2026-08-10
セラドの杖 (鑑定),9,鑑定,769.3000000000001,OLD_REALM,2026-08-10
セラドの短剣 (未鑑定),0,未鑑定,188.4,OLD_REALM,2026-08-10
セラドの短剣 (鑑定),0,鑑定,218.23,OLD_REALM,2026-08-10
セラドの短剣 (鑑定),10,鑑定,863.5,OLD_REALM,2026-08-10
セラドの短剣 (鑑定),11,鑑定,2328.31,OLD_REALM,2026-08-10
セラドの短剣 (鑑定),12,鑑定,3161.98,OLD_REALM,2026-08-10
セラドの短剣 (鑑定),7,鑑定,213.52,OLD_REALM,2026-08-10
セラドの短剣 (鑑定),8,鑑定,634.28,OLD_REALM,2026-08-10
セラドの短靴 (未鑑定),0,未鑑定,15.7,OLD_REALM,2026-08-10
セラドの短靴 (鑑定),0,鑑定,15.7,OLD_REALM,2026-08-10
セラドの短靴 (鑑定),10,鑑定,384.65,OLD_REALM,2026-08-10
セラドの短靴 (鑑定),5,鑑定,15.7,OLD_REALM,2026-08-10
セラドの短靴 (鑑定),6,鑑定,114.61,OLD_REALM,2026-08-10
セラドの短靴 (鑑定),7,鑑定,153.86,OLD_REALM,2026-08-10
セラドの短靴 (鑑定),9,鑑定,706.5,OLD_REALM,2026-08-10
セラドの破壊マント (未鑑定),0,未鑑定,54.95,OLD_REALM,2026-08-10
セラドの籠手 (未鑑定),0,未鑑定,76.92999999999999,OLD_REALM,2026-08-10
セラドの籠手 (鑑定),0,鑑定,76.92999999999999,OLD_REALM,2026-08-10
セラドの籠手 (鑑定),10,鑑定,359.53000000000003,OLD_REALM,2026-08-10
セラドの籠手 (鑑定),12,鑑定,1334.5,OLD_REALM,2026-08-10
セラドの籠手 (鑑定),7,鑑定,75.36,OLD_REALM,2026-08-10
セラドの籠手 (鑑定),8,鑑定,196.25,OLD_REALM,2026-08-10
セラドの籠手 (鑑定),9,鑑定,533.8,OLD_REALM,2026-08-10
セラドの精霊マント (未鑑定),0,未鑑定,243.35,OLD_REALM,2026-08-10
セラドの精霊マント (鑑定),2,鑑定,544.7900000000001,OLD_REALM,2026-08-10
セラドの鎧 (未鑑定),0,未鑑定,15.7,OLD_REALM,2026-08-10
セラドの鎧 (鑑定),0,鑑定,15.7,OLD_REALM,2026-08-10
セラドの鎧 (鑑定),5,鑑定,15.7,OLD_REALM,2026-08-10
セラドの鎧 (鑑定),6,鑑定,23.55,OLD_REALM,2026-08-10
セラドの鎧 (鑑定),7,鑑定,94.2,OLD_REALM,2026-08-10
セラドの鎧 (鑑定),8,鑑定,290.45,OLD_REALM,2026-08-10
セラドの長靴 (未鑑定),0,未鑑定,15.7,OLD_REALM,2026-08-10
セラドの長靴 (鑑定),0,鑑定,15.7,OLD_REALM,2026-08-10
セラドの長靴 (鑑定),10,鑑定,488.27,OLD_REALM,2026-08-10
セラドの長靴 (鑑定),11,鑑定,628.0,OLD_REALM,2026-08-10
セラドの長靴 (鑑定),5,鑑定,15.7,OLD_REALM,2026-08-10
セラドの長靴 (鑑定),6,鑑定,18.84,OLD_REALM,2026-08-10
セラドの長靴 (鑑定),7,鑑定,157.0,OLD_REALM,2026-08-10
セラドの長靴 (鑑定),8,鑑定,486.7,OLD_REALM,2026-08-10
セラドの長靴 (鑑定),9,鑑定,188.4,OLD_REALM,2026-08-10
セラドの革ズボン (未鑑定),0,未鑑定,15.7,OLD_REALM,2026-08-10
セラドの革ズボン (鑑定),0,鑑定,15.7,OLD_REALM,2026-08-10
セラドの革ズボン (鑑定),5,鑑定,15.7,OLD_REALM,2026-08-10
セラドの革ズボン (鑑定),6,鑑定,31.4,OLD_REALM,2026-08-10
セラドの革ズボン (鑑定),7,鑑定,157.0,OLD_REALM,2026-08-10
セラドの革ズボン (鑑定),8,鑑定,141.3,OLD_REALM,2026-08-10
セラドの革ズボン (鑑定),9,鑑定,486.7,OLD_REALM,2026-08-10
セルスのイヤリング,0,なし,1529.18,OLD_REALM,2026-08-10
セルスのイヤリング,10,なし,1993.9,OLD_REALM,2026-08-10
セルスのイヤリング,13,なし,2006.46,OLD_REALM,2026-08-10
セルスのイヤリング,16,なし,8635.0,OLD_REALM,2026-08-10
セルスのガントレット (未鑑定),0,未鑑定,73.78999999999999,OLD_REALM,2026-08-10
セルスのガントレット (鑑定),0,鑑定,45.53,OLD_REALM,2026-08-10
セルスのガントレット (鑑定),10,鑑定,3140.0,OLD_REALM,2026-08-10
セルスのガントレット (鑑定),4,鑑定,188.4,OLD_REALM,2026-08-10
セルスのガントレット (鑑定),5,鑑定,172.70000000000002,OLD_REALM,2026-08-10
セルスのガントレット (鑑定),6,鑑定,136.59,OLD_REALM,2026-08-10
セルスのガントレット (鑑定),7,鑑定,306.15,OLD_REALM,2026-08-10
セルスのガントレット (鑑定),8,鑑定,427.04,OLD_REALM,2026-08-10
セルスのガントレット (鑑定),9,鑑定,2826.0,OLD_REALM,2026-08-10
セルスのクロスボウ (鑑定),10,鑑定,22895.31,OLD_REALM,2026-08-10
セルスのグリーヴ (未鑑定),0,未鑑定,86.35000000000001,OLD_REALM,2026-08-10
セルスのグリーヴ (鑑定),0,鑑定,73.78999999999999,OLD_REALM,2026-08-10
セルスのグリーヴ (鑑定),4,鑑定,125.6,OLD_REALM,2026-08-10
セルスのグリーヴ (鑑定),5,鑑定,54.95,OLD_REALM,2026-08-10
セルスのグリーヴ (鑑定),6,鑑定,188.4,OLD_REALM,2026-08-10
セルスのグリーヴ (鑑定),7,鑑定,392.5,OLD_REALM,2026-08-10
セルスのグリーヴ (鑑定),8,鑑定,384.65,OLD_REALM,2026-08-10
セルスのグリーヴ (鑑定),9,鑑定,1884.0,OLD_REALM,2026-08-10
セルスのグローブ (未鑑定),0,未鑑定,288.88,OLD_REALM,2026-08-10
セルスのグローブ (鑑定),0,鑑定,249.63,OLD_REALM,2026-08-10
セルスのグローブ (鑑定),4,鑑定,471.0,OLD_REALM,2026-08-10
セルスのグローブ (鑑定),5,鑑定,649.9799999999999,OLD_REALM,2026-08-10
セルスのグローブ (鑑定),6,鑑定,361.1,OLD_REALM,2026-08-10
セルスのグローブ (鑑定),7,鑑定,1290.5400000000002,OLD_REALM,2026-08-10
セルスのグローブ (鑑定),8,鑑定,1413.0,OLD_REALM,2026-08-10
セルスのグローブ (鑑定),9,鑑定,5024.0,OLD_REALM,2026-08-10
セルスのサイド (未鑑定),0,未鑑定,65274.32,OLD_REALM,2026-08-10
セルスのサイド (鑑定),10,鑑定,103569.76,OLD_REALM,2026-08-10
セルスのフード (未鑑定),0,未鑑定,177.41,OLD_REALM,2026-08-10
セルスのフード (鑑定),0,鑑定,117.75,OLD_REALM,2026-08-10
セルスのフード (鑑定),11,鑑定,36110.0,OLD_REALM,2026-08-10
セルスのフード (鑑定),4,鑑定,612.3,OLD_REALM,2026-08-10
セルスのフード (鑑定),5,鑑定,117.75,OLD_REALM,2026-08-10
セルスのフード (鑑定),6,鑑定,157.0,OLD_REALM,2026-08-10
セルスのフード (鑑定),7,鑑定,643.6999999999999,OLD_REALM,2026-08-10
セルスのフード (鑑定),8,鑑定,942.0,OLD_REALM,2026-08-10
セルスのブレスレット,0,なし,1543.31,OLD_REALM,2026-08-10
セルスのブレスレット,18,なし,4694.3,OLD_REALM,2026-08-10
セルスのヘルム (未鑑定),0,未鑑定,70.65,OLD_REALM,2026-08-10
セルスのヘルム (鑑定),0,鑑定,62.8,OLD_REALM,2026-08-10
セルスのヘルム (鑑定),10,鑑定,1570.0,OLD_REALM,2026-08-10
セルスのヘルム (鑑定),5,鑑定,116.18,OLD_REALM,2026-08-10
セルスのヘルム (鑑定),6,鑑定,128.73999999999998,OLD_REALM,2026-08-10
セルスのヘルム (鑑定),7,鑑定,314.0,OLD_REALM,2026-08-10
セルスのヘルム (鑑定),8,鑑定,690.8000000000001,OLD_REALM,2026-08-10
セルスのヘルム (鑑定),9,鑑定,1293.68,OLD_REALM,2026-08-10
セルスのベスト (未鑑定),0,未鑑定,147.57999999999998,OLD_REALM,2026-08-10
セルスのベスト (鑑定),0,鑑定,89.49,OLD_REALM,2026-08-10
セルスのベスト (鑑定),5,鑑定,298.3,OLD_REALM,2026-08-10
セルスのベスト (鑑定),6,鑑定,86.35000000000001,OLD_REALM,2026-08-10
セルスのベスト (鑑定),7,鑑定,916.88,OLD_REALM,2026-08-10
セルスのベスト (鑑定),8,鑑定,763.0200000000001,OLD_REALM,2026-08-10
セルスのベスト (鑑定),9,鑑定,1447.5400000000002,OLD_REALM,2026-08-10
セルスのレガース (未鑑定),0,未鑑定,76.92999999999999,OLD_REALM,2026-08-10
セルスのレガース (鑑定),0,鑑定,62.8,OLD_REALM,2026-08-10
セルスのレガース (鑑定),11,鑑定,6280.0,OLD_REALM,2026-08-10
セルスのレガース (鑑定),4,鑑定,64.36999999999999,OLD_REALM,2026-08-10
セルスのレガース (鑑定),5,鑑定,64.36999999999999,OLD_REALM,2026-08-10
セルスのレガース (鑑定),6,鑑定,117.75,OLD_REALM,2026-08-10
セルスのレガース (鑑定),7,鑑定,235.5,OLD_REALM,2026-08-10
セルスのレガース (鑑定),8,鑑定,251.2,OLD_REALM,2026-08-10
セルスのローブ (未鑑定),0,未鑑定,116.18,OLD_REALM,2026-08-10
セルスのローブ (鑑定),0,鑑定,125.6,OLD_REALM,2026-08-10
セルスのローブ (鑑定),5,鑑定,124.03,OLD_REALM,2026-08-10
セルスのローブ (鑑定),6,鑑定,219.8,OLD_REALM,2026-08-10
セルスのローブ (鑑定),7,鑑定,471.0,OLD_REALM,2026-08-10
セルスのローブ (鑑定),8,鑑定,996.95,OLD_REALM,2026-08-10
セルスのローブ (鑑定),9,鑑定,1219.89,OLD_REALM,2026-08-10
セルスの剣/盾 (未鑑定),0,未鑑定,18818.02,OLD_REALM,2026-08-10
セルスの剣/盾 (鑑定),0,鑑定,14915.0,OLD_REALM,2026-08-10
セルスの剣/盾 (鑑定),8,鑑定,8635.0,OLD_REALM,2026-08-10
セルスの剣/盾 (鑑定),9,鑑定,18084.83,OLD_REALM,2026-08-10
セルスの勇猛マント (鑑定),2,鑑定,1546.45,OLD_REALM,2026-08-10
セルスの勇猛マント (鑑定),5,鑑定,34540.0,OLD_REALM,2026-08-10
セルスの大剣 (未鑑定),0,未鑑定,10966.45,OLD_REALM,2026-08-10
セルスの大剣 (鑑定),10,鑑定,14444.0,OLD_REALM,2026-08-10
セルスの大剣 (鑑定),8,鑑定,14257.17,OLD_REALM,2026-08-10
セルスの大剣 (鑑定),9,鑑定,27128.03,OLD_REALM,2026-08-10
セルスの布ズボン (未鑑定),0,未鑑定,67.51,OLD_REALM,2026-08-10
セルスの布ズボン (鑑定),0,鑑定,54.95,OLD_REALM,2026-08-10
セルスの布ズボン (鑑定),10,鑑定,1489.93,OLD_REALM,2026-08-10
セルスの布ズボン (鑑定),4,鑑定,65.94,OLD_REALM,2026-08-10
セルスの布ズボン (鑑定),5,鑑定,62.8,OLD_REALM,2026-08-10
セルスの布ズボン (鑑定),6,鑑定,51.81,OLD_REALM,2026-08-10
セルスの布ズボン (鑑定),7,鑑定,312.43,OLD_REALM,2026-08-10
セルスの布ズボン (鑑定),8,鑑定,282.6,OLD_REALM,2026-08-10
セルスの布ズボン (鑑定),9,鑑定,1570.0,OLD_REALM,2026-08-10
セルスの帽子 (未鑑定),0,未鑑定,92.63,OLD_REALM,2026-08-10
セルスの帽子 (鑑定),0,鑑定,62.8,OLD_REALM,2026-08-10
セルスの帽子 (鑑定),5,鑑定,67.51,OLD_REALM,2026-08-10
セルスの帽子 (鑑定),6,鑑定,157.0,OLD_REALM,2026-08-10
セルスの帽子 (鑑定),7,鑑定,84.78,OLD_REALM,2026-08-10
セルスの帽子 (鑑定),8,鑑定,324.98999999999995,OLD_REALM,2026-08-10
セルスの帽子 (鑑定),9,鑑定,775.58,OLD_REALM,2026-08-10
セルスの弓 (未鑑定),0,未鑑定,14130.0,OLD_REALM,2026-08-10
セルスの弓 (鑑定),10,鑑定,28762.4,OLD_REALM,2026-08-10
セルスの弓 (鑑定),8,鑑定,12547.44,OLD_REALM,2026-08-10
セルスの弓 (鑑定),9,鑑定,29045.0,OLD_REALM,2026-08-10
セルスの戦棒 (未鑑定),0,未鑑定,15700.0,OLD_REALM,2026-08-10
セルスの戦棒 (鑑定),10,鑑定,24082.23,OLD_REALM,2026-08-10
セルスの戦棒 (鑑定),8,鑑定,15543.0,OLD_REALM,2026-08-10
セルスの戦闘マント (未鑑定),0,未鑑定,1570.0,OLD_REALM,2026-08-10
セルスの戦闘マント (鑑定),0,鑑定,1940.52,OLD_REALM,2026-08-10
セルスの戦闘マント (鑑定),2,鑑定,2986.14,OLD_REALM,2026-08-10
セルスの戦闘盾 (未鑑定),0,未鑑定,7754.23,OLD_REALM,2026-08-10
セルスの戦闘盾 (鑑定),10,鑑定,16711.079999999998,OLD_REALM,2026-08-10
セルスの戦闘盾 (鑑定),8,鑑定,8457.59,OLD_REALM,2026-08-10
セルスの手甲 (未鑑定),0,未鑑定,100.48,OLD_REALM,2026-08-10
セルスの手甲 (鑑定),0,鑑定,56.52,OLD_REALM,2026-08-10
セルスの手甲 (鑑定),10,鑑定,4601.67,OLD_REALM,2026-08-10
セルスの手甲 (鑑定),4,鑑定,257.48,OLD_REALM,2026-08-10
セルスの手甲 (鑑定),5,鑑定,56.52,OLD_REALM,2026-08-10
セルスの手甲 (鑑定),6,鑑定,78.5,OLD_REALM,2026-08-10
セルスの手甲 (鑑定),7,鑑定,157.0,OLD_REALM,2026-08-10
セルスの手甲 (鑑定),8,鑑定,350.11,OLD_REALM,2026-08-10
セルスの手甲 (鑑定),9,鑑定,1020.5,OLD_REALM,2026-08-10
セルスの杖 (未鑑定),0,未鑑定,15530.44,OLD_REALM,2026-08-10
セルスの杖 (鑑定),0,鑑定,21980.0,OLD_REALM,2026-08-10
セルスの杖 (鑑定),10,鑑定,11947.7,OLD_REALM,2026-08-10
セルスの杖 (鑑定),8,鑑定,7540.71,OLD_REALM,2026-08-10
セルスの短剣 (鑑定),10,鑑定,23289.38,OLD_REALM,2026-08-10
セルスの短剣 (鑑定),8,鑑定,16304.45,OLD_REALM,2026-08-10
セルスの短靴 (未鑑定),0,未鑑定,193.11,OLD_REALM,2026-08-10
セルスの短靴 (鑑定),0,鑑定,130.31,OLD_REALM,2026-08-10
セルスの短靴 (鑑定),4,鑑定,2826.0,OLD_REALM,2026-08-10
セルスの短靴 (鑑定),5,鑑定,149.15,OLD_REALM,2026-08-10
セルスの短靴 (鑑定),6,鑑定,188.4,OLD_REALM,2026-08-10
セルスの短靴 (鑑定),7,鑑定,584.0400000000001,OLD_REALM,2026-08-10
セルスの短靴 (鑑定),8,鑑定,626.4300000000001,OLD_REALM,2026-08-10
セルスの短靴 (鑑定),9,鑑定,2179.1600000000003,OLD_REALM,2026-08-10
セルスの籠手 (未鑑定),0,未鑑定,3454.0,OLD_REALM,2026-08-10
セルスの籠手 (鑑定),8,鑑定,6729.02,OLD_REALM,2026-08-10
セルスの精霊マント (未鑑定),0,未鑑定,1413.0,OLD_REALM,2026-08-10
セルスの精霊マント (鑑定),6,鑑定,23878.13,OLD_REALM,2026-08-10
セルスの鎧 (未鑑定),0,未鑑定,69.08,OLD_REALM,2026-08-10
セルスの鎧 (鑑定),0,鑑定,61.23,OLD_REALM,2026-08-10
セルスの鎧 (鑑定),10,鑑定,1727.0,OLD_REALM,2026-08-10
セルスの鎧 (鑑定),4,鑑定,62.8,OLD_REALM,2026-08-10
セルスの鎧 (鑑定),5,鑑定,157.0,OLD_REALM,2026-08-10
セルスの鎧 (鑑定),6,鑑定,127.17,OLD_REALM,2026-08-10
セルスの鎧 (鑑定),7,鑑定,284.17,OLD_REALM,2026-08-10
セルスの鎧 (鑑定),8,鑑定,596.6,OLD_REALM,2026-08-10
セルスの鎧 (鑑定),9,鑑定,863.5,OLD_REALM,2026-08-10
セルスの長靴 (未鑑定),0,未鑑定,103.62,OLD_REALM,2026-08-10
セルスの長靴 (鑑定),0,鑑定,54.95,OLD_REALM,2026-08-10
セルスの長靴 (鑑定),10,鑑定,2198.0,OLD_REALM,2026-08-10
セルスの長靴 (鑑定),5,鑑定,147.57999999999998,OLD_REALM,2026-08-10
セルスの長靴 (鑑定),6,鑑定,157.0,OLD_REALM,2026-08-10
セルスの長靴 (鑑定),7,鑑定,233.93,OLD_REALM,2026-08-10
セルスの長靴 (鑑定),8,鑑定,384.65,OLD_REALM,2026-08-10
セルスの長靴 (鑑定),9,鑑定,645.2700000000001,OLD_REALM,2026-08-10
セルスの革ズボン (未鑑定),0,未鑑定,122.46,OLD_REALM,2026-08-10
セルスの革ズボン (鑑定),0,鑑定,109.9,OLD_REALM,2026-08-10
セルスの革ズボン (鑑定),5,鑑定,218.23,OLD_REALM,2026-08-10
セルスの革ズボン (鑑定),6,鑑定,157.0,OLD_REALM,2026-08-10
セルスの革ズボン (鑑定),7,鑑定,715.92,OLD_REALM,2026-08-10
セルスの革ズボン (鑑定),8,鑑定,715.92,OLD_REALM,2026-08-10
セルスの革ズボン (鑑定),9,鑑定,1020.5,OLD_REALM,2026-08-10
セルビスのイヤリング,0,なし,36.11,OLD_REALM,2026-08-10
セルビスのイヤリング,1,なし,149.15,OLD_REALM,2026-08-10
セルビスのイヤリング,10,なし,254.34,OLD_REALM,2026-08-10
セルビスのイヤリング,12,なし,141.3,OLD_REALM,2026-08-10
セルビスのイヤリング,13,なし,157.0,OLD_REALM,2026-08-10
セルビスのイヤリング,15,なし,155.43,OLD_REALM,2026-08-10
セルビスのイヤリング,16,なし,268.47,OLD_REALM,2026-08-10
セルビスのイヤリング,2,なし,2565.38,OLD_REALM,2026-08-10
セルビスのガントレット (未鑑定),0,未鑑定,15.7,OLD_REALM,2026-08-10
セルビスのガントレット (鑑定),0,鑑定,15.7,OLD_REALM,2026-08-10
セルビスのガントレット (鑑定),10,鑑定,560.49,OLD_REALM,2026-08-10
セルビスのガントレット (鑑定),12,鑑定,4840.31,OLD_REALM,2026-08-10
セルビスのガントレット (鑑定),5,鑑定,15.7,OLD_REALM,2026-08-10
セルビスのガントレット (鑑定),6,鑑定,37.68,OLD_REALM,2026-08-10
セルビスのガントレット (鑑定),7,鑑定,227.65,OLD_REALM,2026-08-10
セルビスのガントレット (鑑定),8,鑑定,312.43,OLD_REALM,2026-08-10
セルビスのガントレット (鑑定),9,鑑定,387.79,OLD_REALM,2026-08-10
セルビスのクロスボウ (鑑定),6,鑑定,1334.5,OLD_REALM,2026-08-10
セルビスのクロスボウ (鑑定),7,鑑定,954.56,OLD_REALM,2026-08-10
セルビスのクロスボウ (鑑定),8,鑑定,1254.43,OLD_REALM,2026-08-10
セルビスのグリーヴ (鑑定),0,鑑定,29.83,OLD_REALM,2026-08-10
セルビスのグリーヴ (鑑定),5,鑑定,127.17,OLD_REALM,2026-08-10
セルビスのグリーヴ (鑑定),6,鑑定,314.0,OLD_REALM,2026-08-10
セルビスのグリーヴ (鑑定),8,鑑定,547.9300000000001,OLD_REALM,2026-08-10
セルビスのグローブ (鑑定),0,鑑定,138.16,OLD_REALM,2026-08-10
セルビスのグローブ (鑑定),5,鑑定,138.16,OLD_REALM,2026-08-10
セルビスのグローブ (鑑定),8,鑑定,626.4300000000001,OLD_REALM,2026-08-10
セルビスのサイド (未鑑定),0,未鑑定,706.5,OLD_REALM,2026-08-10
セルビスのサイド (鑑定),0,鑑定,737.9,OLD_REALM,2026-08-10
セルビスのサイド (鑑定),10,鑑定,2194.86,OLD_REALM,2026-08-10
セルビスのサイド (鑑定),11,鑑定,3611.0,OLD_REALM,2026-08-10
セルビスのサイド (鑑定),6,鑑定,1177.5,OLD_REALM,2026-08-10
セルビスのサイド (鑑定),7,鑑定,646.84,OLD_REALM,2026-08-10
セルビスのサイド (鑑定),8,鑑定,863.5,OLD_REALM,2026-08-10
セルビスのサイド (鑑定),9,鑑定,2138.34,OLD_REALM,2026-08-10
セルビスのフード (未鑑定),0,未鑑定,70.65,OLD_REALM,2026-08-10
セルビスのフード (鑑定),0,鑑定,43.96,OLD_REALM,2026-08-10
セルビスのフード (鑑定),5,鑑定,128.73999999999998,OLD_REALM,2026-08-10
セルビスのフード (鑑定),6,鑑定,257.48,OLD_REALM,2026-08-10
セルビスのフード (鑑定),7,鑑定,310.86,OLD_REALM,2026-08-10
セルビスのフード (鑑定),8,鑑定,624.86,OLD_REALM,2026-08-10
セルビスのブレスレット,0,なし,45.53,OLD_REALM,2026-08-10
セルビスのヘルム (未鑑定),0,未鑑定,15.7,OLD_REALM,2026-08-10
セルビスのヘルム (鑑定),0,鑑定,15.7,OLD_REALM,2026-08-10
セルビスのヘルム (鑑定),10,鑑定,549.5,OLD_REALM,2026-08-10
セルビスのヘルム (鑑定),4,鑑定,25.12,OLD_REALM,2026-08-10
セルビスのヘルム (鑑定),5,鑑定,15.7,OLD_REALM,2026-08-10
セルビスのヘルム (鑑定),6,鑑定,78.5,OLD_REALM,2026-08-10
セルビスのヘルム (鑑定),8,鑑定,188.4,OLD_REALM,2026-08-10
セルビスのヘルム (鑑定),9,鑑定,471.0,OLD_REALM,2026-08-10
セルビスのベスト (未鑑定),0,未鑑定,15.7,OLD_REALM,2026-08-10
セルビスのベスト (鑑定),0,鑑定,15.7,OLD_REALM,2026-08-10
セルビスのベスト (鑑定),10,鑑定,628.0,OLD_REALM,2026-08-10
セルビスのベスト (鑑定),5,鑑定,21.98,OLD_REALM,2026-08-10
セルビスのベスト (鑑定),6,鑑定,62.8,OLD_REALM,2026-08-10
セルビスのベスト (鑑定),8,鑑定,163.28,OLD_REALM,2026-08-10
セルビスのレガース (未鑑定),0,未鑑定,43.96,OLD_REALM,2026-08-10
セルビスのレガース (鑑定),5,鑑定,157.0,OLD_REALM,2026-08-10
セルビスのレガース (鑑定),6,鑑定,61.23,OLD_REALM,2026-08-10
セルビスのレガース (鑑定),7,鑑定,547.9300000000001,OLD_REALM,2026-08-10
セルビスのローブ (未鑑定),0,未鑑定,15.7,OLD_REALM,2026-08-10
セルビスのローブ (鑑定),0,鑑定,15.7,OLD_REALM,2026-08-10
セルビスのローブ (鑑定),10,鑑定,640.5600000000001,OLD_REALM,2026-08-10
セルビスのローブ (鑑定),5,鑑定,25.12,OLD_REALM,2026-08-10
セルビスのローブ (鑑定),6,鑑定,314.0,OLD_REALM,2026-08-10
セルビスのローブ (鑑定),7,鑑定,139.73,OLD_REALM,2026-08-10
セルビスのローブ (鑑定),8,鑑定,202.53,OLD_REALM,2026-08-10
セルビスのローブ (鑑定),9,鑑定,1034.63,OLD_REALM,2026-08-10
セルビスの剣/盾 (未鑑定),0,未鑑定,392.5,OLD_REALM,2026-08-10
セルビスの剣/盾 (鑑定),0,鑑定,471.0,OLD_REALM,2026-08-10
セルビスの剣/盾 (鑑定),10,鑑定,2453.9100000000003,OLD_REALM,2026-08-10
セルビスの剣/盾 (鑑定),11,鑑定,2370.7,OLD_REALM,2026-08-10
セルビスの剣/盾 (鑑定),12,鑑定,9057.33,OLD_REALM,2026-08-10
セルビスの剣/盾 (鑑定),6,鑑定,596.6,OLD_REALM,2026-08-10
セルビスの剣/盾 (鑑定),8,鑑定,1334.5,OLD_REALM,2026-08-10
セルビスの剣/盾 (鑑定),9,鑑定,785.0,OLD_REALM,2026-08-10
セルビスの勇猛マント (未鑑定),0,未鑑定,36.11,OLD_REALM,2026-08-10
セルビスの勇猛マント (鑑定),0,鑑定,43.96,OLD_REALM,2026-08-10
セルビスの勇猛マント (鑑定),1,鑑定,282.6,OLD_REALM,2026-08-10
セルビスの勇猛マント (鑑定),3,鑑定,84.78,OLD_REALM,2026-08-10
セルビスの勇猛マント (鑑定),5,鑑定,401.92,OLD_REALM,2026-08-10
セルビスの勇猛マント (鑑定),6,鑑定,2198.0,OLD_REALM,2026-08-10
セルビスの大剣 (未鑑定),0,未鑑定,157.0,OLD_REALM,2026-08-10
セルビスの大剣 (鑑定),0,鑑定,706.5,OLD_REALM,2026-08-10
セルビスの大剣 (鑑定),10,鑑定,1164.94,OLD_REALM,2026-08-10
セルビスの大剣 (鑑定),13,鑑定,9418.43,OLD_REALM,2026-08-10
セルビスの大剣 (鑑定),6,鑑定,502.4,OLD_REALM,2026-08-10
セルビスの大剣 (鑑定),7,鑑定,315.57,OLD_REALM,2026-08-10
セルビスの大剣 (鑑定),8,鑑定,783.4300000000001,OLD_REALM,2026-08-10
セルビスの布ズボン (未鑑定),0,未鑑定,15.7,OLD_REALM,2026-08-10
セルビスの布ズボン (鑑定),0,鑑定,31.4,OLD_REALM,2026-08-10
セルビスの布ズボン (鑑定),10,鑑定,471.0,OLD_REALM,2026-08-10
セルビスの布ズボン (鑑定),5,鑑定,127.17,OLD_REALM,2026-08-10
セルビスの布ズボン (鑑定),7,鑑定,310.86,OLD_REALM,2026-08-10
セルビスの布ズボン (鑑定),8,鑑定,514.9599999999999,OLD_REALM,2026-08-10
セルビスの帽子 (未鑑定),0,未鑑定,15.7,OLD_REALM,2026-08-10
セルビスの帽子 (鑑定),0,鑑定,15.7,OLD_REALM,2026-08-10
セルビスの帽子 (鑑定),5,鑑定,15.7,OLD_REALM,2026-08-10
セルビスの帽子 (鑑定),6,鑑定,25.12,OLD_REALM,2026-08-10
セルビスの帽子 (鑑定),8,鑑定,368.95,OLD_REALM,2026-08-10
セルビスの帽子 (鑑定),9,鑑定,335.98,OLD_REALM,2026-08-10
セルビスの弓 (未鑑定),0,未鑑定,303.01,OLD_REALM,2026-08-10
セルビスの弓 (鑑定),0,鑑定,494.55,OLD_REALM,2026-08-10
セルビスの弓 (鑑定),10,鑑定,1086.44,OLD_REALM,2026-08-10
セルビスの弓 (鑑定),12,鑑定,4386.58,OLD_REALM,2026-08-10
セルビスの弓 (鑑定),6,鑑定,595.03,OLD_REALM,2026-08-10
セルビスの弓 (鑑定),7,鑑定,383.08,OLD_REALM,2026-08-10
セルビスの弓 (鑑定),8,鑑定,471.0,OLD_REALM,2026-08-10
セルビスの弓 (鑑定),9,鑑定,770.87,OLD_REALM,2026-08-10
セルビスの戦棒 (未鑑定),0,未鑑定,329.7,OLD_REALM,2026-08-10
セルビスの戦棒 (鑑定),0,鑑定,785.0,OLD_REALM,2026-08-10
セルビスの戦棒 (鑑定),10,鑑定,1884.0,OLD_REALM,2026-08-10
セルビスの戦棒 (鑑定),7,鑑定,620.15,OLD_REALM,2026-08-10
セルビスの戦棒 (鑑定),8,鑑定,471.0,OLD_REALM,2026-08-10
セルビスの戦闘マント (未鑑定),0,未鑑定,48.67,OLD_REALM,2026-08-10
セルビスの戦闘マント (鑑定),0,鑑定,51.81,OLD_REALM,2026-08-10
セルビスの戦闘マント (鑑定),2,鑑定,196.25,OLD_REALM,2026-08-10
セルビスの戦闘マント (鑑定),3,鑑定,141.3,OLD_REALM,2026-08-10
セルビスの戦闘マント (鑑定),4,鑑定,785.0,OLD_REALM,2026-08-10
セルビスの戦闘マント (鑑定),5,鑑定,401.92,OLD_REALM,2026-08-10
セルビスの戦闘マント (鑑定),6,鑑定,2041.0,OLD_REALM,2026-08-10
セルビスの戦闘盾 (未鑑定),0,未鑑定,117.75,OLD_REALM,2026-08-10
セルビスの戦闘盾 (鑑定),0,鑑定,157.0,OLD_REALM,2026-08-10
セルビスの戦闘盾 (鑑定),10,鑑定,1067.6,OLD_REALM,2026-08-10
セルビスの戦闘盾 (鑑定),12,鑑定,5179.43,OLD_REALM,2026-08-10
セルビスの戦闘盾 (鑑定),7,鑑定,279.46,OLD_REALM,2026-08-10
セルビスの戦闘盾 (鑑定),8,鑑定,471.0,OLD_REALM,2026-08-10
セルビスの戦闘盾 (鑑定),9,鑑定,533.8,OLD_REALM,2026-08-10
セルビスの手甲 (鑑定),0,鑑定,389.36,OLD_REALM,2026-08-10
セルビスの手甲 (鑑定),7,鑑定,205.67,OLD_REALM,2026-08-10
セルビスの手甲 (鑑定),8,鑑定,389.36,OLD_REALM,2026-08-10
セルビスの杖 (未鑑定),0,未鑑定,208.81,OLD_REALM,2026-08-10
セルビスの杖 (鑑定),0,鑑定,596.6,OLD_REALM,2026-08-10
セルビスの杖 (鑑定),10,鑑定,926.3,OLD_REALM,2026-08-10
セルビスの杖 (鑑定),11,鑑定,2844.84,OLD_REALM,2026-08-10
セルビスの杖 (鑑定),12,鑑定,3408.4700000000003,OLD_REALM,2026-08-10
セルビスの杖 (鑑定),13,鑑定,7536.0,OLD_REALM,2026-08-10
セルビスの杖 (鑑定),7,鑑定,172.70000000000002,OLD_REALM,2026-08-10
セルビスの杖 (鑑定),8,鑑定,281.03000000000003,OLD_REALM,2026-08-10
セルビスの杖 (鑑定),9,鑑定,863.5,OLD_REALM,2026-08-10
セルビスの短剣 (未鑑定),0,未鑑定,296.73,OLD_REALM,2026-08-10
セルビスの短剣 (鑑定),0,鑑定,489.84,OLD_REALM,2026-08-10
セルビスの短剣 (鑑定),10,鑑定,1020.5,OLD_REALM,2026-08-10
セルビスの短剣 (鑑定),11,鑑定,2669.0,OLD_REALM,2026-08-10
セルビスの短剣 (鑑定),12,鑑定,2826.0,OLD_REALM,2026-08-10
セルビスの短剣 (鑑定),7,鑑定,1570.0,OLD_REALM,2026-08-10
セルビスの短剣 (鑑定),8,鑑定,706.5,OLD_REALM,2026-08-10
セルビスの短靴 (未鑑定),0,未鑑定,15.7,OLD_REALM,2026-08-10
セルビスの短靴 (鑑定),0,鑑定,15.7,OLD_REALM,2026-08-10
セルビスの短靴 (鑑定),10,鑑定,628.0,OLD_REALM,2026-08-10
セルビスの短靴 (鑑定),5,鑑定,15.7,OLD_REALM,2026-08-10
セルビスの短靴 (鑑定),9,鑑定,1413.0,OLD_REALM,2026-08-10
セルビスの破壊マント (未鑑定),0,未鑑定,51.81,OLD_REALM,2026-08-10
セルビスの破壊マント (鑑定),0,鑑定,39.25,OLD_REALM,2026-08-10
セルビスの破壊マント (鑑定),1,鑑定,202.53,OLD_REALM,2026-08-10
セルビスの破壊マント (鑑定),3,鑑定,141.3,OLD_REALM,2026-08-10
セルビスの破壊マント (鑑定),4,鑑定,337.55,OLD_REALM,2026-08-10
セルビスの破壊マント (鑑定),5,鑑定,284.17,OLD_REALM,2026-08-10
セルビスの破壊マント (鑑定),6,鑑定,1570.0,OLD_REALM,2026-08-10
セルビスの籠手 (未鑑定),0,未鑑定,149.15,OLD_REALM,2026-08-10
セルビスの籠手 (鑑定),0,鑑定,282.6,OLD_REALM,2026-08-10
セルビスの籠手 (鑑定),10,鑑定,942.0,OLD_REALM,2026-08-10
セルビスの籠手 (鑑定),7,鑑定,329.7,OLD_REALM,2026-08-10
セルビスの籠手 (鑑定),8,鑑定,767.7299999999999,OLD_REALM,2026-08-10
セルビスの精霊マント (未鑑定),0,未鑑定,31.4,OLD_REALM,2026-08-10
セルビスの精霊マント (鑑定),0,鑑定,31.4,OLD_REALM,2026-08-10
セルビスの精霊マント (鑑定),1,鑑定,188.4,OLD_REALM,2026-08-10
セルビスの精霊マント (鑑定),2,鑑定,257.48,OLD_REALM,2026-08-10
セルビスの精霊マント (鑑定),3,鑑定,282.6,OLD_REALM,2026-08-10
セルビスの精霊マント (鑑定),4,鑑定,166.42000000000002,OLD_REALM,2026-08-10
セルビスの精霊マント (鑑定),5,鑑定,274.75,OLD_REALM,2026-08-10
セルビスの精霊マント (鑑定),6,鑑定,1270.13,OLD_REALM,2026-08-10
セルビスの鎧 (未鑑定),0,未鑑定,15.7,OLD_REALM,2026-08-10
セルビスの鎧 (鑑定),0,鑑定,15.7,OLD_REALM,2026-08-10
セルビスの鎧 (鑑定),5,鑑定,15.7,OLD_REALM,2026-08-10
セルビスの鎧 (鑑定),6,鑑定,78.5,OLD_REALM,2026-08-10
セルビスの鎧 (鑑定),8,鑑定,235.5,OLD_REALM,2026-08-10
セルビスの長靴 (鑑定),0,鑑定,45.53,OLD_REALM,2026-08-10
セルビスの長靴 (鑑定),6,鑑定,43.96,OLD_REALM,2026-08-10
セルビスの長靴 (鑑定),7,鑑定,51.81,OLD_REALM,2026-08-10
セルビスの長靴 (鑑定),8,鑑定,469.43,OLD_REALM,2026-08-10
セルビスの革ズボン (未鑑定),0,未鑑定,15.7,OLD_REALM,2026-08-10
セルビスの革ズボン (鑑定),0,鑑定,15.7,OLD_REALM,2026-08-10
セルビスの革ズボン (鑑定),10,鑑定,314.0,OLD_REALM,2026-08-10
セルビスの革ズボン (鑑定),5,鑑定,62.8,OLD_REALM,2026-08-10
セルビスの革ズボン (鑑定),6,鑑定,157.0,OLD_REALM,2026-08-10
セルビスの革ズボン (鑑定),7,鑑定,157.0,OLD_REALM,2026-08-10
セルビスの革ズボン (鑑定),8,鑑定,471.0,OLD_REALM,2026-08-10
ソムニウムのサドル,0,なし,3014.4,OLD_REALM,2026-08-10
テレノスのガントレット (未鑑定),0,未鑑定,13345.0,OLD_REALM,2026-08-10
テレノスのガントレット (鑑定),0,鑑定,12560.0,OLD_REALM,2026-08-10
テレノスのグリーヴ (未鑑定),0,未鑑定,15700.0,OLD_REALM,2026-08-10
テレノスのフード (未鑑定),0,未鑑定,27178.27,OLD_REALM,2026-08-10
テレノスのフード (鑑定),7,鑑定,77652.2,OLD_REALM,2026-08-10
テレノスのレガース (鑑定),6,鑑定,15700.0,OLD_REALM,2026-08-10
テレノスのローブ (未鑑定),0,未鑑定,39250.0,OLD_REALM,2026-08-10
テレノスの剣/盾 (鑑定),10,鑑定,911149.5,OLD_REALM,2026-08-10
テレノスの勇猛マント (未鑑定),0,未鑑定,35836.82,OLD_REALM,2026-08-10
テレノスの大剣 (未鑑定),0,未鑑定,517683.95,OLD_REALM,2026-08-10
テレノスの戦闘マント (未鑑定),0,未鑑定,23550.0,OLD_REALM,2026-08-10
テレノスの戦闘マント (鑑定),2,鑑定,13715.52,OLD_REALM,2026-08-10
テレノスの戦闘盾 (未鑑定),0,未鑑定,203943.0,OLD_REALM,2026-08-10
テレノスの短靴 (鑑定),8,鑑定,164850.0,OLD_REALM,2026-08-10
テレノスの破壊マント (鑑定),3,鑑定,19654.83,OLD_REALM,2026-08-10
テレノスの籠手 (未鑑定),0,未鑑定,314000.0,OLD_REALM,2026-08-10
テレノスの精霊マント (鑑定),3,鑑定,23279.96,OLD_REALM,2026-08-10
テレノスの鎧 (未鑑定),0,未鑑定,12528.6,OLD_REALM,2026-08-10
テレノスの長靴 (未鑑定),0,未鑑定,38936.0,OLD_REALM,2026-08-10
テレノスの長靴 (鑑定),8,鑑定,77807.62999999999,OLD_REALM,2026-08-10
テレノスの革ズボン (未鑑定),0,未鑑定,27159.43,OLD_REALM,2026-08-10
テレノスの革ズボン (鑑定),8,鑑定,77807.62999999999,OLD_REALM,2026-08-10
デルフォンのサドル,0,なし,626.4300000000001,OLD_REALM,2026-08-10
ドラカスのサドル,0,なし,34.54,OLD_REALM,2026-08-10
ブルカヌスのサドル,0,なし,3546.63,OLD_REALM,2026-08-10
ペルトロフのサドル,0,なし,213.52,OLD_REALM,2026-08-10
ペルノクスのイヤリング,0,なし,2198.0,OLD_REALM,2026-08-10
ペルノクスのイヤリング,13,なし,7065.0,OLD_REALM,2026-08-10
ペルノクスのイヤリング,17,なし,5972.28,OLD_REALM,2026-08-10
ペルノクスのイヤリング,18,なし,5176.29,OLD_REALM,2026-08-10
ペルノクスのイヤリング,20,なし,54165.0,OLD_REALM,2026-08-10
ペルノクスのガントレット (未鑑定),0,未鑑定,133.45,OLD_REALM,2026-08-10
ペルノクスのガントレット (鑑定),0,鑑定,188.4,OLD_REALM,2026-08-10
ペルノクスのガントレット (鑑定),5,鑑定,785.0,OLD_REALM,2026-08-10
ペルノクスのガントレット (鑑定),7,鑑定,292.02000000000004,OLD_REALM,2026-08-10
ペルノクスのガントレット (鑑定),9,鑑定,1570.0,OLD_REALM,2026-08-10
ペルノクスのクロスボウ (鑑定),10,鑑定,37523.0,OLD_REALM,2026-08-10
ペルノクスのグリーヴ (未鑑定),0,未鑑定,169.56,OLD_REALM,2026-08-10
ペルノクスのグリーヴ (鑑定),0,鑑定,813.26,OLD_REALM,2026-08-10
ペルノクスのグローブ (未鑑定),0,未鑑定,356.39,OLD_REALM,2026-08-10
ペルノクスのグローブ (鑑定),0,鑑定,1554.3,OLD_REALM,2026-08-10
ペルノクスのグローブ (鑑定),4,鑑定,314.0,OLD_REALM,2026-08-10
ペルノクスのグローブ (鑑定),6,鑑定,525.95,OLD_REALM,2026-08-10
ペルノクスのフード (未鑑定),0,未鑑定,406.63,OLD_REALM,2026-08-10
ペルノクスのフード (鑑定),0,鑑定,471.0,OLD_REALM,2026-08-10
ペルノクスのフード (鑑定),7,鑑定,1138.25,OLD_REALM,2026-08-10
ペルノクスのブレスレット,0,なし,1570.0,OLD_REALM,2026-08-10
ペルノクスのブレスレット,14,なし,6367.92,OLD_REALM,2026-08-10
ペルノクスのブレスレット,15,なし,3103.89,OLD_REALM,2026-08-10
ペルノクスのブレスレット,16,なし,11504.96,OLD_REALM,2026-08-10
ペルノクスのブレスレット,17,なし,4710.0,OLD_REALM,2026-08-10
ペルノクスのブレスレット,18,なし,6437.0,OLD_REALM,2026-08-10
ペルノクスのヘルム (未鑑定),0,未鑑定,116.18,OLD_REALM,2026-08-10
ペルノクスのヘルム (鑑定),0,鑑定,114.61,OLD_REALM,2026-08-10
ペルノクスのヘルム (鑑定),10,鑑定,2276.5,OLD_REALM,2026-08-10
ペルノクスのヘルム (鑑定),6,鑑定,314.0,OLD_REALM,2026-08-10
ペルノクスのベスト (未鑑定),0,未鑑定,414.48,OLD_REALM,2026-08-10
ペルノクスのベスト (鑑定),0,鑑定,562.0600000000001,OLD_REALM,2026-08-10
ペルノクスのレガース (未鑑定),0,未鑑定,343.83,OLD_REALM,2026-08-10
ペルノクスのレガース (鑑定),10,鑑定,2069.26,OLD_REALM,2026-08-10
ペルノクスのレガース (鑑定),6,鑑定,229.22,OLD_REALM,2026-08-10
ペルノクスのローブ (未鑑定),0,未鑑定,208.81,OLD_REALM,2026-08-10
ペルノクスのローブ (鑑定),6,鑑定,942.0,OLD_REALM,2026-08-10
ペルノクスの勇猛マント (鑑定),0,鑑定,1570.0,OLD_REALM,2026-08-10
ペルノクスの布ズボン (未鑑定),0,未鑑定,298.3,OLD_REALM,2026-08-10
ペルノクスの布ズボン (鑑定),6,鑑定,408.2,OLD_REALM,2026-08-10
ペルノクスの帽子 (未鑑定),0,未鑑定,279.46,OLD_REALM,2026-08-10
ペルノクスの帽子 (鑑定),0,鑑定,314.0,OLD_REALM,2026-08-10
ペルノクスの帽子 (鑑定),5,鑑定,910.6,OLD_REALM,2026-08-10
ペルノクスの帽子 (鑑定),6,鑑定,282.6,OLD_REALM,2026-08-10
ペルノクスの帽子 (鑑定),8,鑑定,2826.0,OLD_REALM,2026-08-10
ペルノクスの戦棒 (鑑定),10,鑑定,47571.0,OLD_REALM,2026-08-10
ペルノクスの戦棒 (鑑定),8,鑑定,98358.93,OLD_REALM,2026-08-10
ペルノクスの戦闘マント (未鑑定),0,未鑑定,1813.35,OLD_REALM,2026-08-10
ペルノクスの戦闘マント (鑑定),0,鑑定,1554.3,OLD_REALM,2026-08-10
ペルノクスの戦闘マント (鑑定),3,鑑定,6984.93,OLD_REALM,2026-08-10
ペルノクスの戦闘マント (鑑定),4,鑑定,8635.0,OLD_REALM,2026-08-10
ペルノクスの戦闘盾 (未鑑定),0,未鑑定,16601.18,OLD_REALM,2026-08-10
ペルノクスの戦闘盾 (鑑定),10,鑑定,25883.02,OLD_REALM,2026-08-10
ペルノクスの手甲 (未鑑定),0,未鑑定,141.3,OLD_REALM,2026-08-10
ペルノクスの手甲 (鑑定),5,鑑定,314.0,OLD_REALM,2026-08-10
ペルノクスの手甲 (鑑定),7,鑑定,703.36,OLD_REALM,2026-08-10
ペルノクスの短剣 (鑑定),10,鑑定,37680.0,OLD_REALM,2026-08-10
ペルノクスの短剣 (鑑定),8,鑑定,30918.01,OLD_REALM,2026-08-10
ペルノクスの短靴 (未鑑定),0,未鑑定,312.43,OLD_REALM,2026-08-10
ペルノクスの短靴 (鑑定),7,鑑定,1099.0,OLD_REALM,2026-08-10
ペルノクスの破壊マント (未鑑定),0,未鑑定,2512.0,OLD_REALM,2026-08-10
ペルノクスの破壊マント (鑑定),4,鑑定,15930.79,OLD_REALM,2026-08-10
ペルノクスの籠手 (鑑定),8,鑑定,6280.0,OLD_REALM,2026-08-10
ペルノクスの精霊マント (鑑定),4,鑑定,11895.89,OLD_REALM,2026-08-10
ペルノクスの鎧 (未鑑定),0,未鑑定,314.0,OLD_REALM,2026-08-10
ペルノクスの鎧 (鑑定),6,鑑定,764.59,OLD_REALM,2026-08-10
ペルノクスの長靴 (未鑑定),0,未鑑定,155.43,OLD_REALM,2026-08-10
ペルノクスの長靴 (鑑定),8,鑑定,2669.0,OLD_REALM,2026-08-10
ペルノクスの革ズボン (未鑑定),0,未鑑定,200.96,OLD_REALM,2026-08-10
ペルノクスの革ズボン (鑑定),0,鑑定,314.0,OLD_REALM,2026-08-10
ペルノクスの革ズボン (鑑定),6,鑑定,942.0,OLD_REALM,2026-08-10
ラバトニスのサドル,0,なし,282.6,OLD_REALM,2026-08-10
ラベスのサドル,0,なし,2747.5,OLD_REALM,2026-08-10
ランフォンのサドル,0,なし,167.99,OLD_REALM,2026-08-10
リバティのサドル,0,なし,84.78,OLD_REALM,2026-08-10
レプティリスのサドル,0,なし,1061.32,OLD_REALM,2026-08-10
ロディのサドル,0,なし,1436.55,OLD_REALM,2026-08-10
光の戦闘馬のサドル,0,なし,26.69,OLD_REALM,2026-08-10
剣と盾：戦場の先駆者,0,なし,2983.0,OLD_REALM,2026-08-10
剣と盾：機会捕捉,0,なし,18.84,OLD_REALM,2026-08-10
剣と盾：防御修練,0,なし,155.43,OLD_REALM,2026-08-10
大剣：極限の力,0,なし,146.01000000000002,OLD_REALM,2026-08-10
大剣：狂戦士の誇り,0,なし,2041.0,OLD_REALM,2026-08-10
大剣：鋭い剣,0,なし,15.7,OLD_REALM,2026-08-10
審判の水晶球 (未鑑定),0,未鑑定,6594.0,OLD_REALM,2026-08-10
審判の水晶球 (鑑定),0,鑑定,3140.0,OLD_REALM,2026-08-10
審判の水晶球 (鑑定),7,鑑定,2355.0,OLD_REALM,2026-08-10
審判の水晶球 (鑑定),8,鑑定,3140.0,OLD_REALM,2026-08-10
審判の王しゃく (鑑定),0,鑑定,3140.0,OLD_REALM,2026-08-10
審判の聖杯 (未鑑定),0,未鑑定,5966.0,OLD_REALM,2026-08-10
審判の聖杯 (鑑定),0,鑑定,2826.0,OLD_REALM,2026-08-10
審判の聖杯 (鑑定),7,鑑定,3140.0,OLD_REALM,2026-08-10
審判の聖杯 (鑑定),8,鑑定,2826.0,OLD_REALM,2026-08-10
弓：品質の良い矢,0,なし,45.53,OLD_REALM,2026-08-10
弓：完璧な狙撃手,0,なし,7379.0,OLD_REALM,2026-08-10
弓：標的照準,0,なし,157.0,OLD_REALM,2026-08-10
戦棒：均衡,0,なし,15.7,OLD_REALM,2026-08-10
戦棒：軽やかな身のこなし,0,なし,200.96,OLD_REALM,2026-08-10
戦棒：魔法武術の境地,0,なし,16824.12,OLD_REALM,2026-08-10
戦闘盾：光の守護者,0,なし,3532.5,OLD_REALM,2026-08-10
戦闘盾：堅固な鎧,0,なし,15.7,OLD_REALM,2026-08-10
戦闘盾：忍耐力,0,なし,39.25,OLD_REALM,2026-08-10
手懐けられたモネタ狼のサドル,0,なし,86.35000000000001,OLD_REALM,2026-08-10
杖：元素覚醒,0,なし,2818.15,OLD_REALM,2026-08-10
杖：魔力無視,0,なし,15.7,OLD_REALM,2026-08-10
杖：黒オール,0,なし,15.7,OLD_REALM,2026-08-10
武装したバイランの軍馬のサドル,0,なし,32.97,OLD_REALM,2026-08-10
流浪狼のサドル,0,なし,23.55,OLD_REALM,2026-08-10
灰色の夜明けのイヤリング,0,なし,69.08,OLD_REALM,2026-08-10
灰色の夜明けのイヤリング,1,なし,1884.0,OLD_REALM,2026-08-10
灰色の夜明けのイヤリング,12,なし,471.0,OLD_REALM,2026-08-10
灰色の夜明けのガントレット (未鑑定),0,未鑑定,15.7,OLD_REALM,2026-08-10
灰色の夜明けのガントレット (鑑定),0,鑑定,15.7,OLD_REALM,2026-08-10
灰色の夜明けのガントレット (鑑定),10,鑑定,205.67,OLD_REALM,2026-08-10
灰色の夜明けのガントレット (鑑定),5,鑑定,15.7,OLD_REALM,2026-08-10
灰色の夜明けのガントレット (鑑定),6,鑑定,45.53,OLD_REALM,2026-08-10
灰色の夜明けのガントレット (鑑定),7,鑑定,64.36999999999999,OLD_REALM,2026-08-10
灰色の夜明けのガントレット (鑑定),8,鑑定,172.70000000000002,OLD_REALM,2026-08-10
灰色の夜明けのガントレット (鑑定),9,鑑定,381.5100000000001,OLD_REALM,2026-08-10
灰色の夜明けのクロスボウ (未鑑定),0,未鑑定,144.44,OLD_REALM,2026-08-10
灰色の夜明けのクロスボウ (鑑定),0,鑑定,124.03,OLD_REALM,2026-08-10
灰色の夜明けのクロスボウ (鑑定),10,鑑定,546.36,OLD_REALM,2026-08-10
灰色の夜明けのクロスボウ (鑑定),12,鑑定,2904.5,OLD_REALM,2026-08-10
灰色の夜明けのクロスボウ (鑑定),13,鑑定,6469.97,OLD_REALM,2026-08-10
灰色の夜明けのクロスボウ (鑑定),6,鑑定,259.05,OLD_REALM,2026-08-10
灰色の夜明けのクロスボウ (鑑定),7,鑑定,133.45,OLD_REALM,2026-08-10
灰色の夜明けのクロスボウ (鑑定),8,鑑定,255.91,OLD_REALM,2026-08-10
灰色の夜明けのクロスボウ (鑑定),9,鑑定,284.17,OLD_REALM,2026-08-10
灰色の夜明けのグリーヴ (未鑑定),0,未鑑定,15.7,OLD_REALM,2026-08-10
灰色の夜明けのグリーヴ (鑑定),0,鑑定,34.54,OLD_REALM,2026-08-10
灰色の夜明けのグリーヴ (鑑定),4,鑑定,54.95,OLD_REALM,2026-08-10
灰色の夜明けのグリーヴ (鑑定),5,鑑定,39.25,OLD_REALM,2026-08-10
灰色の夜明けのグリーヴ (鑑定),6,鑑定,34.54,OLD_REALM,2026-08-10
灰色の夜明けのグリーヴ (鑑定),7,鑑定,229.22,OLD_REALM,2026-08-10
灰色の夜明けのグローブ (未鑑定),0,未鑑定,15.7,OLD_REALM,2026-08-10
灰色の夜明けのグローブ (鑑定),0,鑑定,15.7,OLD_REALM,2026-08-10
灰色の夜明けのグローブ (鑑定),10,鑑定,213.52,OLD_REALM,2026-08-10
灰色の夜明けのグローブ (鑑定),5,鑑定,155.43,OLD_REALM,2026-08-10
灰色の夜明けのグローブ (鑑定),6,鑑定,25.12,OLD_REALM,2026-08-10
灰色の夜明けのグローブ (鑑定),7,鑑定,125.6,OLD_REALM,2026-08-10
灰色の夜明けのグローブ (鑑定),9,鑑定,306.15,OLD_REALM,2026-08-10
灰色の夜明けのサイド (未鑑定),0,未鑑定,910.6,OLD_REALM,2026-08-10
灰色の夜明けのサイド (鑑定),0,鑑定,902.75,OLD_REALM,2026-08-10
灰色の夜明けのサイド (鑑定),10,鑑定,3358.23,OLD_REALM,2026-08-10
灰色の夜明けのサイド (鑑定),6,鑑定,931.01,OLD_REALM,2026-08-10
灰色の夜明けのサイド (鑑定),7,鑑定,1290.5400000000002,OLD_REALM,2026-08-10
灰色の夜明けのサイド (鑑定),8,鑑定,2066.12,OLD_REALM,2026-08-10
灰色の夜明けのサイド (鑑定),9,鑑定,7222.0,OLD_REALM,2026-08-10
灰色の夜明けのフード (未鑑定),0,未鑑定,125.6,OLD_REALM,2026-08-10
灰色の夜明けのフード (鑑定),0,鑑定,15.7,OLD_REALM,2026-08-10
灰色の夜明けのフード (鑑定),10,鑑定,785.0,OLD_REALM,2026-08-10
灰色の夜明けのフード (鑑定),5,鑑定,23.55,OLD_REALM,2026-08-10
灰色の夜明けのフード (鑑定),6,鑑定,157.0,OLD_REALM,2026-08-10
灰色の夜明けのフード (鑑定),7,鑑定,314.0,OLD_REALM,2026-08-10
灰色の夜明けのフード (鑑定),9,鑑定,529.09,OLD_REALM,2026-08-10
灰色の夜明けのブレスレット,0,なし,36.11,OLD_REALM,2026-08-10
灰色の夜明けのブレスレット,12,なし,282.6,OLD_REALM,2026-08-10
灰色の夜明けのブレスレット,14,なし,471.0,OLD_REALM,2026-08-10
灰色の夜明けのブレスレット,15,なし,224.51,OLD_REALM,2026-08-10
灰色の夜明けのブレスレット,16,なし,257.48,OLD_REALM,2026-08-10
灰色の夜明けのブレスレット,17,なし,496.12,OLD_REALM,2026-08-10
灰色の夜明けのブレスレット,9,なし,193.11,OLD_REALM,2026-08-10
灰色の夜明けのヘルム (未鑑定),0,未鑑定,50.24,OLD_REALM,2026-08-10
灰色の夜明けのヘルム (鑑定),0,鑑定,15.7,OLD_REALM,2026-08-10
灰色の夜明けのヘルム (鑑定),5,鑑定,73.78999999999999,OLD_REALM,2026-08-10
灰色の夜明けのヘルム (鑑定),6,鑑定,157.0,OLD_REALM,2026-08-10
灰色の夜明けのベスト (未鑑定),0,未鑑定,15.7,OLD_REALM,2026-08-10
灰色の夜明けのベスト (鑑定),0,鑑定,15.7,OLD_REALM,2026-08-10
灰色の夜明けのベスト (鑑定),5,鑑定,235.5,OLD_REALM,2026-08-10
灰色の夜明けのベスト (鑑定),6,鑑定,47.1,OLD_REALM,2026-08-10
灰色の夜明けのベスト (鑑定),7,鑑定,157.0,OLD_REALM,2026-08-10
灰色の夜明けのベスト (鑑定),8,鑑定,204.1,OLD_REALM,2026-08-10
灰色の夜明けのベスト (鑑定),9,鑑定,706.5,OLD_REALM,2026-08-10
灰色の夜明けのレガース (未鑑定),0,未鑑定,15.7,OLD_REALM,2026-08-10
灰色の夜明けのレガース (鑑定),0,鑑定,15.7,OLD_REALM,2026-08-10
灰色の夜明けのレガース (鑑定),10,鑑定,785.0,OLD_REALM,2026-08-10
灰色の夜明けのレガース (鑑定),5,鑑定,15.7,OLD_REALM,2026-08-10
灰色の夜明けのレガース (鑑定),6,鑑定,15.7,OLD_REALM,2026-08-10
灰色の夜明けのレガース (鑑定),7,鑑定,86.35000000000001,OLD_REALM,2026-08-10
灰色の夜明けのレガース (鑑定),8,鑑定,109.9,OLD_REALM,2026-08-10
灰色の夜明けのレガース (鑑定),9,鑑定,346.97,OLD_REALM,2026-08-10
灰色の夜明けのローブ (未鑑定),0,未鑑定,15.7,OLD_REALM,2026-08-10
灰色の夜明けのローブ (鑑定),0,鑑定,15.7,OLD_REALM,2026-08-10
灰色の夜明けのローブ (鑑定),1,鑑定,50.24,OLD_REALM,2026-08-10
灰色の夜明けのローブ (鑑定),5,鑑定,15.7,OLD_REALM,2026-08-10
灰色の夜明けのローブ (鑑定),6,鑑定,75.36,OLD_REALM,2026-08-10
灰色の夜明けのローブ (鑑定),7,鑑定,94.2,OLD_REALM,2026-08-10
灰色の夜明けのローブ (鑑定),8,鑑定,309.29,OLD_REALM,2026-08-10
灰色の夜明けの剣/盾 (未鑑定),0,未鑑定,230.79,OLD_REALM,2026-08-10
灰色の夜明けの剣/盾 (鑑定),0,鑑定,281.03000000000003,OLD_REALM,2026-08-10
灰色の夜明けの剣/盾 (鑑定),10,鑑定,785.0,OLD_REALM,2026-08-10
灰色の夜明けの剣/盾 (鑑定),12,鑑定,4710.0,OLD_REALM,2026-08-10
灰色の夜明けの剣/盾 (鑑定),6,鑑定,752.03,OLD_REALM,2026-08-10
灰色の夜明けの剣/盾 (鑑定),7,鑑定,281.03000000000003,OLD_REALM,2026-08-10
灰色の夜明けの剣/盾 (鑑定),8,鑑定,560.49,OLD_REALM,2026-08-10
灰色の夜明けの剣/盾 (鑑定),9,鑑定,1099.0,OLD_REALM,2026-08-10
灰色の夜明けの勇猛マント (未鑑定),0,未鑑定,31.4,OLD_REALM,2026-08-10
灰色の夜明けの勇猛マント (鑑定),0,鑑定,31.4,OLD_REALM,2026-08-10
灰色の夜明けの勇猛マント (鑑定),1,鑑定,94.2,OLD_REALM,2026-08-10
灰色の夜明けの勇猛マント (鑑定),2,鑑定,218.23,OLD_REALM,2026-08-10
灰色の夜明けの勇猛マント (鑑定),3,鑑定,50.24,OLD_REALM,2026-08-10
灰色の夜明けの勇猛マント (鑑定),4,鑑定,387.79,OLD_REALM,2026-08-10
灰色の夜明けの勇猛マント (鑑定),5,鑑定,376.8,OLD_REALM,2026-08-10
灰色の夜明けの大剣 (未鑑定),0,未鑑定,197.82,OLD_REALM,2026-08-10
灰色の夜明けの大剣 (鑑定),0,鑑定,314.0,OLD_REALM,2026-08-10
灰色の夜明けの大剣 (鑑定),10,鑑定,1552.73,OLD_REALM,2026-08-10
灰色の夜明けの大剣 (鑑定),12,鑑定,6988.07,OLD_REALM,2026-08-10
灰色の夜明けの大剣 (鑑定),7,鑑定,1256.0,OLD_REALM,2026-08-10
灰色の夜明けの大剣 (鑑定),8,鑑定,769.3000000000001,OLD_REALM,2026-08-10
灰色の夜明けの布ズボン (未鑑定),0,未鑑定,17.27,OLD_REALM,2026-08-10
灰色の夜明けの布ズボン (鑑定),0,鑑定,15.7,OLD_REALM,2026-08-10
灰色の夜明けの布ズボン (鑑定),10,鑑定,458.44,OLD_REALM,2026-08-10
灰色の夜明けの布ズボン (鑑定),5,鑑定,15.7,OLD_REALM,2026-08-10
灰色の夜明けの布ズボン (鑑定),6,鑑定,54.95,OLD_REALM,2026-08-10
灰色の夜明けの布ズボン (鑑定),7,鑑定,106.76,OLD_REALM,2026-08-10
灰色の夜明けの布ズボン (鑑定),8,鑑定,376.8,OLD_REALM,2026-08-10
灰色の夜明けの布ズボン (鑑定),9,鑑定,549.5,OLD_REALM,2026-08-10
灰色の夜明けの帽子 (未鑑定),0,未鑑定,15.7,OLD_REALM,2026-08-10
灰色の夜明けの帽子 (鑑定),0,鑑定,15.7,OLD_REALM,2026-08-10
灰色の夜明けの帽子 (鑑定),4,鑑定,18.84,OLD_REALM,2026-08-10
灰色の夜明けの帽子 (鑑定),5,鑑定,257.48,OLD_REALM,2026-08-10
灰色の夜明けの帽子 (鑑定),6,鑑定,114.61,OLD_REALM,2026-08-10
灰色の夜明けの帽子 (鑑定),7,鑑定,157.0,OLD_REALM,2026-08-10
灰色の夜明けの帽子 (鑑定),8,鑑定,568.34,OLD_REALM,2026-08-10
灰色の夜明けの帽子 (鑑定),9,鑑定,284.17,OLD_REALM,2026-08-10
灰色の夜明けの弓 (未鑑定),0,未鑑定,310.86,OLD_REALM,2026-08-10
灰色の夜明けの弓 (鑑定),0,鑑定,298.3,OLD_REALM,2026-08-10
灰色の夜明けの弓 (鑑定),10,鑑定,1727.0,OLD_REALM,2026-08-10
灰色の夜明けの弓 (鑑定),11,鑑定,3105.46,OLD_REALM,2026-08-10
灰色の夜明けの弓 (鑑定),7,鑑定,471.0,OLD_REALM,2026-08-10
灰色の夜明けの弓 (鑑定),8,鑑定,871.35,OLD_REALM,2026-08-10
灰色の夜明けの弓 (鑑定),9,鑑定,775.58,OLD_REALM,2026-08-10
灰色の夜明けの戦棒 (未鑑定),0,未鑑定,387.79,OLD_REALM,2026-08-10
灰色の夜明けの戦棒 (鑑定),0,鑑定,312.43,OLD_REALM,2026-08-10
灰色の夜明けの戦棒 (鑑定),10,鑑定,1099.0,OLD_REALM,2026-08-10
灰色の夜明けの戦棒 (鑑定),12,鑑定,5171.58,OLD_REALM,2026-08-10
灰色の夜明けの戦棒 (鑑定),7,鑑定,549.5,OLD_REALM,2026-08-10
灰色の夜明けの戦棒 (鑑定),8,鑑定,502.4,OLD_REALM,2026-08-10
灰色の夜明けの戦棒 (鑑定),9,鑑定,949.85,OLD_REALM,2026-08-10
灰色の夜明けの戦闘マント (未鑑定),0,未鑑定,51.81,OLD_REALM,2026-08-10
灰色の夜明けの戦闘マント (鑑定),0,鑑定,62.8,OLD_REALM,2026-08-10
灰色の夜明けの戦闘マント (鑑定),1,鑑定,146.01000000000002,OLD_REALM,2026-08-10
灰色の夜明けの戦闘マント (鑑定),3,鑑定,211.95,OLD_REALM,2026-08-10
灰色の夜明けの戦闘マント (鑑定),4,鑑定,549.5,OLD_REALM,2026-08-10
灰色の夜明けの戦闘マント (鑑定),5,鑑定,299.87,OLD_REALM,2026-08-10
灰色の夜明けの戦闘マント (鑑定),7,鑑定,2041.0,OLD_REALM,2026-08-10
灰色の夜明けの戦闘盾 (未鑑定),0,未鑑定,204.1,OLD_REALM,2026-08-10
灰色の夜明けの戦闘盾 (鑑定),0,鑑定,314.0,OLD_REALM,2026-08-10
灰色の夜明けの戦闘盾 (鑑定),10,鑑定,628.0,OLD_REALM,2026-08-10
灰色の夜明けの戦闘盾 (鑑定),11,鑑定,1171.22,OLD_REALM,2026-08-10
灰色の夜明けの戦闘盾 (鑑定),12,鑑定,3140.0,OLD_REALM,2026-08-10
灰色の夜明けの戦闘盾 (鑑定),7,鑑定,471.0,OLD_REALM,2026-08-10
灰色の夜明けの戦闘盾 (鑑定),8,鑑定,571.48,OLD_REALM,2026-08-10
灰色の夜明けの手甲 (未鑑定),0,未鑑定,15.7,OLD_REALM,2026-08-10
灰色の夜明けの手甲 (鑑定),0,鑑定,15.7,OLD_REALM,2026-08-10
灰色の夜明けの手甲 (鑑定),10,鑑定,314.0,OLD_REALM,2026-08-10
灰色の夜明けの手甲 (鑑定),11,鑑定,2355.0,OLD_REALM,2026-08-10
灰色の夜明けの手甲 (鑑定),5,鑑定,15.7,OLD_REALM,2026-08-10
灰色の夜明けの手甲 (鑑定),6,鑑定,39.25,OLD_REALM,2026-08-10
灰色の夜明けの手甲 (鑑定),7,鑑定,59.66,OLD_REALM,2026-08-10
灰色の夜明けの手甲 (鑑定),8,鑑定,76.92999999999999,OLD_REALM,2026-08-10
灰色の夜明けの手甲 (鑑定),9,鑑定,117.75,OLD_REALM,2026-08-10
灰色の夜明けの杖 (未鑑定),0,未鑑定,202.53,OLD_REALM,2026-08-10
灰色の夜明けの杖 (鑑定),0,鑑定,232.36,OLD_REALM,2026-08-10
灰色の夜明けの杖 (鑑定),10,鑑定,706.5,OLD_REALM,2026-08-10
灰色の夜明けの杖 (鑑定),11,鑑定,2587.36,OLD_REALM,2026-08-10
灰色の夜明けの杖 (鑑定),12,鑑定,3752.3,OLD_REALM,2026-08-10
灰色の夜明けの杖 (鑑定),7,鑑定,237.07,OLD_REALM,2026-08-10
灰色の夜明けの杖 (鑑定),8,鑑定,763.0200000000001,OLD_REALM,2026-08-10
灰色の夜明けの杖 (鑑定),9,鑑定,1287.4,OLD_REALM,2026-08-10
灰色の夜明けの短剣 (未鑑定),0,未鑑定,226.08,OLD_REALM,2026-08-10
灰色の夜明けの短剣 (鑑定),0,鑑定,157.0,OLD_REALM,2026-08-10
灰色の夜明けの短剣 (鑑定),10,鑑定,1568.43,OLD_REALM,2026-08-10
灰色の夜明けの短剣 (鑑定),11,鑑定,5155.88,OLD_REALM,2026-08-10
灰色の夜明けの短剣 (鑑定),12,鑑定,5179.43,OLD_REALM,2026-08-10
灰色の夜明けの短剣 (鑑定),13,鑑定,7850.0,OLD_REALM,2026-08-10
灰色の夜明けの短剣 (鑑定),7,鑑定,174.27,OLD_REALM,2026-08-10
灰色の夜明けの短剣 (鑑定),8,鑑定,518.1,OLD_REALM,2026-08-10
灰色の夜明けの短剣 (鑑定),9,鑑定,706.5,OLD_REALM,2026-08-10
灰色の夜明けの短靴 (未鑑定),0,未鑑定,15.7,OLD_REALM,2026-08-10
灰色の夜明けの短靴 (鑑定),0,鑑定,15.7,OLD_REALM,2026-08-10
灰色の夜明けの短靴 (鑑定),10,鑑定,202.53,OLD_REALM,2026-08-10
灰色の夜明けの短靴 (鑑定),5,鑑定,29.83,OLD_REALM,2026-08-10
灰色の夜明けの短靴 (鑑定),6,鑑定,47.1,OLD_REALM,2026-08-10
灰色の夜明けの短靴 (鑑定),7,鑑定,164.85,OLD_REALM,2026-08-10
灰色の夜明けの短靴 (鑑定),8,鑑定,282.6,OLD_REALM,2026-08-10
灰色の夜明けの破壊マント (未鑑定),0,未鑑定,47.1,OLD_REALM,2026-08-10
灰色の夜明けの破壊マント (鑑定),0,鑑定,31.4,OLD_REALM,2026-08-10
灰色の夜明けの破壊マント (鑑定),1,鑑定,314.0,OLD_REALM,2026-08-10
灰色の夜明けの破壊マント (鑑定),2,鑑定,510.25,OLD_REALM,2026-08-10
灰色の夜明けの破壊マント (鑑定),3,鑑定,204.1,OLD_REALM,2026-08-10
灰色の夜明けの破壊マント (鑑定),4,鑑定,722.1999999999999,OLD_REALM,2026-08-10
灰色の夜明けの破壊マント (鑑定),5,鑑定,427.04,OLD_REALM,2026-08-10
灰色の夜明けの破壊マント (鑑定),6,鑑定,905.89,OLD_REALM,2026-08-10
灰色の夜明けの籠手 (未鑑定),0,未鑑定,116.18,OLD_REALM,2026-08-10
灰色の夜明けの籠手 (鑑定),0,鑑定,128.73999999999998,OLD_REALM,2026-08-10
灰色の夜明けの籠手 (鑑定),10,鑑定,392.5,OLD_REALM,2026-08-10
灰色の夜明けの籠手 (鑑定),11,鑑定,3768.0,OLD_REALM,2026-08-10
灰色の夜明けの籠手 (鑑定),7,鑑定,142.87,OLD_REALM,2026-08-10
灰色の夜明けの籠手 (鑑定),8,鑑定,628.0,OLD_REALM,2026-08-10
灰色の夜明けの籠手 (鑑定),9,鑑定,1405.15,OLD_REALM,2026-08-10
灰色の夜明けの精霊マント (未鑑定),0,未鑑定,31.4,OLD_REALM,2026-08-10
灰色の夜明けの精霊マント (鑑定),0,鑑定,32.97,OLD_REALM,2026-08-10
灰色の夜明けの精霊マント (鑑定),1,鑑定,387.79,OLD_REALM,2026-08-10
灰色の夜明けの精霊マント (鑑定),2,鑑定,235.5,OLD_REALM,2026-08-10
灰色の夜明けの精霊マント (鑑定),3,鑑定,102.05,OLD_REALM,2026-08-10
灰色の夜明けの精霊マント (鑑定),4,鑑定,412.91,OLD_REALM,2026-08-10
灰色の夜明けの精霊マント (鑑定),5,鑑定,314.0,OLD_REALM,2026-08-10
灰色の夜明けの精霊マント (鑑定),6,鑑定,785.0,OLD_REALM,2026-08-10
灰色の夜明けの鎧 (未鑑定),0,未鑑定,15.7,OLD_REALM,2026-08-10
灰色の夜明けの鎧 (鑑定),0,鑑定,15.7,OLD_REALM,2026-08-10
灰色の夜明けの鎧 (鑑定),10,鑑定,235.5,OLD_REALM,2026-08-10
灰色の夜明けの鎧 (鑑定),4,鑑定,37.68,OLD_REALM,2026-08-10
灰色の夜明けの鎧 (鑑定),5,鑑定,29.83,OLD_REALM,2026-08-10
灰色の夜明けの鎧 (鑑定),6,鑑定,17.27,OLD_REALM,2026-08-10
灰色の夜明けの鎧 (鑑定),7,鑑定,51.81,OLD_REALM,2026-08-10
灰色の夜明けの鎧 (鑑定),8,鑑定,78.5,OLD_REALM,2026-08-10
灰色の夜明けの鎧 (鑑定),9,鑑定,180.55,OLD_REALM,2026-08-10
灰色の夜明けの長靴 (未鑑定),0,未鑑定,15.7,OLD_REALM,2026-08-10
灰色の夜明けの長靴 (鑑定),0,鑑定,15.7,OLD_REALM,2026-08-10
灰色の夜明けの長靴 (鑑定),10,鑑定,262.19,OLD_REALM,2026-08-10
灰色の夜明けの長靴 (鑑定),11,鑑定,761.4499999999999,OLD_REALM,2026-08-10
灰色の夜明けの長靴 (鑑定),5,鑑定,15.7,OLD_REALM,2026-08-10
灰色の夜明けの長靴 (鑑定),6,鑑定,18.84,OLD_REALM,2026-08-10
灰色の夜明けの長靴 (鑑定),7,鑑定,76.92999999999999,OLD_REALM,2026-08-10
灰色の夜明けの長靴 (鑑定),8,鑑定,109.9,OLD_REALM,2026-08-10
灰色の夜明けの長靴 (鑑定),9,鑑定,185.26,OLD_REALM,2026-08-10
灰色の夜明けの革ズボン (未鑑定),0,未鑑定,15.7,OLD_REALM,2026-08-10
灰色の夜明けの革ズボン (鑑定),0,鑑定,15.7,OLD_REALM,2026-08-10
灰色の夜明けの革ズボン (鑑定),10,鑑定,188.4,OLD_REALM,2026-08-10
灰色の夜明けの革ズボン (鑑定),11,鑑定,580.9,OLD_REALM,2026-08-10
灰色の夜明けの革ズボン (鑑定),5,鑑定,15.7,OLD_REALM,2026-08-10
灰色の夜明けの革ズボン (鑑定),6,鑑定,47.1,OLD_REALM,2026-08-10
灰色の夜明けの革ズボン (鑑定),7,鑑定,69.08,OLD_REALM,2026-08-10
灰色の夜明けの革ズボン (鑑定),8,鑑定,61.23,OLD_REALM,2026-08-10
灰色の夜明けの革ズボン (鑑定),9,鑑定,194.68,OLD_REALM,2026-08-10
白い戦闘馬のサドル,0,なし,69.08,OLD_REALM,2026-08-10
真理の聖杯 (鑑定),7,鑑定,76145.0,OLD_REALM,2026-08-10
短剣：再整備,0,なし,5554.660000000001,OLD_REALM,2026-08-10
短剣：暗殺者の印,0,なし,87.92,OLD_REALM,2026-08-10
短剣：素早さ,0,なし,15.7,OLD_REALM,2026-08-10
素手：武術修練,0,なし,609.16,OLD_REALM,2026-08-10
聖戦士の軍馬のサドル,0,なし,34.54,OLD_REALM,2026-08-10
荒ぶる戦闘狼のサドル,0,なし,17.27,OLD_REALM,2026-08-10
青い戦闘馬のサドル,0,なし,50.24,OLD_REALM,2026-08-10
魔法使いの駿馬のサドル,0,なし,65.94,OLD_REALM,2026-08-10
黒い戦闘馬のサドル,0,なし,73.78999999999999,OLD_REALM,2026-08-10
黒棘のガントレット (未鑑定),0,未鑑定,15.7,OLD_REALM,2026-08-10
黒棘のガントレット (鑑定),0,鑑定,15.7,OLD_REALM,2026-08-10
黒棘のガントレット (鑑定),10,鑑定,628.0,OLD_REALM,2026-08-10
黒棘のガントレット (鑑定),5,鑑定,15.7,OLD_REALM,2026-08-10
黒棘のガントレット (鑑定),6,鑑定,28.26,OLD_REALM,2026-08-10
黒棘のガントレット (鑑定),7,鑑定,113.04,OLD_REALM,2026-08-10
黒棘のガントレット (鑑定),8,鑑定,314.0,OLD_REALM,2026-08-10
黒棘のガントレット (鑑定),9,鑑定,510.25,OLD_REALM,2026-08-10
黒棘のクロスボウ (未鑑定),0,未鑑定,778.72,OLD_REALM,2026-08-10
黒棘のクロスボウ (鑑定),0,鑑定,626.4300000000001,OLD_REALM,2026-08-10
黒棘のクロスボウ (鑑定),10,鑑定,5212.400000000001,OLD_REALM,2026-08-10
黒棘のクロスボウ (鑑定),12,鑑定,15543.0,OLD_REALM,2026-08-10
黒棘のクロスボウ (鑑定),7,鑑定,785.0,OLD_REALM,2026-08-10
黒棘のクロスボウ (鑑定),8,鑑定,2355.0,OLD_REALM,2026-08-10
黒棘のグリーヴ (未鑑定),0,未鑑定,17.27,OLD_REALM,2026-08-10
黒棘のグリーヴ (鑑定),0,鑑定,15.7,OLD_REALM,2026-08-10
黒棘のグリーヴ (鑑定),10,鑑定,1780.38,OLD_REALM,2026-08-10
黒棘のグリーヴ (鑑定),5,鑑定,78.5,OLD_REALM,2026-08-10
黒棘のグリーヴ (鑑定),7,鑑定,345.40000000000003,OLD_REALM,2026-08-10
黒棘のグリーヴ (鑑定),8,鑑定,390.93,OLD_REALM,2026-08-10
黒棘のグローブ (未鑑定),0,未鑑定,36.11,OLD_REALM,2026-08-10
黒棘のグローブ (鑑定),0,鑑定,31.4,OLD_REALM,2026-08-10
黒棘のグローブ (鑑定),10,鑑定,384.65,OLD_REALM,2026-08-10
黒棘のグローブ (鑑定),5,鑑定,157.0,OLD_REALM,2026-08-10
黒棘のグローブ (鑑定),6,鑑定,157.0,OLD_REALM,2026-08-10
黒棘のグローブ (鑑定),7,鑑定,188.4,OLD_REALM,2026-08-10
黒棘のサイド (未鑑定),0,未鑑定,1287.4,OLD_REALM,2026-08-10
黒棘のサイド (鑑定),0,鑑定,1331.36,OLD_REALM,2026-08-10
黒棘のサイド (鑑定),10,鑑定,7195.31,OLD_REALM,2026-08-10
黒棘のサイド (鑑定),11,鑑定,18840.0,OLD_REALM,2026-08-10
黒棘のサイド (鑑定),12,鑑定,39250.0,OLD_REALM,2026-08-10
黒棘のサイド (鑑定),7,鑑定,2512.0,OLD_REALM,2026-08-10
黒棘のサイド (鑑定),8,鑑定,1334.5,OLD_REALM,2026-08-10
黒棘のサイド (鑑定),9,鑑定,3621.99,OLD_REALM,2026-08-10
黒棘のフード (未鑑定),0,未鑑定,15.7,OLD_REALM,2026-08-10
黒棘のフード (鑑定),0,鑑定,28.26,OLD_REALM,2026-08-10
黒棘のフード (鑑定),10,鑑定,180.55,OLD_REALM,2026-08-10
黒棘のフード (鑑定),11,鑑定,2512.0,OLD_REALM,2026-08-10
黒棘のフード (鑑定),5,鑑定,15.7,OLD_REALM,2026-08-10
黒棘のフード (鑑定),6,鑑定,78.5,OLD_REALM,2026-08-10
黒棘のフード (鑑定),7,鑑定,172.70000000000002,OLD_REALM,2026-08-10
黒棘のフード (鑑定),8,鑑定,157.0,OLD_REALM,2026-08-10
黒棘のフード (鑑定),9,鑑定,141.3,OLD_REALM,2026-08-10
黒棘のブレスレット,0,なし,29.83,OLD_REALM,2026-08-10
黒棘のブレスレット,10,なし,314.0,OLD_REALM,2026-08-10
黒棘のブレスレット,12,なし,193.11,OLD_REALM,2026-08-10
黒棘のブレスレット,13,なし,733.1899999999999,OLD_REALM,2026-08-10
黒棘のブレスレット,14,なし,628.0,OLD_REALM,2026-08-10
黒棘のブレスレット,15,なし,227.65,OLD_REALM,2026-08-10
黒棘のブレスレット,16,なし,197.82,OLD_REALM,2026-08-10
黒棘のブレスレット,17,なし,455.3,OLD_REALM,2026-08-10
黒棘のブレスレット,18,なし,722.1999999999999,OLD_REALM,2026-08-10
黒棘のブレスレット,20,なし,5171.58,OLD_REALM,2026-08-10
黒棘のヘルム (未鑑定),0,未鑑定,15.7,OLD_REALM,2026-08-10
黒棘のヘルム (鑑定),0,鑑定,15.7,OLD_REALM,2026-08-10
黒棘のヘルム (鑑定),10,鑑定,785.0,OLD_REALM,2026-08-10
黒棘のヘルム (鑑定),5,鑑定,29.83,OLD_REALM,2026-08-10
黒棘のヘルム (鑑定),6,鑑定,64.36999999999999,OLD_REALM,2026-08-10
黒棘のヘルム (鑑定),7,鑑定,87.92,OLD_REALM,2026-08-10
黒棘のヘルム (鑑定),8,鑑定,254.34,OLD_REALM,2026-08-10
黒棘のヘルム (鑑定),9,鑑定,486.7,OLD_REALM,2026-08-10
黒棘のベスト (未鑑定),0,未鑑定,15.7,OLD_REALM,2026-08-10
黒棘のベスト (鑑定),0,鑑定,15.7,OLD_REALM,2026-08-10
黒棘のベスト (鑑定),10,鑑定,464.72,OLD_REALM,2026-08-10
黒棘のベスト (鑑定),11,鑑定,942.0,OLD_REALM,2026-08-10
黒棘のベスト (鑑定),5,鑑定,15.7,OLD_REALM,2026-08-10
黒棘のベスト (鑑定),6,鑑定,127.17,OLD_REALM,2026-08-10
黒棘のベスト (鑑定),7,鑑定,332.84000000000003,OLD_REALM,2026-08-10
黒棘のベスト (鑑定),8,鑑定,384.65,OLD_REALM,2026-08-10
黒棘のベスト (鑑定),9,鑑定,1006.37,OLD_REALM,2026-08-10
黒棘のレガース (未鑑定),0,未鑑定,15.7,OLD_REALM,2026-08-10
黒棘のレガース (鑑定),0,鑑定,15.7,OLD_REALM,2026-08-10
黒棘のレガース (鑑定),10,鑑定,392.5,OLD_REALM,2026-08-10
黒棘のレガース (鑑定),11,鑑定,1099.0,OLD_REALM,2026-08-10
黒棘のレガース (鑑定),5,鑑定,23.55,OLD_REALM,2026-08-10
黒棘のレガース (鑑定),6,鑑定,62.8,OLD_REALM,2026-08-10
黒棘のレガース (鑑定),7,鑑定,463.15,OLD_REALM,2026-08-10
黒棘のレガース (鑑定),8,鑑定,157.0,OLD_REALM,2026-08-10
黒棘のレガース (鑑定),9,鑑定,471.0,OLD_REALM,2026-08-10
黒棘のローブ (未鑑定),0,未鑑定,15.7,OLD_REALM,2026-08-10
黒棘のローブ (鑑定),0,鑑定,157.0,OLD_REALM,2026-08-10
黒棘のローブ (鑑定),10,鑑定,314.0,OLD_REALM,2026-08-10
黒棘のローブ (鑑定),5,鑑定,31.4,OLD_REALM,2026-08-10
黒棘のローブ (鑑定),6,鑑定,298.3,OLD_REALM,2026-08-10
黒棘のローブ (鑑定),7,鑑定,455.3,OLD_REALM,2026-08-10
黒棘のローブ (鑑定),8,鑑定,942.0,OLD_REALM,2026-08-10
黒棘の剣/盾 (未鑑定),0,未鑑定,596.6,OLD_REALM,2026-08-10
黒棘の剣/盾 (鑑定),0,鑑定,628.0,OLD_REALM,2026-08-10
黒棘の剣/盾 (鑑定),10,鑑定,3053.65,OLD_REALM,2026-08-10
黒棘の剣/盾 (鑑定),7,鑑定,942.0,OLD_REALM,2026-08-10
黒棘の剣/盾 (鑑定),8,鑑定,943.57,OLD_REALM,2026-08-10
黒棘の勇猛マント (未鑑定),0,未鑑定,53.38,OLD_REALM,2026-08-10
黒棘の勇猛マント (鑑定),0,鑑定,94.2,OLD_REALM,2026-08-10
黒棘の勇猛マント (鑑定),1,鑑定,314.0,OLD_REALM,2026-08-10
黒棘の勇猛マント (鑑定),2,鑑定,147.57999999999998,OLD_REALM,2026-08-10
黒棘の勇猛マント (鑑定),3,鑑定,157.0,OLD_REALM,2026-08-10
黒棘の勇猛マント (鑑定),4,鑑定,172.70000000000002,OLD_REALM,2026-08-10
黒棘の勇猛マント (鑑定),5,鑑定,628.0,OLD_REALM,2026-08-10
黒棘の勇猛マント (鑑定),7,鑑定,1422.42,OLD_REALM,2026-08-10
黒棘の大剣 (未鑑定),0,未鑑定,324.98999999999995,OLD_REALM,2026-08-10
黒棘の大剣 (鑑定),0,鑑定,335.98,OLD_REALM,2026-08-10
黒棘の大剣 (鑑定),10,鑑定,2431.93,OLD_REALM,2026-08-10
黒棘の大剣 (鑑定),7,鑑定,335.98,OLD_REALM,2026-08-10
黒棘の大剣 (鑑定),8,鑑定,408.2,OLD_REALM,2026-08-10
黒棘の布ズボン (未鑑定),0,未鑑定,15.7,OLD_REALM,2026-08-10
黒棘の布ズボン (鑑定),0,鑑定,15.7,OLD_REALM,2026-08-10
黒棘の布ズボン (鑑定),10,鑑定,640.5600000000001,OLD_REALM,2026-08-10
黒棘の布ズボン (鑑定),5,鑑定,15.7,OLD_REALM,2026-08-10
黒棘の布ズボン (鑑定),6,鑑定,157.0,OLD_REALM,2026-08-10
黒棘の布ズボン (鑑定),7,鑑定,125.6,OLD_REALM,2026-08-10
黒棘の布ズボン (鑑定),8,鑑定,232.36,OLD_REALM,2026-08-10
黒棘の布ズボン (鑑定),9,鑑定,628.0,OLD_REALM,2026-08-10
黒棘の帽子 (未鑑定),0,未鑑定,15.7,OLD_REALM,2026-08-10
黒棘の帽子 (鑑定),0,鑑定,15.7,OLD_REALM,2026-08-10
黒棘の帽子 (鑑定),10,鑑定,471.0,OLD_REALM,2026-08-10
黒棘の帽子 (鑑定),11,鑑定,458.44,OLD_REALM,2026-08-10
黒棘の帽子 (鑑定),5,鑑定,20.41,OLD_REALM,2026-08-10
黒棘の帽子 (鑑定),6,鑑定,172.70000000000002,OLD_REALM,2026-08-10
黒棘の弓 (未鑑定),0,未鑑定,529.09,OLD_REALM,2026-08-10
黒棘の弓 (鑑定),0,鑑定,516.53,OLD_REALM,2026-08-10
黒棘の弓 (鑑定),10,鑑定,4138.52,OLD_REALM,2026-08-10
黒棘の弓 (鑑定),12,鑑定,12560.0,OLD_REALM,2026-08-10
黒棘の弓 (鑑定),6,鑑定,1256.0,OLD_REALM,2026-08-10
黒棘の弓 (鑑定),7,鑑定,648.41,OLD_REALM,2026-08-10
黒棘の弓 (鑑定),8,鑑定,549.5,OLD_REALM,2026-08-10
黒棘の弓 (鑑定),9,鑑定,2121.07,OLD_REALM,2026-08-10
黒棘の戦棒 (未鑑定),0,未鑑定,769.3000000000001,OLD_REALM,2026-08-10
黒棘の戦棒 (鑑定),0,鑑定,1256.0,OLD_REALM,2026-08-10
黒棘の戦棒 (鑑定),10,鑑定,4396.0,OLD_REALM,2026-08-10
黒棘の戦棒 (鑑定),6,鑑定,1524.47,OLD_REALM,2026-08-10
黒棘の戦棒 (鑑定),7,鑑定,1084.87,OLD_REALM,2026-08-10
黒棘の戦棒 (鑑定),8,鑑定,1086.44,OLD_REALM,2026-08-10
黒棘の戦棒 (鑑定),9,鑑定,3177.68,OLD_REALM,2026-08-10
黒棘の戦闘マント (未鑑定),0,未鑑定,69.08,OLD_REALM,2026-08-10
黒棘の戦闘マント (鑑定),0,鑑定,153.86,OLD_REALM,2026-08-10
黒棘の戦闘マント (鑑定),2,鑑定,3140.0,OLD_REALM,2026-08-10
黒棘の戦闘マント (鑑定),3,鑑定,157.0,OLD_REALM,2026-08-10
黒棘の戦闘マント (鑑定),4,鑑定,855.65,OLD_REALM,2026-08-10
黒棘の戦闘マント (鑑定),5,鑑定,329.7,OLD_REALM,2026-08-10
黒棘の戦闘マント (鑑定),6,鑑定,1570.0,OLD_REALM,2026-08-10
黒棘の戦闘盾 (未鑑定),0,未鑑定,262.19,OLD_REALM,2026-08-10
黒棘の戦闘盾 (鑑定),0,鑑定,288.88,OLD_REALM,2026-08-10
黒棘の戦闘盾 (鑑定),10,鑑定,2069.26,OLD_REALM,2026-08-10
黒棘の戦闘盾 (鑑定),12,鑑定,12560.0,OLD_REALM,2026-08-10
黒棘の戦闘盾 (鑑定),13,鑑定,7765.22,OLD_REALM,2026-08-10
黒棘の戦闘盾 (鑑定),7,鑑定,298.3,OLD_REALM,2026-08-10
黒棘の戦闘盾 (鑑定),8,鑑定,628.0,OLD_REALM,2026-08-10
黒棘の戦闘盾 (鑑定),9,鑑定,1099.0,OLD_REALM,2026-08-10
黒棘の手甲 (未鑑定),0,未鑑定,15.7,OLD_REALM,2026-08-10
黒棘の手甲 (鑑定),0,鑑定,15.7,OLD_REALM,2026-08-10
黒棘の手甲 (鑑定),10,鑑定,390.93,OLD_REALM,2026-08-10
黒棘の手甲 (鑑定),5,鑑定,15.7,OLD_REALM,2026-08-10
黒棘の手甲 (鑑定),6,鑑定,62.8,OLD_REALM,2026-08-10
黒棘の手甲 (鑑定),7,鑑定,155.43,OLD_REALM,2026-08-10
黒棘の手甲 (鑑定),8,鑑定,251.2,OLD_REALM,2026-08-10
黒棘の手甲 (鑑定),9,鑑定,279.46,OLD_REALM,2026-08-10
黒棘の杖 (未鑑定),0,未鑑定,324.98999999999995,OLD_REALM,2026-08-10
黒棘の杖 (鑑定),0,鑑定,471.0,OLD_REALM,2026-08-10
黒棘の杖 (鑑定),10,鑑定,2066.12,OLD_REALM,2026-08-10
黒棘の杖 (鑑定),12,鑑定,9440.41,OLD_REALM,2026-08-10
黒棘の杖 (鑑定),6,鑑定,2198.0,OLD_REALM,2026-08-10
黒棘の杖 (鑑定),7,鑑定,455.3,OLD_REALM,2026-08-10
黒棘の杖 (鑑定),8,鑑定,816.4,OLD_REALM,2026-08-10
黒棘の杖 (鑑定),9,鑑定,2355.0,OLD_REALM,2026-08-10
黒棘の短剣 (未鑑定),0,未鑑定,588.75,OLD_REALM,2026-08-10
黒棘の短剣 (鑑定),0,鑑定,1532.32,OLD_REALM,2026-08-10
黒棘の短剣 (鑑定),10,鑑定,2983.0,OLD_REALM,2026-08-10
黒棘の短剣 (鑑定),6,鑑定,1172.79,OLD_REALM,2026-08-10
黒棘の短剣 (鑑定),7,鑑定,942.0,OLD_REALM,2026-08-10
黒棘の短剣 (鑑定),8,鑑定,1648.5,OLD_REALM,2026-08-10
黒棘の短靴 (未鑑定),0,未鑑定,15.7,OLD_REALM,2026-08-10
黒棘の短靴 (鑑定),0,鑑定,15.7,OLD_REALM,2026-08-10
黒棘の短靴 (鑑定),10,鑑定,471.0,OLD_REALM,2026-08-10
黒棘の短靴 (鑑定),5,鑑定,15.7,OLD_REALM,2026-08-10
黒棘の短靴 (鑑定),6,鑑定,157.0,OLD_REALM,2026-08-10
黒棘の短靴 (鑑定),7,鑑定,353.25,OLD_REALM,2026-08-10
黒棘の破壊マント (未鑑定),0,未鑑定,59.66,OLD_REALM,2026-08-10
黒棘の破壊マント (鑑定),0,鑑定,133.45,OLD_REALM,2026-08-10
黒棘の破壊マント (鑑定),1,鑑定,138.16,OLD_REALM,2026-08-10
黒棘の破壊マント (鑑定),2,鑑定,125.6,OLD_REALM,2026-08-10
黒棘の破壊マント (鑑定),3,鑑定,282.6,OLD_REALM,2026-08-10
黒棘の破壊マント (鑑定),4,鑑定,348.54,OLD_REALM,2026-08-10
黒棘の破壊マント (鑑定),5,鑑定,706.5,OLD_REALM,2026-08-10
黒棘の破壊マント (鑑定),6,鑑定,3611.0,OLD_REALM,2026-08-10
黒棘の籠手 (未鑑定),0,未鑑定,130.31,OLD_REALM,2026-08-10
黒棘の籠手 (鑑定),0,鑑定,141.3,OLD_REALM,2026-08-10
黒棘の籠手 (鑑定),10,鑑定,1292.11,OLD_REALM,2026-08-10
黒棘の籠手 (鑑定),12,鑑定,4399.14,OLD_REALM,2026-08-10
黒棘の籠手 (鑑定),6,鑑定,1422.42,OLD_REALM,2026-08-10
黒棘の籠手 (鑑定),7,鑑定,157.0,OLD_REALM,2026-08-10
黒棘の籠手 (鑑定),8,鑑定,392.5,OLD_REALM,2026-08-10
黒棘の籠手 (鑑定),9,鑑定,1524.47,OLD_REALM,2026-08-10
黒棘の精霊マント (未鑑定),0,未鑑定,51.81,OLD_REALM,2026-08-10
黒棘の精霊マント (鑑定),0,鑑定,75.36,OLD_REALM,2026-08-10
黒棘の精霊マント (鑑定),1,鑑定,1568.43,OLD_REALM,2026-08-10
黒棘の精霊マント (鑑定),3,鑑定,141.3,OLD_REALM,2026-08-10
黒棘の精霊マント (鑑定),4,鑑定,516.53,OLD_REALM,2026-08-10
黒棘の精霊マント (鑑定),5,鑑定,469.43,OLD_REALM,2026-08-10
黒棘の精霊マント (鑑定),6,鑑定,1256.0,OLD_REALM,2026-08-10
黒棘の鎧 (未鑑定),0,未鑑定,15.7,OLD_REALM,2026-08-10
黒棘の鎧 (鑑定),0,鑑定,15.7,OLD_REALM,2026-08-10
黒棘の鎧 (鑑定),10,鑑定,362.67,OLD_REALM,2026-08-10
黒棘の鎧 (鑑定),5,鑑定,15.7,OLD_REALM,2026-08-10
黒棘の鎧 (鑑定),6,鑑定,32.97,OLD_REALM,2026-08-10
黒棘の鎧 (鑑定),7,鑑定,125.6,OLD_REALM,2026-08-10
黒棘の鎧 (鑑定),8,鑑定,147.57999999999998,OLD_REALM,2026-08-10
黒棘の鎧 (鑑定),9,鑑定,775.58,OLD_REALM,2026-08-10
黒棘の長靴 (未鑑定),0,未鑑定,15.7,OLD_REALM,2026-08-10
黒棘の長靴 (鑑定),0,鑑定,15.7,OLD_REALM,2026-08-10
黒棘の長靴 (鑑定),10,鑑定,310.86,OLD_REALM,2026-08-10
黒棘の長靴 (鑑定),5,鑑定,15.7,OLD_REALM,2026-08-10
黒棘の長靴 (鑑定),6,鑑定,84.78,OLD_REALM,2026-08-10
黒棘の長靴 (鑑定),7,鑑定,337.55,OLD_REALM,2026-08-10
黒棘の長靴 (鑑定),8,鑑定,157.0,OLD_REALM,2026-08-10
黒棘の長靴 (鑑定),9,鑑定,314.0,OLD_REALM,2026-08-10
黒棘の革ズボン (未鑑定),0,未鑑定,15.7,OLD_REALM,2026-08-10
黒棘の革ズボン (鑑定),0,鑑定,15.7,OLD_REALM,2026-08-10
黒棘の革ズボン (鑑定),10,鑑定,314.0,OLD_REALM,2026-08-10
黒棘の革ズボン (鑑定),5,鑑定,15.7,OLD_REALM,2026-08-10
黒棘の革ズボン (鑑定),6,鑑定,78.5,OLD_REALM,2026-08-10
黒棘の革ズボン (鑑定),7,鑑定,117.75,OLD_REALM,2026-08-10
黒棘の革ズボン (鑑定),8,鑑定,251.2,OLD_REALM,2026-08-10
黒棘の革ズボン (鑑定),9,鑑定,375.23,OLD_REALM,2026-08-10
1段階10番培養細胞箱(10個),0,なし,274.75,NEW_REALM_2,2026-08-10
1段階12番培養細胞箱(10個),0,なし,3846.5,NEW_REALM_2,2026-08-10
1段階1番培養細胞箱(10個),0,なし,15.7,NEW_REALM_2,2026-08-10
1段階2番培養細胞箱(10個),0,なし,15.7,NEW_REALM_2,2026-08-10
1段階3番培養細胞箱(10個),0,なし,15.7,NEW_REALM_2,2026-08-10
1段階4番培養細胞箱(10個),0,なし,15.7,NEW_REALM_2,2026-08-10
1段階5番培養細胞箱(10個),0,なし,15.7,NEW_REALM_2,2026-08-10
1段階6番培養細胞箱(10個),0,なし,15.7,NEW_REALM_2,2026-08-10
1段階7番培養細胞箱(10個),0,なし,15.7,NEW_REALM_2,2026-08-10
1段階8番培養細胞箱(10個),0,なし,26.69,NEW_REALM_2,2026-08-10
1段階9番培養細胞箱(10個),0,なし,54.95,NEW_REALM_2,2026-08-10
1段階エピック装飾品強化箱(10個),0,なし,825.8199999999999,NEW_REALM_2,2026-08-10
1段階レジェンド装飾品強化箱(10個),0,なし,3615.71,NEW_REALM_2,2026-08-10
"1段階時の欠片箱(1,000個)",0,なし,81.64,NEW_REALM_2,2026-08-10
1段階錬金術触媒箱(100個),0,なし,37.68,NEW_REALM_2,2026-08-10
1段階黒オール箱(100個),0,なし,26.69,NEW_REALM_2,2026-08-10
2段階1番培養細胞箱(50個),0,なし,15.7,NEW_REALM_2,2026-08-10
2段階2番培養細胞箱(50個),0,なし,15.7,NEW_REALM_2,2026-08-10
2段階6番培養細胞箱(50個),0,なし,125.6,NEW_REALM_2,2026-08-10
2段階8番培養細胞箱(50個),0,なし,314.0,NEW_REALM_2,2026-08-10
2段階エピック装飾品強化箱(100個),0,なし,10048.0,NEW_REALM_2,2026-08-10
2段階レジェンド装飾品強化箱(100個),0,なし,39250.0,NEW_REALM_2,2026-08-10
"2段階時の欠片箱(5,000個)",0,なし,439.6,NEW_REALM_2,2026-08-10
2段階錬金術触媒箱(500個),0,なし,271.61,NEW_REALM_2,2026-08-10
3段階1番培養細胞箱(100個),0,なし,39.25,NEW_REALM_2,2026-08-10
3段階4番培養細胞箱(100個),0,なし,383.08,NEW_REALM_2,2026-08-10
"3段階時の欠片箱(10,000個)",0,なし,1224.6,NEW_REALM_2,2026-08-10
"4段階時の欠片箱(50,000個)",0,なし,7981.88,NEW_REALM_2,2026-08-10
"5段階時の欠片箱(100,000個)",0,なし,16167.86,NEW_REALM_2,2026-08-10
アザム・ヒサンのガントレット (未鑑定),0,未鑑定,51.81,NEW_REALM_2,2026-08-10
アザム・ヒサンのガントレット (鑑定),0,鑑定,78.5,NEW_REALM_2,2026-08-10
アザム・ヒサンのガントレット (鑑定),4,鑑定,376.8,NEW_REALM_2,2026-08-10
アザム・ヒサンのガントレット (鑑定),8,鑑定,646.84,NEW_REALM_2,2026-08-10
アザム・ヒサンのクロスボウ (未鑑定),0,未鑑定,2039.43,NEW_REALM_2,2026-08-10
アザム・ヒサンのクロスボウ (鑑定),7,鑑定,3092.9,NEW_REALM_2,2026-08-10
アザム・ヒサンのグリーヴ (未鑑定),0,未鑑定,43.96,NEW_REALM_2,2026-08-10
アザム・ヒサンのグリーヴ (鑑定),0,鑑定,43.96,NEW_REALM_2,2026-08-10
アザム・ヒサンのグリーヴ (鑑定),10,鑑定,1570.0,NEW_REALM_2,2026-08-10
アザム・ヒサンのグリーヴ (鑑定),4,鑑定,94.2,NEW_REALM_2,2026-08-10
アザム・ヒサンのグリーヴ (鑑定),5,鑑定,47.1,NEW_REALM_2,2026-08-10
アザム・ヒサンのグリーヴ (鑑定),6,鑑定,188.4,NEW_REALM_2,2026-08-10
アザム・ヒサンのグリーヴ (鑑定),7,鑑定,775.58,NEW_REALM_2,2026-08-10
アザム・ヒサンのグリーヴ (鑑定),8,鑑定,471.0,NEW_REALM_2,2026-08-10
アザム・ヒサンのグリーヴ (鑑定),9,鑑定,3925.0,NEW_REALM_2,2026-08-10
アザム・ヒサンのグローブ (未鑑定),0,未鑑定,153.86,NEW_REALM_2,2026-08-10
アザム・ヒサンのグローブ (鑑定),0,鑑定,37.68,NEW_REALM_2,2026-08-10
アザム・ヒサンのグローブ (鑑定),4,鑑定,51.81,NEW_REALM_2,2026-08-10
アザム・ヒサンのグローブ (鑑定),5,鑑定,257.48,NEW_REALM_2,2026-08-10
アザム・ヒサンのグローブ (鑑定),8,鑑定,753.6,NEW_REALM_2,2026-08-10
アザム・ヒサンのサイド (未鑑定),0,未鑑定,6119.86,NEW_REALM_2,2026-08-10
アザム・ヒサンのフード (未鑑定),0,未鑑定,45.53,NEW_REALM_2,2026-08-10
アザム・ヒサンのフード (鑑定),0,鑑定,43.96,NEW_REALM_2,2026-08-10
アザム・ヒサンのフード (鑑定),5,鑑定,45.53,NEW_REALM_2,2026-08-10
アザム・ヒサンのフード (鑑定),6,鑑定,153.86,NEW_REALM_2,2026-08-10
アザム・ヒサンのフード (鑑定),7,鑑定,219.8,NEW_REALM_2,2026-08-10
アザム・ヒサンのフード (鑑定),8,鑑定,423.9,NEW_REALM_2,2026-08-10
アザム・ヒサンのブレスレット,0,なし,1099.0,NEW_REALM_2,2026-08-10
アザム・ヒサンのヘルム (未鑑定),0,未鑑定,53.38,NEW_REALM_2,2026-08-10
アザム・ヒサンのヘルム (鑑定),0,鑑定,47.1,NEW_REALM_2,2026-08-10
アザム・ヒサンのヘルム (鑑定),4,鑑定,109.9,NEW_REALM_2,2026-08-10
アザム・ヒサンのヘルム (鑑定),5,鑑定,135.02,NEW_REALM_2,2026-08-10
アザム・ヒサンのヘルム (鑑定),6,鑑定,157.0,NEW_REALM_2,2026-08-10
アザム・ヒサンのヘルム (鑑定),7,鑑定,235.5,NEW_REALM_2,2026-08-10
アザム・ヒサンのヘルム (鑑定),8,鑑定,1413.0,NEW_REALM_2,2026-08-10
アザム・ヒサンのベスト (未鑑定),0,未鑑定,70.65,NEW_REALM_2,2026-08-10
アザム・ヒサンのベスト (鑑定),0,鑑定,42.39,NEW_REALM_2,2026-08-10
アザム・ヒサンのベスト (鑑定),10,鑑定,1256.0,NEW_REALM_2,2026-08-10
アザム・ヒサンのベスト (鑑定),4,鑑定,94.2,NEW_REALM_2,2026-08-10
アザム・ヒサンのベスト (鑑定),5,鑑定,47.1,NEW_REALM_2,2026-08-10
アザム・ヒサンのベスト (鑑定),6,鑑定,128.73999999999998,NEW_REALM_2,2026-08-10
アザム・ヒサンのベスト (鑑定),7,鑑定,628.0,NEW_REALM_2,2026-08-10
アザム・ヒサンのベスト (鑑定),8,鑑定,469.43,NEW_REALM_2,2026-08-10
アザム・ヒサンのベスト (鑑定),9,鑑定,1243.44,NEW_REALM_2,2026-08-10
アザム・ヒサンのベルト,0,なし,1551.16,NEW_REALM_2,2026-08-10
アザム・ヒサンのベルト,2,なし,580.9,NEW_REALM_2,2026-08-10
アザム・ヒサンのレガース (未鑑定),0,未鑑定,235.5,NEW_REALM_2,2026-08-10
アザム・ヒサンのレガース (鑑定),0,鑑定,249.63,NEW_REALM_2,2026-08-10
アザム・ヒサンのレガース (鑑定),6,鑑定,309.29,NEW_REALM_2,2026-08-10
アザム・ヒサンのローブ (未鑑定),0,未鑑定,58.09,NEW_REALM_2,2026-08-10
アザム・ヒサンのローブ (鑑定),0,鑑定,47.1,NEW_REALM_2,2026-08-10
アザム・ヒサンのローブ (鑑定),10,鑑定,2983.0,NEW_REALM_2,2026-08-10
アザム・ヒサンのローブ (鑑定),4,鑑定,146.01000000000002,NEW_REALM_2,2026-08-10
アザム・ヒサンのローブ (鑑定),5,鑑定,84.78,NEW_REALM_2,2026-08-10
アザム・ヒサンのローブ (鑑定),7,鑑定,756.74,NEW_REALM_2,2026-08-10
アザム・ヒサンの剣/盾 (未鑑定),0,未鑑定,3454.0,NEW_REALM_2,2026-08-10
アザム・ヒサンの剣/盾 (鑑定),0,鑑定,2355.0,NEW_REALM_2,2026-08-10
アザム・ヒサンの剣/盾 (鑑定),10,鑑定,6280.0,NEW_REALM_2,2026-08-10
アザム・ヒサンの剣/盾 (鑑定),7,鑑定,2094.38,NEW_REALM_2,2026-08-10
アザム・ヒサンの剣/盾 (鑑定),8,鑑定,5176.29,NEW_REALM_2,2026-08-10
アザム・ヒサンの大剣 (未鑑定),0,未鑑定,4710.0,NEW_REALM_2,2026-08-10
アザム・ヒサンの布ズボン (未鑑定),0,未鑑定,64.36999999999999,NEW_REALM_2,2026-08-10
アザム・ヒサンの布ズボン (鑑定),0,鑑定,47.1,NEW_REALM_2,2026-08-10
アザム・ヒサンの布ズボン (鑑定),4,鑑定,314.0,NEW_REALM_2,2026-08-10
アザム・ヒサンの布ズボン (鑑定),5,鑑定,50.24,NEW_REALM_2,2026-08-10
アザム・ヒサンの布ズボン (鑑定),6,鑑定,345.40000000000003,NEW_REALM_2,2026-08-10
アザム・ヒサンの布ズボン (鑑定),7,鑑定,1590.41,NEW_REALM_2,2026-08-10
アザム・ヒサンの布ズボン (鑑定),8,鑑定,2587.36,NEW_REALM_2,2026-08-10
アザム・ヒサンの帽子 (未鑑定),0,未鑑定,43.96,NEW_REALM_2,2026-08-10
アザム・ヒサンの帽子 (鑑定),0,鑑定,40.82,NEW_REALM_2,2026-08-10
アザム・ヒサンの帽子 (鑑定),10,鑑定,3138.43,NEW_REALM_2,2026-08-10
アザム・ヒサンの帽子 (鑑定),4,鑑定,65.94,NEW_REALM_2,2026-08-10
アザム・ヒサンの帽子 (鑑定),5,鑑定,39.25,NEW_REALM_2,2026-08-10
アザム・ヒサンの帽子 (鑑定),6,鑑定,175.84,NEW_REALM_2,2026-08-10
アザム・ヒサンの帽子 (鑑定),7,鑑定,334.41,NEW_REALM_2,2026-08-10
アザム・ヒサンの帽子 (鑑定),8,鑑定,386.22,NEW_REALM_2,2026-08-10
アザム・ヒサンの帽子 (鑑定),9,鑑定,1570.0,NEW_REALM_2,2026-08-10
アザム・ヒサンの弓 (未鑑定),0,未鑑定,5181.0,NEW_REALM_2,2026-08-10
アザム・ヒサンの戦棒 (未鑑定),0,未鑑定,3736.6,NEW_REALM_2,2026-08-10
アザム・ヒサンの戦棒 (鑑定),7,鑑定,7850.0,NEW_REALM_2,2026-08-10
アザム・ヒサンの戦闘盾 (未鑑定),0,未鑑定,1535.4599999999998,NEW_REALM_2,2026-08-10
アザム・ヒサンの戦闘盾 (鑑定),0,鑑定,1943.66,NEW_REALM_2,2026-08-10
アザム・ヒサンの戦闘盾 (鑑定),7,鑑定,1111.56,NEW_REALM_2,2026-08-10
アザム・ヒサンの戦闘盾 (鑑定),8,鑑定,7065.0,NEW_REALM_2,2026-08-10
アザム・ヒサンの戦闘盾 (鑑定),9,鑑定,4856.01,NEW_REALM_2,2026-08-10
アザム・ヒサンの手甲 (未鑑定),0,未鑑定,58.09,NEW_REALM_2,2026-08-10
アザム・ヒサンの手甲 (鑑定),0,鑑定,43.96,NEW_REALM_2,2026-08-10
アザム・ヒサンの手甲 (鑑定),4,鑑定,1099.0,NEW_REALM_2,2026-08-10
アザム・ヒサンの手甲 (鑑定),5,鑑定,40.82,NEW_REALM_2,2026-08-10
アザム・ヒサンの手甲 (鑑定),6,鑑定,219.8,NEW_REALM_2,2026-08-10
アザム・ヒサンの手甲 (鑑定),7,鑑定,373.66,NEW_REALM_2,2026-08-10
アザム・ヒサンの手甲 (鑑定),8,鑑定,1050.3300000000002,NEW_REALM_2,2026-08-10
アザム・ヒサンの杖 (未鑑定),0,未鑑定,4107.12,NEW_REALM_2,2026-08-10
アザム・ヒサンの短剣 (未鑑定),0,未鑑定,2669.0,NEW_REALM_2,2026-08-10
アザム・ヒサンの短剣 (鑑定),0,鑑定,2198.0,NEW_REALM_2,2026-08-10
アザム・ヒサンの短剣 (鑑定),7,鑑定,1821.2,NEW_REALM_2,2026-08-10
アザム・ヒサンの短剣 (鑑定),8,鑑定,4298.66,NEW_REALM_2,2026-08-10
アザム・ヒサンの短靴 (未鑑定),0,未鑑定,172.70000000000002,NEW_REALM_2,2026-08-10
アザム・ヒサンの短靴 (鑑定),6,鑑定,596.6,NEW_REALM_2,2026-08-10
アザム・ヒサンの籠手 (未鑑定),0,未鑑定,706.5,NEW_REALM_2,2026-08-10
アザム・ヒサンの籠手 (鑑定),10,鑑定,2975.15,NEW_REALM_2,2026-08-10
アザム・ヒサンの鎧 (未鑑定),0,未鑑定,72.22,NEW_REALM_2,2026-08-10
アザム・ヒサンの鎧 (鑑定),0,鑑定,61.23,NEW_REALM_2,2026-08-10
アザム・ヒサンの鎧 (鑑定),5,鑑定,266.9,NEW_REALM_2,2026-08-10
アザム・ヒサンの鎧 (鑑定),6,鑑定,314.0,NEW_REALM_2,2026-08-10
アザム・ヒサンの鎧 (鑑定),7,鑑定,628.0,NEW_REALM_2,2026-08-10
アザム・ヒサンの長靴 (未鑑定),0,未鑑定,76.92999999999999,NEW_REALM_2,2026-08-10
アザム・ヒサンの長靴 (鑑定),0,鑑定,131.88,NEW_REALM_2,2026-08-10
アザム・ヒサンの長靴 (鑑定),5,鑑定,298.3,NEW_REALM_2,2026-08-10
アザム・ヒサンの長靴 (鑑定),6,鑑定,266.9,NEW_REALM_2,2026-08-10
アザム・ヒサンの長靴 (鑑定),7,鑑定,628.0,NEW_REALM_2,2026-08-10
アザム・ヒサンの革ズボン (未鑑定),0,未鑑定,141.3,NEW_REALM_2,2026-08-10
アザム・ヒサンの革ズボン (鑑定),0,鑑定,70.65,NEW_REALM_2,2026-08-10
アザム・ヒサンの革ズボン (鑑定),4,鑑定,138.16,NEW_REALM_2,2026-08-10
アザム・ヒサンの革ズボン (鑑定),5,鑑定,109.9,NEW_REALM_2,2026-08-10
アザム・ヒサンの革ズボン (鑑定),6,鑑定,251.2,NEW_REALM_2,2026-08-10
アザム・ヒサンの革ズボン (鑑定),8,鑑定,648.41,NEW_REALM_2,2026-08-10
アビリティ:カリオンの洞察【呪文】,0,なし,1413.0,NEW_REALM_2,2026-08-10
アビリティ:ギャンブル【補助】,0,なし,39250.0,NEW_REALM_2,2026-08-10
アビリティ:セクレタの才能【偵察】,0,なし,855.65,NEW_REALM_2,2026-08-10
アビリティ:テレノスの力【戦闘】,0,なし,42.39,NEW_REALM_2,2026-08-10
アビリティ:必殺の一撃【強化】,0,なし,62800.0,NEW_REALM_2,2026-08-10
アビリティ:慎重な攻撃【補助】,0,なし,64.36999999999999,NEW_REALM_2,2026-08-10
アビリティ:武装解除【戦闘】,0,なし,8635.0,NEW_REALM_2,2026-08-10
アビリティ:破壊の武器【技巧】,0,なし,9420.0,NEW_REALM_2,2026-08-10
アビリティ:純粋なマナ回復薬【活力】,0,なし,15.7,NEW_REALM_2,2026-08-10
アビリティ:結界形成【防御】,0,なし,23550.0,NEW_REALM_2,2026-08-10
アビリティ:解剖学【補助】,0,なし,41338.1,NEW_REALM_2,2026-08-10
アビリティ:酷寒の武器【呪文】,0,なし,9420.0,NEW_REALM_2,2026-08-10
アビリティ:雷精霊【強化】,0,なし,9473.38,NEW_REALM_2,2026-08-10
アンコモン装飾品強化箱(100個),0,なし,37.68,NEW_REALM_2,2026-08-10
アンデミックのサドル,0,なし,1067.6,NEW_REALM_2,2026-08-10
イニスのネックレス ,0,なし,188400.0,NEW_REALM_2,2026-08-10
イニスのベスト (未鑑定),0,未鑑定,34540.0,NEW_REALM_2,2026-08-10
イニスの鎧 (未鑑定),0,未鑑定,36110.0,NEW_REALM_2,2026-08-10
エル・セラのイヤリング,0,なし,3611.0,NEW_REALM_2,2026-08-10
エル・セラのグリーヴ (未鑑定),0,未鑑定,1099.0,NEW_REALM_2,2026-08-10
エル・セラのグリーヴ (鑑定),8,鑑定,6908.0,NEW_REALM_2,2026-08-10
エル・セラのネックレス,0,なし,25875.17,NEW_REALM_2,2026-08-10
エル・セラのフード (未鑑定),0,未鑑定,785.0,NEW_REALM_2,2026-08-10
エル・セラのフード (鑑定),6,鑑定,706.5,NEW_REALM_2,2026-08-10
エル・セラのブレスレット,0,なし,2198.0,NEW_REALM_2,2026-08-10
エル・セラのベルト,0,なし,1538.6,NEW_REALM_2,2026-08-10
エル・セラのリング,0,なし,2669.0,NEW_REALM_2,2026-08-10
エル・セラのローブ (鑑定),0,鑑定,2067.69,NEW_REALM_2,2026-08-10
エル・セラのローブ (鑑定),5,鑑定,596.6,NEW_REALM_2,2026-08-10
エル・セラの剣/盾 (未鑑定),0,未鑑定,31400.0,NEW_REALM_2,2026-08-10
エル・セラの布ズボン (未鑑定),0,未鑑定,1570.0,NEW_REALM_2,2026-08-10
エル・セラの帽子 (未鑑定),0,未鑑定,942.0,NEW_REALM_2,2026-08-10
エル・セラの弓 (未鑑定),0,未鑑定,32970.0,NEW_REALM_2,2026-08-10
エル・セラの手甲 (未鑑定),0,未鑑定,3140.0,NEW_REALM_2,2026-08-10
エル・セラの短靴 (未鑑定),0,未鑑定,3140.0,NEW_REALM_2,2026-08-10
エル・セラの短靴 (鑑定),6,鑑定,1568.43,NEW_REALM_2,2026-08-10
エル・セラの破壊マント (未鑑定),0,未鑑定,4710.0,NEW_REALM_2,2026-08-10
エル・セラの破壊マント (鑑定),0,鑑定,3454.0,NEW_REALM_2,2026-08-10
エル・セラの籠手 (未鑑定),0,未鑑定,2199.57,NEW_REALM_2,2026-08-10
エル・セラの精霊マント (未鑑定),0,未鑑定,7065.0,NEW_REALM_2,2026-08-10
オペルタのレガース (未鑑定),0,未鑑定,18840.0,NEW_REALM_2,2026-08-10
ガルバのサドル,0,なし,306.15,NEW_REALM_2,2026-08-10
クランシアのグリーヴ (未鑑定),0,未鑑定,1099.0,NEW_REALM_2,2026-08-10
クランシアのヘルム (未鑑定),0,未鑑定,2355.0,NEW_REALM_2,2026-08-10
クランシアの戦闘マント (鑑定),0,鑑定,3925.0,NEW_REALM_2,2026-08-10
クランシアの革ズボン (鑑定),8,鑑定,3140.0,NEW_REALM_2,2026-08-10
グレイシスのサドル,0,なし,1884.0,NEW_REALM_2,2026-08-10
ケルサのサドル,0,なし,125.6,NEW_REALM_2,2026-08-10
セラドのイヤリング,0,なし,2355.0,NEW_REALM_2,2026-08-10
セラドのガントレット (未鑑定),0,未鑑定,69.08,NEW_REALM_2,2026-08-10
セラドのガントレット (鑑定),0,鑑定,109.9,NEW_REALM_2,2026-08-10
セラドのガントレット (鑑定),5,鑑定,97.34,NEW_REALM_2,2026-08-10
セラドのクロスボウ (鑑定),8,鑑定,5951.87,NEW_REALM_2,2026-08-10
セラドのグリーヴ (未鑑定),0,未鑑定,75.36,NEW_REALM_2,2026-08-10
セラドのグリーヴ (鑑定),0,鑑定,157.0,NEW_REALM_2,2026-08-10
セラドのグローブ (未鑑定),0,未鑑定,73.78999999999999,NEW_REALM_2,2026-08-10
セラドのグローブ (鑑定),0,鑑定,62.8,NEW_REALM_2,2026-08-10
セラドのグローブ (鑑定),5,鑑定,825.8199999999999,NEW_REALM_2,2026-08-10
セラドのサイド (未鑑定),0,未鑑定,8013.28,NEW_REALM_2,2026-08-10
セラドのフード (未鑑定),0,未鑑定,152.29,NEW_REALM_2,2026-08-10
セラドのフード (鑑定),0,鑑定,455.3,NEW_REALM_2,2026-08-10
セラドのフード (鑑定),5,鑑定,141.3,NEW_REALM_2,2026-08-10
セラドのブレスレット,0,なし,1570.0,NEW_REALM_2,2026-08-10
セラドのヘルム (未鑑定),0,未鑑定,72.22,NEW_REALM_2,2026-08-10
セラドのヘルム (鑑定),0,鑑定,47.1,NEW_REALM_2,2026-08-10
セラドのヘルム (鑑定),4,鑑定,314.0,NEW_REALM_2,2026-08-10
セラドのヘルム (鑑定),5,鑑定,321.85,NEW_REALM_2,2026-08-10
セラドのベスト (未鑑定),0,未鑑定,73.78999999999999,NEW_REALM_2,2026-08-10
セラドのベスト (鑑定),0,鑑定,109.9,NEW_REALM_2,2026-08-10
セラドのベスト (鑑定),5,鑑定,149.15,NEW_REALM_2,2026-08-10
セラドのベルト,0,なし,1240.3,NEW_REALM_2,2026-08-10
セラドのリング,0,なし,1568.43,NEW_REALM_2,2026-08-10
セラドのレガース (未鑑定),0,未鑑定,227.65,NEW_REALM_2,2026-08-10
セラドのレガース (鑑定),0,鑑定,1321.94,NEW_REALM_2,2026-08-10
セラドのレガース (鑑定),6,鑑定,471.0,NEW_REALM_2,2026-08-10
セラドのローブ (未鑑定),0,未鑑定,202.53,NEW_REALM_2,2026-08-10
セラドのローブ (鑑定),0,鑑定,133.45,NEW_REALM_2,2026-08-10
セラドの大剣 (未鑑定),0,未鑑定,4870.14,NEW_REALM_2,2026-08-10
セラドの大剣 (鑑定),0,鑑定,5746.2,NEW_REALM_2,2026-08-10
セラドの大剣 (鑑定),8,鑑定,6667.79,NEW_REALM_2,2026-08-10
セラドの布ズボン (未鑑定),0,未鑑定,75.36,NEW_REALM_2,2026-08-10
セラドの布ズボン (鑑定),0,鑑定,94.2,NEW_REALM_2,2026-08-10
セラドの布ズボン (鑑定),5,鑑定,105.19,NEW_REALM_2,2026-08-10
セラドの帽子 (未鑑定),0,未鑑定,80.07000000000001,NEW_REALM_2,2026-08-10
セラドの帽子 (鑑定),0,鑑定,298.3,NEW_REALM_2,2026-08-10
セラドの帽子 (鑑定),6,鑑定,298.3,NEW_REALM_2,2026-08-10
セラドの帽子 (鑑定),8,鑑定,785.0,NEW_REALM_2,2026-08-10
セラドの手甲 (未鑑定),0,未鑑定,62.8,NEW_REALM_2,2026-08-10
セラドの手甲 (鑑定),0,鑑定,224.51,NEW_REALM_2,2026-08-10
セラドの手甲 (鑑定),5,鑑定,455.3,NEW_REALM_2,2026-08-10
セラドの杖 (未鑑定),0,未鑑定,4710.0,NEW_REALM_2,2026-08-10
セラドの短剣 (未鑑定),0,未鑑定,4080.43,NEW_REALM_2,2026-08-10
セラドの短靴 (未鑑定),0,未鑑定,215.09,NEW_REALM_2,2026-08-10
セラドの短靴 (鑑定),0,鑑定,392.5,NEW_REALM_2,2026-08-10
セラドの短靴 (鑑定),6,鑑定,596.6,NEW_REALM_2,2026-08-10
セラドの籠手 (鑑定),8,鑑定,4461.9400000000005,NEW_REALM_2,2026-08-10
セラドの鎧 (未鑑定),0,未鑑定,80.07000000000001,NEW_REALM_2,2026-08-10
セラドの鎧 (鑑定),0,鑑定,78.5,NEW_REALM_2,2026-08-10
セラドの鎧 (鑑定),5,鑑定,227.65,NEW_REALM_2,2026-08-10
セラドの鎧 (鑑定),6,鑑定,235.5,NEW_REALM_2,2026-08-10
セラドの鎧 (鑑定),7,鑑定,942.0,NEW_REALM_2,2026-08-10
セラドの長靴 (未鑑定),0,未鑑定,149.15,NEW_REALM_2,2026-08-10
セラドの長靴 (鑑定),0,鑑定,125.6,NEW_REALM_2,2026-08-10
セラドの長靴 (鑑定),5,鑑定,704.9300000000001,NEW_REALM_2,2026-08-10
セラドの長靴 (鑑定),6,鑑定,785.0,NEW_REALM_2,2026-08-10
セラドの革ズボン (未鑑定),0,未鑑定,149.15,NEW_REALM_2,2026-08-10
セラドの革ズボン (鑑定),0,鑑定,157.0,NEW_REALM_2,2026-08-10
セルスのヘルム (未鑑定),0,未鑑定,15712.56,NEW_REALM_2,2026-08-10
セルスのリング,0,なし,109743.0,NEW_REALM_2,2026-08-10
セルスの帽子 (未鑑定),0,未鑑定,10205.0,NEW_REALM_2,2026-08-10
セルスの手甲 (未鑑定),0,未鑑定,33127.0,NEW_REALM_2,2026-08-10
セルスの革ズボン (未鑑定),0,未鑑定,30542.78,NEW_REALM_2,2026-08-10
セルビスのガントレット (未鑑定),0,未鑑定,235.5,NEW_REALM_2,2026-08-10
セルビスのクロスボウ (未鑑定),0,未鑑定,5024.0,NEW_REALM_2,2026-08-10
セルビスのグリーヴ (未鑑定),0,未鑑定,229.22,NEW_REALM_2,2026-08-10
セルビスのグローブ (未鑑定),0,未鑑定,995.38,NEW_REALM_2,2026-08-10
セルビスのブレスレット,0,なし,1292.11,NEW_REALM_2,2026-08-10
セルビスのヘルム (未鑑定),0,未鑑定,229.22,NEW_REALM_2,2026-08-10
セルビスのヘルム (鑑定),0,鑑定,392.5,NEW_REALM_2,2026-08-10
セルビスのリング,0,なし,1880.86,NEW_REALM_2,2026-08-10
セルビスのレガース (未鑑定),0,未鑑定,477.28,NEW_REALM_2,2026-08-10
セルビスのローブ (未鑑定),0,未鑑定,775.58,NEW_REALM_2,2026-08-10
セルビスのローブ (鑑定),0,鑑定,628.0,NEW_REALM_2,2026-08-10
セルビスの大剣 (鑑定),8,鑑定,6280.0,NEW_REALM_2,2026-08-10
セルビスの布ズボン (未鑑定),0,未鑑定,345.40000000000003,NEW_REALM_2,2026-08-10
セルビスの帽子 (未鑑定),0,未鑑定,157.0,NEW_REALM_2,2026-08-10
セルビスの帽子 (鑑定),0,鑑定,141.3,NEW_REALM_2,2026-08-10
セルビスの帽子 (鑑定),5,鑑定,235.5,NEW_REALM_2,2026-08-10
セルビスの帽子 (鑑定),6,鑑定,471.0,NEW_REALM_2,2026-08-10
セルビスの弓 (未鑑定),0,未鑑定,7850.0,NEW_REALM_2,2026-08-10
セルビスの戦闘盾 (未鑑定),0,未鑑定,3140.0,NEW_REALM_2,2026-08-10
セルビスの手甲 (未鑑定),0,未鑑定,282.6,NEW_REALM_2,2026-08-10
セルビスの短剣 (未鑑定),0,未鑑定,5692.82,NEW_REALM_2,2026-08-10
セルビスの短靴 (未鑑定),0,未鑑定,372.09,NEW_REALM_2,2026-08-10
セルビスの籠手 (未鑑定),0,未鑑定,902.75,NEW_REALM_2,2026-08-10
セルビスの鎧 (未鑑定),0,未鑑定,188.4,NEW_REALM_2,2026-08-10
セルビスの鎧 (鑑定),0,鑑定,452.16,NEW_REALM_2,2026-08-10
セルビスの鎧 (鑑定),5,鑑定,329.7,NEW_REALM_2,2026-08-10
セルビスの鎧 (鑑定),8,鑑定,1549.59,NEW_REALM_2,2026-08-10
セルビスの長靴 (未鑑定),0,未鑑定,314.0,NEW_REALM_2,2026-08-10
セルビスの長靴 (鑑定),5,鑑定,706.5,NEW_REALM_2,2026-08-10
セルビスの革ズボン (未鑑定),0,未鑑定,361.1,NEW_REALM_2,2026-08-10
セルビスの革ズボン (鑑定),8,鑑定,1202.62,NEW_REALM_2,2026-08-10
ソムニウムのサドル,0,なし,4710.0,NEW_REALM_2,2026-08-10
デルフォンのサドル,0,なし,3140.0,NEW_REALM_2,2026-08-10
バフォンのサドル,0,なし,1411.43,NEW_REALM_2,2026-08-10
ブルカヌスのサドル,0,なし,2669.0,NEW_REALM_2,2026-08-10
ペルトロフのサドル,0,なし,628.0,NEW_REALM_2,2026-08-10
ペルノクスのグリーヴ (未鑑定),0,未鑑定,23550.0,NEW_REALM_2,2026-08-10
ペルノクスのヘルム (未鑑定),0,未鑑定,18840.0,NEW_REALM_2,2026-08-10
ペルノクスのレガース (未鑑定),0,未鑑定,17270.0,NEW_REALM_2,2026-08-10
ラバトニスのサドル,0,なし,1566.86,NEW_REALM_2,2026-08-10
ラベスのサドル,0,なし,5336.43,NEW_REALM_2,2026-08-10
ランフォンのサドル,0,なし,549.5,NEW_REALM_2,2026-08-10
リバティのサドル,0,なし,942.0,NEW_REALM_2,2026-08-10
レア装飾品強化箱(100個),0,なし,411.34,NEW_REALM_2,2026-08-10
ロディのサドル,0,なし,2198.0,NEW_REALM_2,2026-08-10
光の戦闘馬のサドル,0,なし,180.55,NEW_REALM_2,2026-08-10
手懐けられたモネタ狼のサドル,0,なし,285.74,NEW_REALM_2,2026-08-10
武装したバイランの軍馬のサドル,0,なし,150.72,NEW_REALM_2,2026-08-10
灰色の夜明けのガントレット (未鑑定),0,未鑑定,235.5,NEW_REALM_2,2026-08-10
灰色の夜明けのガントレット (鑑定),0,鑑定,471.0,NEW_REALM_2,2026-08-10
灰色の夜明けのガントレット (鑑定),8,鑑定,2355.0,NEW_REALM_2,2026-08-10
灰色の夜明けのクロスボウ (未鑑定),0,未鑑定,5053.83,NEW_REALM_2,2026-08-10
灰色の夜明けのグリーヴ (鑑定),0,鑑定,361.1,NEW_REALM_2,2026-08-10
灰色の夜明けのグリーヴ (鑑定),5,鑑定,3794.69,NEW_REALM_2,2026-08-10
灰色の夜明けのグローブ (未鑑定),0,未鑑定,390.93,NEW_REALM_2,2026-08-10
灰色の夜明けのグローブ (鑑定),0,鑑定,463.15,NEW_REALM_2,2026-08-10
灰色の夜明けのフード (未鑑定),0,未鑑定,141.3,NEW_REALM_2,2026-08-10
灰色の夜明けのフード (鑑定),0,鑑定,183.69,NEW_REALM_2,2026-08-10
灰色の夜明けのブレスレット,0,なし,1081.73,NEW_REALM_2,2026-08-10
灰色の夜明けのヘルム (未鑑定),0,未鑑定,361.1,NEW_REALM_2,2026-08-10
灰色の夜明けのベスト (未鑑定),0,未鑑定,345.40000000000003,NEW_REALM_2,2026-08-10
灰色の夜明けのベスト (鑑定),0,鑑定,94.2,NEW_REALM_2,2026-08-10
灰色の夜明けのベスト (鑑定),5,鑑定,452.16,NEW_REALM_2,2026-08-10
灰色の夜明けのベスト (鑑定),6,鑑定,783.4300000000001,NEW_REALM_2,2026-08-10
灰色の夜明けのベルト,0,なし,954.56,NEW_REALM_2,2026-08-10
灰色の夜明けのリング,0,なし,1727.0,NEW_REALM_2,2026-08-10
灰色の夜明けのレガース (未鑑定),0,未鑑定,492.98,NEW_REALM_2,2026-08-10
灰色の夜明けのローブ (未鑑定),0,未鑑定,312.43,NEW_REALM_2,2026-08-10
灰色の夜明けのローブ (鑑定),0,鑑定,314.0,NEW_REALM_2,2026-08-10
灰色の夜明けの剣/盾 (未鑑定),0,未鑑定,4710.0,NEW_REALM_2,2026-08-10
灰色の夜明けの勇猛マント (未鑑定),0,未鑑定,3297.0,NEW_REALM_2,2026-08-10
灰色の夜明けの大剣 (未鑑定),0,未鑑定,7564.26,NEW_REALM_2,2026-08-10
灰色の夜明けの布ズボン (鑑定),5,鑑定,1293.68,NEW_REALM_2,2026-08-10
灰色の夜明けの帽子 (鑑定),0,鑑定,155.43,NEW_REALM_2,2026-08-10
灰色の夜明けの戦棒 (未鑑定),0,未鑑定,5966.0,NEW_REALM_2,2026-08-10
灰色の夜明けの戦闘マント (未鑑定),0,未鑑定,4867.0,NEW_REALM_2,2026-08-10
灰色の夜明けの戦闘盾 (鑑定),0,鑑定,9420.0,NEW_REALM_2,2026-08-10
灰色の夜明けの手甲 (未鑑定),0,未鑑定,155.43,NEW_REALM_2,2026-08-10
灰色の夜明けの手甲 (鑑定),0,鑑定,157.0,NEW_REALM_2,2026-08-10
灰色の夜明けの手甲 (鑑定),5,鑑定,282.6,NEW_REALM_2,2026-08-10
灰色の夜明けの短靴 (未鑑定),0,未鑑定,439.6,NEW_REALM_2,2026-08-10
灰色の夜明けの短靴 (鑑定),5,鑑定,1331.36,NEW_REALM_2,2026-08-10
灰色の夜明けの破壊マント (未鑑定),0,未鑑定,4082.0,NEW_REALM_2,2026-08-10
灰色の夜明けの籠手 (未鑑定),0,未鑑定,3061.5,NEW_REALM_2,2026-08-10
灰色の夜明けの籠手 (鑑定),6,鑑定,3488.54,NEW_REALM_2,2026-08-10
灰色の夜明けの籠手 (鑑定),7,鑑定,2826.0,NEW_REALM_2,2026-08-10
灰色の夜明けの精霊マント (未鑑定),0,未鑑定,3768.0,NEW_REALM_2,2026-08-10
灰色の夜明けの精霊マント (鑑定),1,鑑定,2669.0,NEW_REALM_2,2026-08-10
灰色の夜明けの鎧 (未鑑定),0,未鑑定,227.65,NEW_REALM_2,2026-08-10
灰色の夜明けの鎧 (鑑定),0,鑑定,153.86,NEW_REALM_2,2026-08-10
灰色の夜明けの鎧 (鑑定),5,鑑定,596.6,NEW_REALM_2,2026-08-10
灰色の夜明けの鎧 (鑑定),6,鑑定,565.2,NEW_REALM_2,2026-08-10
灰色の夜明けの長靴 (未鑑定),0,未鑑定,389.36,NEW_REALM_2,2026-08-10
灰色の夜明けの革ズボン (未鑑定),0,未鑑定,502.4,NEW_REALM_2,2026-08-10
聖戦士の軍馬のサドル,0,なし,378.37,NEW_REALM_2,2026-08-10
荒ぶる戦闘狼のサドル,0,なし,152.29,NEW_REALM_2,2026-08-10
青い戦闘馬のサドル,0,なし,120.89,NEW_REALM_2,2026-08-10
黒棘のイヤリング,0,なし,2826.0,NEW_REALM_2,2026-08-10
黒棘のガントレット (未鑑定),0,未鑑定,469.43,NEW_REALM_2,2026-08-10
黒棘のガントレット (鑑定),0,鑑定,2069.26,NEW_REALM_2,2026-08-10
黒棘のクロスボウ (未鑑定),0,未鑑定,10990.0,NEW_REALM_2,2026-08-10
黒棘のグリーヴ (鑑定),4,鑑定,3140.0,NEW_REALM_2,2026-08-10
黒棘のグローブ (未鑑定),0,未鑑定,1413.0,NEW_REALM_2,2026-08-10
黒棘のネックレス,0,なし,12560.0,NEW_REALM_2,2026-08-10
黒棘のフード (未鑑定),0,未鑑定,439.6,NEW_REALM_2,2026-08-10
黒棘のフード (鑑定),0,鑑定,1413.0,NEW_REALM_2,2026-08-10
黒棘のブレスレット,0,なし,2983.0,NEW_REALM_2,2026-08-10
黒棘のブレスレット,14,なし,9263.0,NEW_REALM_2,2026-08-10
黒棘のヘルム (未鑑定),0,未鑑定,588.75,NEW_REALM_2,2026-08-10
黒棘のベスト (未鑑定),0,未鑑定,1256.0,NEW_REALM_2,2026-08-10
黒棘のベスト (鑑定),5,鑑定,2326.74,NEW_REALM_2,2026-08-10
黒棘のベルト,0,なし,1290.5400000000002,NEW_REALM_2,2026-08-10
黒棘のローブ (未鑑定),0,未鑑定,1884.0,NEW_REALM_2,2026-08-10
黒棘のローブ (鑑定),0,鑑定,4710.0,NEW_REALM_2,2026-08-10
黒棘の剣/盾 (未鑑定),0,未鑑定,10990.0,NEW_REALM_2,2026-08-10
黒棘の勇猛マント (未鑑定),0,未鑑定,4082.0,NEW_REALM_2,2026-08-10
黒棘の布ズボン (未鑑定),0,未鑑定,379.94,NEW_REALM_2,2026-08-10
黒棘の布ズボン (鑑定),0,鑑定,2355.0,NEW_REALM_2,2026-08-10
黒棘の布ズボン (鑑定),5,鑑定,2355.0,NEW_REALM_2,2026-08-10
黒棘の帽子 (未鑑定),0,未鑑定,266.9,NEW_REALM_2,2026-08-10
黒棘の戦闘マント (未鑑定),0,未鑑定,7065.0,NEW_REALM_2,2026-08-10
黒棘の手甲 (未鑑定),0,未鑑定,3140.0,NEW_REALM_2,2026-08-10
黒棘の短剣 (未鑑定),0,未鑑定,18083.26,NEW_REALM_2,2026-08-10
黒棘の破壊マント (未鑑定),0,未鑑定,3720.9,NEW_REALM_2,2026-08-10
黒棘の破壊マント (鑑定),2,鑑定,9420.0,NEW_REALM_2,2026-08-10
黒棘の籠手 (鑑定),7,鑑定,4655.05,NEW_REALM_2,2026-08-10
黒棘の籠手 (鑑定),8,鑑定,3611.0,NEW_REALM_2,2026-08-10
黒棘の精霊マント (未鑑定),0,未鑑定,3768.0,NEW_REALM_2,2026-08-10
黒棘の鎧 (鑑定),6,鑑定,593.4599999999999,NEW_REALM_2,2026-08-10
黒棘の長靴 (未鑑定),0,未鑑定,469.43,NEW_REALM_2,2026-08-10
黒棘の長靴 (鑑定),0,鑑定,274.75,NEW_REALM_2,2026-08-10
黒棘の革ズボン (未鑑定),0,未鑑定,704.9300000000001,NEW_REALM_2,2026-08-10
黒棘の革ズボン (鑑定),0,鑑定,628.0,NEW_REALM_2,2026-08-10
1段階10番培養細胞箱(10個),0,なし,15.7,NEW_REALM,2026-08-11
1段階11番培養細胞箱(10個),0,なし,155.43,NEW_REALM,2026-08-11
1段階12番培養細胞箱(10個),0,なし,298.3,NEW_REALM,2026-08-11
1段階13番培養細胞箱(10個),0,なし,549.5,NEW_REALM,2026-08-11
1段階14番培養細胞箱(10個),0,なし,2650.16,NEW_REALM,2026-08-11
1段階15番培養細胞箱(10個),0,なし,15555.56,NEW_REALM,2026-08-11
1段階16番培養細胞箱(5個),0,なし,29539.55,NEW_REALM,2026-08-11
1段階1番培養細胞箱(10個),0,なし,15.7,NEW_REALM,2026-08-11
1段階2番培養細胞箱(10個),0,なし,15.7,NEW_REALM,2026-08-11
1段階3番培養細胞箱(10個),0,なし,15.7,NEW_REALM,2026-08-11
1段階4番培養細胞箱(10個),0,なし,15.7,NEW_REALM,2026-08-11
1段階5番培養細胞箱(10個),0,なし,15.7,NEW_REALM,2026-08-11
1段階6番培養細胞箱(10個),0,なし,15.7,NEW_REALM,2026-08-11
1段階7番培養細胞箱(10個),0,なし,15.7,NEW_REALM,2026-08-11
1段階8番培養細胞箱(10個),0,なし,15.7,NEW_REALM,2026-08-11
1段階9番培養細胞箱(10個),0,なし,15.7,NEW_REALM,2026-08-11
1段階エピック装飾品強化箱(10個),0,なし,105.19,NEW_REALM,2026-08-11
1段階レジェンド装飾品強化箱(10個),0,なし,351.68,NEW_REALM,2026-08-11
"1段階時の欠片箱(1,000個)",0,なし,31.4,NEW_REALM,2026-08-11
"1段階没落の残滓(100,000個)",0,なし,69.08,NEW_REALM,2026-08-11
1段階錬金術触媒箱(100個),0,なし,15.7,NEW_REALM,2026-08-11
1段階黒オール箱(100個),0,なし,15.7,NEW_REALM,2026-08-11
2段階10番培養細胞箱(50個),0,なし,149.15,NEW_REALM,2026-08-11
2段階1番培養細胞箱(50個),0,なし,15.7,NEW_REALM,2026-08-11
2段階2番培養細胞箱(50個),0,なし,15.7,NEW_REALM,2026-08-11
2段階3番培養細胞箱(50個),0,なし,15.7,NEW_REALM,2026-08-11
2段階4番培養細胞箱(50個),0,なし,15.7,NEW_REALM,2026-08-11
2段階5番培養細胞箱(50個),0,なし,15.7,NEW_REALM,2026-08-11
2段階6番培養細胞箱(50個),0,なし,15.7,NEW_REALM,2026-08-11
2段階7番培養細胞箱(50個),0,なし,15.7,NEW_REALM,2026-08-11
2段階8番培養細胞箱(50個),0,なし,15.7,NEW_REALM,2026-08-11
2段階9番培養細胞箱(50個),0,なし,15.7,NEW_REALM,2026-08-11
2段階エピック装飾品強化箱(100個),0,なし,1130.4,NEW_REALM,2026-08-11
2段階レジェンド装飾品強化箱(100個),0,なし,4961.2,NEW_REALM,2026-08-11
"2段階時の欠片箱(5,000個)",0,なし,155.43,NEW_REALM,2026-08-11
"2段階没落の残滓(500,000個)",0,なし,199.39,NEW_REALM,2026-08-11
2段階錬金術触媒箱(500個),0,なし,108.33,NEW_REALM,2026-08-11
2段階黒オール箱(500個),0,なし,124.03,NEW_REALM,2026-08-11
3段階10番培養細胞箱(100個),0,なし,232.36,NEW_REALM,2026-08-11
3段階1番培養細胞箱(100個),0,なし,15.7,NEW_REALM,2026-08-11
3段階2番培養細胞箱(100個),0,なし,15.7,NEW_REALM,2026-08-11
3段階3番培養細胞箱(100個),0,なし,15.7,NEW_REALM,2026-08-11
3段階4番培養細胞箱(100個),0,なし,15.7,NEW_REALM,2026-08-11
3段階5番培養細胞箱(100個),0,なし,15.7,NEW_REALM,2026-08-11
3段階6番培養細胞箱(100個),0,なし,15.7,NEW_REALM,2026-08-11
3段階7番培養細胞箱(100個),0,なし,15.7,NEW_REALM,2026-08-11
3段階8番培養細胞箱(100個),0,なし,15.7,NEW_REALM,2026-08-11
3段階9番培養細胞箱(100個),0,なし,39.25,NEW_REALM,2026-08-11
"3段階時の欠片箱(10,000個)",0,なし,314.0,NEW_REALM,2026-08-11
"3段階没落の残滓(1,000,000個)",0,なし,379.94,NEW_REALM,2026-08-11
"3段階錬金術触媒箱(1,000個)",0,なし,227.65,NEW_REALM,2026-08-11
"3段階黒オール箱(1,000個)",0,なし,106.76,NEW_REALM,2026-08-11
"4段階時の欠片箱(50,000個)",0,なし,1863.59,NEW_REALM,2026-08-11
"5段階時の欠片箱(100,000個)",0,なし,4082.0,NEW_REALM,2026-08-11
アイサの勇猛マント (未鑑定),0,未鑑定,408.2,NEW_REALM,2026-08-11
アイサの戦闘マント (未鑑定),0,未鑑定,785.0,NEW_REALM,2026-08-11
アイサの戦闘マント (鑑定),0,鑑定,706.5,NEW_REALM,2026-08-11
アイサの破壊マント (未鑑定),0,未鑑定,502.4,NEW_REALM,2026-08-11
アイサの破壊マント (鑑定),1,鑑定,549.5,NEW_REALM,2026-08-11
アイサの籠手 (鑑定),7,鑑定,1544.88,NEW_REALM,2026-08-11
アイサの精霊マント (未鑑定),0,未鑑定,471.0,NEW_REALM,2026-08-11
アイサグローブ (鑑定),0,鑑定,514.9599999999999,NEW_REALM,2026-08-11
アイサグローブ (鑑定),6,鑑定,514.9599999999999,NEW_REALM,2026-08-11
アイサグローブ (鑑定),8,鑑定,2245.1,NEW_REALM,2026-08-11
アイサヘルム (未鑑定),0,未鑑定,596.6,NEW_REALM,2026-08-11
アイサヘルム (鑑定),0,鑑定,298.3,NEW_REALM,2026-08-11
アイサヘルム (鑑定),5,鑑定,314.0,NEW_REALM,2026-08-11
アイサレガース (未鑑定),0,未鑑定,157.0,NEW_REALM,2026-08-11
アイサローブ (鑑定),0,鑑定,361.1,NEW_REALM,2026-08-11
アイサ剣/盾 (未鑑定),0,未鑑定,5791.7300000000005,NEW_REALM,2026-08-11
アイサ剣/盾 (鑑定),8,鑑定,19625.0,NEW_REALM,2026-08-11
アイサ大剣 (未鑑定),0,未鑑定,2198.0,NEW_REALM,2026-08-11
アイサ布ズボン (未鑑定),0,未鑑定,235.5,NEW_REALM,2026-08-11
アイサ帽子 (未鑑定),0,未鑑定,392.5,NEW_REALM,2026-08-11
アイサ手甲 (未鑑定),0,未鑑定,249.63,NEW_REALM,2026-08-11
アイサ杖 (未鑑定),0,未鑑定,7069.71,NEW_REALM,2026-08-11
アイサ短剣 (未鑑定),0,未鑑定,4534.16,NEW_REALM,2026-08-11
アイサ短靴 (未鑑定),0,未鑑定,329.7,NEW_REALM,2026-08-11
アイサ長靴 (鑑定),6,鑑定,1570.0,NEW_REALM,2026-08-11
アイサ革ズボン (未鑑定),0,未鑑定,204.1,NEW_REALM,2026-08-11
アイサ革ズボン (鑑定),4,鑑定,1570.0,NEW_REALM,2026-08-11
アザム・ヒサンのイヤリング,0,なし,392.5,NEW_REALM,2026-08-11
アザム・ヒサンのガントレット (鑑定),0,鑑定,20.41,NEW_REALM,2026-08-11
アザム・ヒサンのガントレット (鑑定),4,鑑定,39.25,NEW_REALM,2026-08-11
アザム・ヒサンのガントレット (鑑定),6,鑑定,157.0,NEW_REALM,2026-08-11
アザム・ヒサンのガントレット (鑑定),7,鑑定,628.0,NEW_REALM,2026-08-11
アザム・ヒサンのガントレット (鑑定),9,鑑定,1884.0,NEW_REALM,2026-08-11
アザム・ヒサンのクロスボウ (未鑑定),0,未鑑定,444.31,NEW_REALM,2026-08-11
アザム・ヒサンのクロスボウ (鑑定),0,鑑定,345.40000000000003,NEW_REALM,2026-08-11
アザム・ヒサンのクロスボウ (鑑定),10,鑑定,10990.0,NEW_REALM,2026-08-11
アザム・ヒサンのクロスボウ (鑑定),11,鑑定,5232.81,NEW_REALM,2026-08-11
アザム・ヒサンのクロスボウ (鑑定),12,鑑定,15502.179999999998,NEW_REALM,2026-08-11
アザム・ヒサンのクロスボウ (鑑定),7,鑑定,516.53,NEW_REALM,2026-08-11
アザム・ヒサンのクロスボウ (鑑定),8,鑑定,438.03,NEW_REALM,2026-08-11
アザム・ヒサンのクロスボウ (鑑定),9,鑑定,3833.94,NEW_REALM,2026-08-11
アザム・ヒサンのグリーヴ (未鑑定),0,未鑑定,15.7,NEW_REALM,2026-08-11
アザム・ヒサンのグリーヴ (鑑定),0,鑑定,15.7,NEW_REALM,2026-08-11
アザム・ヒサンのグリーヴ (鑑定),4,鑑定,62.8,NEW_REALM,2026-08-11
アザム・ヒサンのグリーヴ (鑑定),5,鑑定,18.84,NEW_REALM,2026-08-11
アザム・ヒサンのグリーヴ (鑑定),6,鑑定,78.5,NEW_REALM,2026-08-11
アザム・ヒサンのグリーヴ (鑑定),7,鑑定,94.2,NEW_REALM,2026-08-11
アザム・ヒサンのグリーヴ (鑑定),8,鑑定,157.0,NEW_REALM,2026-08-11
アザム・ヒサンのグリーヴ (鑑定),9,鑑定,193.11,NEW_REALM,2026-08-11
アザム・ヒサンのグローブ (未鑑定),0,未鑑定,15.7,NEW_REALM,2026-08-11
アザム・ヒサンのグローブ (鑑定),0,鑑定,15.7,NEW_REALM,2026-08-11
アザム・ヒサンのグローブ (鑑定),5,鑑定,23.55,NEW_REALM,2026-08-11
アザム・ヒサンのグローブ (鑑定),6,鑑定,204.1,NEW_REALM,2026-08-11
アザム・ヒサンのグローブ (鑑定),7,鑑定,471.0,NEW_REALM,2026-08-11
アザム・ヒサンのグローブ (鑑定),8,鑑定,392.5,NEW_REALM,2026-08-11
アザム・ヒサンのサイド (未鑑定),0,未鑑定,752.03,NEW_REALM,2026-08-11
アザム・ヒサンのサイド (鑑定),0,鑑定,697.08,NEW_REALM,2026-08-11
アザム・ヒサンのサイド (鑑定),10,鑑定,5813.71,NEW_REALM,2026-08-11
アザム・ヒサンのサイド (鑑定),7,鑑定,643.6999999999999,NEW_REALM,2026-08-11
アザム・ヒサンのサイド (鑑定),8,鑑定,948.28,NEW_REALM,2026-08-11
アザム・ヒサンのネックレス,0,なし,1413.0,NEW_REALM,2026-08-11
アザム・ヒサンのネックレス,15,なし,4986.320000000001,NEW_REALM,2026-08-11
アザム・ヒサンのフード (未鑑定),0,未鑑定,15.7,NEW_REALM,2026-08-11
アザム・ヒサンのフード (鑑定),0,鑑定,15.7,NEW_REALM,2026-08-11
アザム・ヒサンのフード (鑑定),10,鑑定,588.75,NEW_REALM,2026-08-11
アザム・ヒサンのフード (鑑定),5,鑑定,15.7,NEW_REALM,2026-08-11
アザム・ヒサンのフード (鑑定),6,鑑定,31.4,NEW_REALM,2026-08-11
アザム・ヒサンのフード (鑑定),7,鑑定,157.0,NEW_REALM,2026-08-11
アザム・ヒサンのフード (鑑定),8,鑑定,141.3,NEW_REALM,2026-08-11
アザム・ヒサンのフード (鑑定),9,鑑定,314.0,NEW_REALM,2026-08-11
アザム・ヒサンのブレスレット,1,なし,549.5,NEW_REALM,2026-08-11
アザム・ヒサンのヘルム (未鑑定),0,未鑑定,15.7,NEW_REALM,2026-08-11
アザム・ヒサンのヘルム (鑑定),0,鑑定,31.4,NEW_REALM,2026-08-11
アザム・ヒサンのヘルム (鑑定),10,鑑定,942.0,NEW_REALM,2026-08-11
アザム・ヒサンのヘルム (鑑定),5,鑑定,39.25,NEW_REALM,2026-08-11
アザム・ヒサンのヘルム (鑑定),6,鑑定,23.55,NEW_REALM,2026-08-11
アザム・ヒサンのヘルム (鑑定),8,鑑定,180.55,NEW_REALM,2026-08-11
アザム・ヒサンのヘルム (鑑定),9,鑑定,753.6,NEW_REALM,2026-08-11
アザム・ヒサンのベスト (未鑑定),0,未鑑定,15.7,NEW_REALM,2026-08-11
アザム・ヒサンのベスト (鑑定),0,鑑定,20.41,NEW_REALM,2026-08-11
アザム・ヒサンのベスト (鑑定),10,鑑定,785.0,NEW_REALM,2026-08-11
アザム・ヒサンのベスト (鑑定),5,鑑定,21.98,NEW_REALM,2026-08-11
アザム・ヒサンのベスト (鑑定),6,鑑定,157.0,NEW_REALM,2026-08-11
アザム・ヒサンのベスト (鑑定),7,鑑定,219.8,NEW_REALM,2026-08-11
アザム・ヒサンのベスト (鑑定),8,鑑定,243.35,NEW_REALM,2026-08-11
アザム・ヒサンのベルト,0,なし,292.02000000000004,NEW_REALM,2026-08-11
アザム・ヒサンのレガース (未鑑定),0,未鑑定,31.4,NEW_REALM,2026-08-11
アザム・ヒサンのレガース (鑑定),0,鑑定,20.41,NEW_REALM,2026-08-11
アザム・ヒサンのレガース (鑑定),5,鑑定,138.16,NEW_REALM,2026-08-11
アザム・ヒサンのレガース (鑑定),8,鑑定,645.2700000000001,NEW_REALM,2026-08-11
アザム・ヒサンのローブ (未鑑定),0,未鑑定,37.68,NEW_REALM,2026-08-11
アザム・ヒサンのローブ (鑑定),0,鑑定,17.27,NEW_REALM,2026-08-11
アザム・ヒサンのローブ (鑑定),10,鑑定,6458.9800000000005,NEW_REALM,2026-08-11
アザム・ヒサンのローブ (鑑定),5,鑑定,23.55,NEW_REALM,2026-08-11
アザム・ヒサンのローブ (鑑定),6,鑑定,47.1,NEW_REALM,2026-08-11
アザム・ヒサンのローブ (鑑定),7,鑑定,155.43,NEW_REALM,2026-08-11
アザム・ヒサンのローブ (鑑定),8,鑑定,314.0,NEW_REALM,2026-08-11
アザム・ヒサンの剣/盾 (未鑑定),0,未鑑定,488.27,NEW_REALM,2026-08-11
アザム・ヒサンの剣/盾 (鑑定),0,鑑定,387.79,NEW_REALM,2026-08-11
アザム・ヒサンの剣/盾 (鑑定),10,鑑定,2066.12,NEW_REALM,2026-08-11
アザム・ヒサンの剣/盾 (鑑定),11,鑑定,10212.85,NEW_REALM,2026-08-11
アザム・ヒサンの剣/盾 (鑑定),7,鑑定,785.0,NEW_REALM,2026-08-11
アザム・ヒサンの剣/盾 (鑑定),8,鑑定,455.3,NEW_REALM,2026-08-11
アザム・ヒサンの剣/盾 (鑑定),9,鑑定,1420.85,NEW_REALM,2026-08-11
アザム・ヒサンの大剣 (未鑑定),0,未鑑定,281.03000000000003,NEW_REALM,2026-08-11
アザム・ヒサンの大剣 (鑑定),0,鑑定,381.5100000000001,NEW_REALM,2026-08-11
アザム・ヒサンの大剣 (鑑定),10,鑑定,1727.0,NEW_REALM,2026-08-11
アザム・ヒサンの大剣 (鑑定),7,鑑定,408.2,NEW_REALM,2026-08-11
アザム・ヒサンの大剣 (鑑定),8,鑑定,904.32,NEW_REALM,2026-08-11
アザム・ヒサンの布ズボン (未鑑定),0,未鑑定,15.7,NEW_REALM,2026-08-11
アザム・ヒサンの布ズボン (鑑定),0,鑑定,17.27,NEW_REALM,2026-08-11
アザム・ヒサンの布ズボン (鑑定),11,鑑定,2355.0,NEW_REALM,2026-08-11
アザム・ヒサンの布ズボン (鑑定),4,鑑定,47.1,NEW_REALM,2026-08-11
アザム・ヒサンの布ズボン (鑑定),5,鑑定,23.55,NEW_REALM,2026-08-11
アザム・ヒサンの布ズボン (鑑定),6,鑑定,109.9,NEW_REALM,2026-08-11
アザム・ヒサンの布ズボン (鑑定),7,鑑定,1570.0,NEW_REALM,2026-08-11
アザム・ヒサンの布ズボン (鑑定),8,鑑定,204.1,NEW_REALM,2026-08-11
アザム・ヒサンの帽子 (未鑑定),0,未鑑定,15.7,NEW_REALM,2026-08-11
アザム・ヒサンの帽子 (鑑定),0,鑑定,15.7,NEW_REALM,2026-08-11
アザム・ヒサンの帽子 (鑑定),5,鑑定,23.55,NEW_REALM,2026-08-11
アザム・ヒサンの帽子 (鑑定),6,鑑定,50.24,NEW_REALM,2026-08-11
アザム・ヒサンの帽子 (鑑定),8,鑑定,213.52,NEW_REALM,2026-08-11
アザム・ヒサンの帽子 (鑑定),9,鑑定,1256.0,NEW_REALM,2026-08-11
アザム・ヒサンの弓 (未鑑定),0,未鑑定,902.75,NEW_REALM,2026-08-11
アザム・ヒサンの弓 (鑑定),0,鑑定,628.0,NEW_REALM,2026-08-11
アザム・ヒサンの弓 (鑑定),10,鑑定,5024.0,NEW_REALM,2026-08-11
アザム・ヒサンの弓 (鑑定),7,鑑定,628.0,NEW_REALM,2026-08-11
アザム・ヒサンの弓 (鑑定),8,鑑定,2325.17,NEW_REALM,2026-08-11
アザム・ヒサンの戦棒 (未鑑定),0,未鑑定,770.87,NEW_REALM,2026-08-11
アザム・ヒサンの戦棒 (鑑定),0,鑑定,329.7,NEW_REALM,2026-08-11
アザム・ヒサンの戦棒 (鑑定),10,鑑定,3611.0,NEW_REALM,2026-08-11
アザム・ヒサンの戦棒 (鑑定),6,鑑定,1727.0,NEW_REALM,2026-08-11
アザム・ヒサンの戦棒 (鑑定),7,鑑定,905.89,NEW_REALM,2026-08-11
アザム・ヒサンの戦棒 (鑑定),8,鑑定,1171.22,NEW_REALM,2026-08-11
アザム・ヒサンの戦闘盾 (未鑑定),0,未鑑定,423.9,NEW_REALM,2026-08-11
アザム・ヒサンの戦闘盾 (鑑定),0,鑑定,273.18,NEW_REALM,2026-08-11
アザム・ヒサンの戦闘盾 (鑑定),10,鑑定,1805.5,NEW_REALM,2026-08-11
アザム・ヒサンの戦闘盾 (鑑定),12,鑑定,5684.97,NEW_REALM,2026-08-11
アザム・ヒサンの戦闘盾 (鑑定),6,鑑定,1413.0,NEW_REALM,2026-08-11
アザム・ヒサンの戦闘盾 (鑑定),7,鑑定,510.25,NEW_REALM,2026-08-11
アザム・ヒサンの戦闘盾 (鑑定),8,鑑定,593.4599999999999,NEW_REALM,2026-08-11
アザム・ヒサンの戦闘盾 (鑑定),9,鑑定,569.91,NEW_REALM,2026-08-11
アザム・ヒサンの手甲 (未鑑定),0,未鑑定,15.7,NEW_REALM,2026-08-11
アザム・ヒサンの手甲 (鑑定),0,鑑定,15.7,NEW_REALM,2026-08-11
アザム・ヒサンの手甲 (鑑定),5,鑑定,15.7,NEW_REALM,2026-08-11
アザム・ヒサンの手甲 (鑑定),6,鑑定,102.05,NEW_REALM,2026-08-11
アザム・ヒサンの手甲 (鑑定),7,鑑定,157.0,NEW_REALM,2026-08-11
アザム・ヒサンの手甲 (鑑定),8,鑑定,235.5,NEW_REALM,2026-08-11
アザム・ヒサンの手甲 (鑑定),9,鑑定,2041.0,NEW_REALM,2026-08-11
アザム・ヒサンの杖 (未鑑定),0,未鑑定,452.16,NEW_REALM,2026-08-11
アザム・ヒサンの杖 (鑑定),0,鑑定,643.6999999999999,NEW_REALM,2026-08-11
アザム・ヒサンの杖 (鑑定),10,鑑定,5950.3,NEW_REALM,2026-08-11
アザム・ヒサンの杖 (鑑定),6,鑑定,2198.0,NEW_REALM,2026-08-11
アザム・ヒサンの杖 (鑑定),8,鑑定,593.4599999999999,NEW_REALM,2026-08-11
アザム・ヒサンの短剣 (未鑑定),0,未鑑定,513.39,NEW_REALM,2026-08-11
アザム・ヒサンの短剣 (鑑定),0,鑑定,471.0,NEW_REALM,2026-08-11
アザム・ヒサンの短剣 (鑑定),10,鑑定,4907.820000000001,NEW_REALM,2026-08-11
アザム・ヒサンの短剣 (鑑定),6,鑑定,982.82,NEW_REALM,2026-08-11
アザム・ヒサンの短剣 (鑑定),7,鑑定,1177.5,NEW_REALM,2026-08-11
アザム・ヒサンの短剣 (鑑定),8,鑑定,942.0,NEW_REALM,2026-08-11
アザム・ヒサンの短剣 (鑑定),9,鑑定,1727.0,NEW_REALM,2026-08-11
アザム・ヒサンの短靴 (未鑑定),0,未鑑定,15.7,NEW_REALM,2026-08-11
アザム・ヒサンの短靴 (鑑定),0,鑑定,18.84,NEW_REALM,2026-08-11
アザム・ヒサンの短靴 (鑑定),5,鑑定,17.27,NEW_REALM,2026-08-11
アザム・ヒサンの短靴 (鑑定),6,鑑定,149.15,NEW_REALM,2026-08-11
アザム・ヒサンの短靴 (鑑定),8,鑑定,282.6,NEW_REALM,2026-08-11
アザム・ヒサンの籠手 (未鑑定),0,未鑑定,216.66,NEW_REALM,2026-08-11
アザム・ヒサンの籠手 (鑑定),0,鑑定,205.67,NEW_REALM,2026-08-11
アザム・ヒサンの籠手 (鑑定),10,鑑定,2355.0,NEW_REALM,2026-08-11
アザム・ヒサンの籠手 (鑑定),7,鑑定,235.5,NEW_REALM,2026-08-11
アザム・ヒサンの籠手 (鑑定),8,鑑定,295.16,NEW_REALM,2026-08-11
アザム・ヒサンの鎧 (未鑑定),0,未鑑定,15.7,NEW_REALM,2026-08-11
アザム・ヒサンの鎧 (鑑定),0,鑑定,15.7,NEW_REALM,2026-08-11
アザム・ヒサンの鎧 (鑑定),5,鑑定,31.4,NEW_REALM,2026-08-11
アザム・ヒサンの鎧 (鑑定),6,鑑定,97.34,NEW_REALM,2026-08-11
アザム・ヒサンの鎧 (鑑定),7,鑑定,549.5,NEW_REALM,2026-08-11
アザム・ヒサンの鎧 (鑑定),8,鑑定,471.0,NEW_REALM,2026-08-11
アザム・ヒサンの鎧 (鑑定),9,鑑定,471.0,NEW_REALM,2026-08-11
アザム・ヒサンの長靴 (未鑑定),0,未鑑定,18.84,NEW_REALM,2026-08-11
アザム・ヒサンの長靴 (鑑定),0,鑑定,23.55,NEW_REALM,2026-08-11
アザム・ヒサンの長靴 (鑑定),10,鑑定,2042.57,NEW_REALM,2026-08-11
アザム・ヒサンの長靴 (鑑定),5,鑑定,28.26,NEW_REALM,2026-08-11
アザム・ヒサンの長靴 (鑑定),6,鑑定,78.5,NEW_REALM,2026-08-11
アザム・ヒサンの長靴 (鑑定),8,鑑定,157.0,NEW_REALM,2026-08-11
アザム・ヒサンの長靴 (鑑定),9,鑑定,775.58,NEW_REALM,2026-08-11
アザム・ヒサンの革ズボン (未鑑定),0,未鑑定,15.7,NEW_REALM,2026-08-11
アザム・ヒサンの革ズボン (鑑定),0,鑑定,15.7,NEW_REALM,2026-08-11
アザム・ヒサンの革ズボン (鑑定),10,鑑定,785.0,NEW_REALM,2026-08-11
アザム・ヒサンの革ズボン (鑑定),11,鑑定,2198.0,NEW_REALM,2026-08-11
アザム・ヒサンの革ズボン (鑑定),4,鑑定,309.29,NEW_REALM,2026-08-11
アザム・ヒサンの革ズボン (鑑定),5,鑑定,18.84,NEW_REALM,2026-08-11
アザム・ヒサンの革ズボン (鑑定),6,鑑定,109.9,NEW_REALM,2026-08-11
アザム・ヒサンの革ズボン (鑑定),8,鑑定,309.29,NEW_REALM,2026-08-11
アザム・ヒサンの革ズボン (鑑定),9,鑑定,785.0,NEW_REALM,2026-08-11
アビリティ:カリオンの洞察【呪文】,0,なし,117.75,NEW_REALM,2026-08-11
アビリティ:セクレタの才能【偵察】,0,なし,180.55,NEW_REALM,2026-08-11
アビリティ:テレノスの力【戦闘】,0,なし,50.24,NEW_REALM,2026-08-11
アビリティ:九死一生【技巧】,0,なし,4553.0,NEW_REALM,2026-08-11
アビリティ:克服【活力】,0,なし,10346.3,NEW_REALM,2026-08-11
アビリティ:必殺の一撃【強化】,0,なし,20669.05,NEW_REALM,2026-08-11
アビリティ:慎重な攻撃【補助】,0,なし,31.4,NEW_REALM,2026-08-11
アビリティ:戦場の叫び【活力】,0,なし,4239.0,NEW_REALM,2026-08-11
アビリティ:持続治癒【補助】,0,なし,3925.0,NEW_REALM,2026-08-11
アビリティ:業火の武器【強化】,0,なし,1497.78,NEW_REALM,2026-08-11
アビリティ:武装解除【戦闘】,0,なし,3295.43,NEW_REALM,2026-08-11
アビリティ:睡眠誘導【呪文】,0,なし,1568.43,NEW_REALM,2026-08-11
アビリティ:破壊の武器【技巧】,0,なし,839.9499999999999,NEW_REALM,2026-08-11
アビリティ:磁場生成【呪文】,0,なし,3454.0,NEW_REALM,2026-08-11
アビリティ:純粋なマナ回復薬【活力】,0,なし,15.7,NEW_REALM,2026-08-11
アビリティ:結界形成【防御】,0,なし,4710.0,NEW_REALM,2026-08-11
アビリティ:超感覚【偵察】,0,なし,3925.0,NEW_REALM,2026-08-11
アビリティ:酷寒の武器【呪文】,0,なし,522.8100000000001,NEW_REALM,2026-08-11
アビリティ:雷精霊【強化】,0,なし,3925.0,NEW_REALM,2026-08-11
アンコモン装飾品強化箱(100個),0,なし,15.7,NEW_REALM,2026-08-11
イニスのイヤリング ,0,なし,4082.0,NEW_REALM,2026-08-11
イニスのガントレット (未鑑定),0,未鑑定,4396.0,NEW_REALM,2026-08-11
イニスのネックレス ,0,なし,32970.0,NEW_REALM,2026-08-11
イニスのブレスレット ,0,なし,7379.0,NEW_REALM,2026-08-11
イニスのベルト ,0,なし,3925.0,NEW_REALM,2026-08-11
イニスのベルト ,2,なし,4082.0,NEW_REALM,2026-08-11
イニスのリング ,0,なし,5179.43,NEW_REALM,2026-08-11
イニスのリング ,15,なし,11304.0,NEW_REALM,2026-08-11
イニスのレガース (未鑑定),0,未鑑定,2826.0,NEW_REALM,2026-08-11
イニスの手甲 (未鑑定),0,未鑑定,21430.5,NEW_REALM,2026-08-11
イニスの鎧 (未鑑定),0,未鑑定,3611.0,NEW_REALM,2026-08-11
イリアナの籠手 (未鑑定),0,未鑑定,104562.0,NEW_REALM,2026-08-11
イリアナグリーヴ (未鑑定),0,未鑑定,3297.0,NEW_REALM,2026-08-11
イリアナグローブ (未鑑定),0,未鑑定,6906.43,NEW_REALM,2026-08-11
イリアナフード (未鑑定),0,未鑑定,5652.0,NEW_REALM,2026-08-11
イリアナヘルム (未鑑定),0,未鑑定,2577.94,NEW_REALM,2026-08-11
イリアナベスト (未鑑定),0,未鑑定,7061.86,NEW_REALM,2026-08-11
イリアナレガース (未鑑定),0,未鑑定,3768.0,NEW_REALM,2026-08-11
イリアナレガース (鑑定),0,鑑定,3140.0,NEW_REALM,2026-08-11
イリアナローブ (鑑定),6,鑑定,5499.71,NEW_REALM,2026-08-11
イリアナ剣/盾 (未鑑定),0,未鑑定,232955.03,NEW_REALM,2026-08-11
イリアナ布ズボン (未鑑定),0,未鑑定,2581.0800000000004,NEW_REALM,2026-08-11
イリアナ帽子 (未鑑定),0,未鑑定,6751.0,NEW_REALM,2026-08-11
イリアナ弓 (未鑑定),0,未鑑定,219800.0,NEW_REALM,2026-08-11
イリアナ手甲 (未鑑定),0,未鑑定,2669.0,NEW_REALM,2026-08-11
イリアナ杖 (未鑑定),0,未鑑定,227491.43,NEW_REALM,2026-08-11
イリアナ鎧 (鑑定),5,鑑定,7850.0,NEW_REALM,2026-08-11
イリアナ革ズボン (未鑑定),0,未鑑定,3882.61,NEW_REALM,2026-08-11
エオスのイヤリング,0,なし,2826.0,NEW_REALM,2026-08-11
エオスのガントレット (未鑑定),0,未鑑定,2355.0,NEW_REALM,2026-08-11
エオスのグリーヴ (未鑑定),0,未鑑定,2606.2000000000003,NEW_REALM,2026-08-11
エオスのフード (未鑑定),0,未鑑定,3614.14,NEW_REALM,2026-08-11
エオスのベスト (未鑑定),0,未鑑定,4708.429999999999,NEW_REALM,2026-08-11
エオスのベルト,0,なし,5730.5,NEW_REALM,2026-08-11
エオスのリング,0,なし,3917.15,NEW_REALM,2026-08-11
エオスのレガース (鑑定),8,鑑定,7850.0,NEW_REALM,2026-08-11
エオスの布ズボン (未鑑定),0,未鑑定,1678.33,NEW_REALM,2026-08-11
エオスの帽子 (未鑑定),0,未鑑定,2041.0,NEW_REALM,2026-08-11
エオスの手甲 (未鑑定),0,未鑑定,1491.5,NEW_REALM,2026-08-11
エオスの短靴 (未鑑定),0,未鑑定,5232.81,NEW_REALM,2026-08-11
エオスの鎧 (未鑑定),0,未鑑定,1554.3,NEW_REALM,2026-08-11
エオスの革ズボン (未鑑定),0,未鑑定,2826.0,NEW_REALM,2026-08-11
エル・セラのイヤリング,0,なし,345.40000000000003,NEW_REALM,2026-08-11
エル・セラのイヤリング,15,なし,1177.5,NEW_REALM,2026-08-11
エル・セラのイヤリング,16,なし,1884.0,NEW_REALM,2026-08-11
エル・セラのイヤリング,20,なし,10990.0,NEW_REALM,2026-08-11
エル・セラのクロスボウ (未鑑定),0,未鑑定,6908.0,NEW_REALM,2026-08-11
エル・セラのグリーヴ (鑑定),5,鑑定,157.0,NEW_REALM,2026-08-11
エル・セラのグローブ (鑑定),5,鑑定,149.15,NEW_REALM,2026-08-11
エル・セラのサイド (未鑑定),0,未鑑定,11775.0,NEW_REALM,2026-08-11
エル・セラのネックレス,0,なし,2508.86,NEW_REALM,2026-08-11
エル・セラのフード (鑑定),6,鑑定,739.47,NEW_REALM,2026-08-11
エル・セラのブレスレット,0,なし,580.9,NEW_REALM,2026-08-11
エル・セラのブレスレット,14,なし,1803.93,NEW_REALM,2026-08-11
エル・セラのブレスレット,15,なし,1348.63,NEW_REALM,2026-08-11
エル・セラのブレスレット,20,なし,12560.0,NEW_REALM,2026-08-11
エル・セラのヘルム (未鑑定),0,未鑑定,125.6,NEW_REALM,2026-08-11
エル・セラのベスト (未鑑定),0,未鑑定,233.93,NEW_REALM,2026-08-11
エル・セラのベスト (鑑定),5,鑑定,387.79,NEW_REALM,2026-08-11
エル・セラのベルト,0,なし,266.9,NEW_REALM,2026-08-11
エル・セラのベルト,14,なし,940.43,NEW_REALM,2026-08-11
エル・セラのベルト,15,なし,2355.0,NEW_REALM,2026-08-11
エル・セラのベルト,18,なし,3611.0,NEW_REALM,2026-08-11
エル・セラのベルト,20,なし,12403.0,NEW_REALM,2026-08-11
エル・セラのリング,0,なし,689.2299999999999,NEW_REALM,2026-08-11
エル・セラのリング,20,なし,13816.0,NEW_REALM,2026-08-11
エル・セラのレガース (未鑑定),0,未鑑定,596.6,NEW_REALM,2026-08-11
エル・セラの剣/盾 (未鑑定),0,未鑑定,3768.0,NEW_REALM,2026-08-11
エル・セラの勇猛マント (未鑑定),0,未鑑定,628.0,NEW_REALM,2026-08-11
エル・セラの大剣 (未鑑定),0,未鑑定,1884.0,NEW_REALM,2026-08-11
エル・セラの布ズボン (未鑑定),0,未鑑定,235.5,NEW_REALM,2026-08-11
エル・セラの布ズボン (鑑定),0,鑑定,235.5,NEW_REALM,2026-08-11
エル・セラの布ズボン (鑑定),8,鑑定,1551.16,NEW_REALM,2026-08-11
エル・セラの帽子 (未鑑定),0,未鑑定,155.43,NEW_REALM,2026-08-11
エル・セラの帽子 (鑑定),8,鑑定,1665.77,NEW_REALM,2026-08-11
エル・セラの弓 (未鑑定),0,未鑑定,6594.0,NEW_REALM,2026-08-11
エル・セラの弓 (鑑定),10,鑑定,12635.36,NEW_REALM,2026-08-11
エル・セラの弓 (鑑定),8,鑑定,10990.0,NEW_REALM,2026-08-11
エル・セラの戦棒 (未鑑定),0,未鑑定,8635.0,NEW_REALM,2026-08-11
エル・セラの戦闘マント (未鑑定),0,未鑑定,942.0,NEW_REALM,2026-08-11
エル・セラの戦闘盾 (未鑑定),0,未鑑定,2355.0,NEW_REALM,2026-08-11
エル・セラの戦闘盾 (鑑定),8,鑑定,3454.0,NEW_REALM,2026-08-11
エル・セラの手甲 (未鑑定),0,未鑑定,94.2,NEW_REALM,2026-08-11
エル・セラの短剣 (未鑑定),0,未鑑定,3611.0,NEW_REALM,2026-08-11
エル・セラの短剣 (鑑定),8,鑑定,4710.0,NEW_REALM,2026-08-11
エル・セラの短靴 (未鑑定),0,未鑑定,392.5,NEW_REALM,2026-08-11
エル・セラの短靴 (鑑定),0,鑑定,471.0,NEW_REALM,2026-08-11
エル・セラの破壊マント (未鑑定),0,未鑑定,471.0,NEW_REALM,2026-08-11
エル・セラの籠手 (未鑑定),0,未鑑定,785.0,NEW_REALM,2026-08-11
エル・セラの鎧 (鑑定),5,鑑定,1413.0,NEW_REALM,2026-08-11
エル・セラの長靴 (未鑑定),0,未鑑定,157.0,NEW_REALM,2026-08-11
オペルタのイヤリング,0,なし,3140.0,NEW_REALM,2026-08-11
オペルタのグローブ (未鑑定),0,未鑑定,4465.08,NEW_REALM,2026-08-11
オペルタのネックレス,0,なし,33127.0,NEW_REALM,2026-08-11
オペルタのブレスレット,0,なし,8478.0,NEW_REALM,2026-08-11
オペルタのヘルム (未鑑定),0,未鑑定,1727.0,NEW_REALM,2026-08-11
オペルタのベスト (未鑑定),0,未鑑定,5966.0,NEW_REALM,2026-08-11
オペルタのベルト,0,なし,6123.0,NEW_REALM,2026-08-11
オペルタのレガース (未鑑定),0,未鑑定,1099.0,NEW_REALM,2026-08-11
オペルタのレガース (鑑定),8,鑑定,10487.6,NEW_REALM,2026-08-11
オペルタの布ズボン (未鑑定),0,未鑑定,1723.86,NEW_REALM,2026-08-11
オペルタの帽子 (未鑑定),0,未鑑定,3925.0,NEW_REALM,2026-08-11
オペルタの帽子 (鑑定),6,鑑定,3618.85,NEW_REALM,2026-08-11
オペルタの手甲 (鑑定),0,鑑定,1036.2,NEW_REALM,2026-08-11
オペルタの短靴 (未鑑定),0,未鑑定,6437.0,NEW_REALM,2026-08-11
オペルタの破壊マント (未鑑定),0,未鑑定,7065.0,NEW_REALM,2026-08-11
オペルタの精霊マント (未鑑定),0,未鑑定,6594.0,NEW_REALM,2026-08-11
オペルタの鎧 (未鑑定),0,未鑑定,2457.05,NEW_REALM,2026-08-11
オペルタの長靴 (未鑑定),0,未鑑定,4396.0,NEW_REALM,2026-08-11
オペルタの革ズボン (未鑑定),0,未鑑定,4551.429999999999,NEW_REALM,2026-08-11
ガルバのサドル,0,なし,171.13000000000002,NEW_REALM,2026-08-11
クランシアのイヤリング,0,なし,361.1,NEW_REALM,2026-08-11
クランシアのイヤリング,20,なし,11461.0,NEW_REALM,2026-08-11
クランシアのガントレット (未鑑定),0,未鑑定,37.68,NEW_REALM,2026-08-11
クランシアのガントレット (鑑定),5,鑑定,153.86,NEW_REALM,2026-08-11
クランシアのガントレット (鑑定),6,鑑定,1570.0,NEW_REALM,2026-08-11
クランシアのガントレット (鑑定),7,鑑定,150.72,NEW_REALM,2026-08-11
クランシアのグローブ (鑑定),8,鑑定,386.22,NEW_REALM,2026-08-11
クランシアのネックレス,0,なし,3140.0,NEW_REALM,2026-08-11
クランシアのフード (鑑定),0,鑑定,769.3000000000001,NEW_REALM,2026-08-11
クランシアのフード (鑑定),8,鑑定,1050.3300000000002,NEW_REALM,2026-08-11
クランシアのブレスレット,0,なし,496.12,NEW_REALM,2026-08-11
クランシアのヘルム (未鑑定),0,未鑑定,293.59000000000003,NEW_REALM,2026-08-11
クランシアのヘルム (鑑定),0,鑑定,314.0,NEW_REALM,2026-08-11
クランシアのヘルム (鑑定),10,鑑定,697.08,NEW_REALM,2026-08-11
クランシアのヘルム (鑑定),6,鑑定,309.29,NEW_REALM,2026-08-11
クランシアのベルト,0,なし,376.8,NEW_REALM,2026-08-11
クランシアのリング,0,なし,996.95,NEW_REALM,2026-08-11
クランシアのリング,20,なし,12558.429999999998,NEW_REALM,2026-08-11
クランシアのローブ (鑑定),0,鑑定,306.15,NEW_REALM,2026-08-11
クランシアの剣/盾 (未鑑定),0,未鑑定,4082.0,NEW_REALM,2026-08-11
クランシアの勇猛マント (未鑑定),0,未鑑定,1413.0,NEW_REALM,2026-08-11
クランシアの帽子 (鑑定),0,鑑定,871.35,NEW_REALM,2026-08-11
クランシアの弓 (未鑑定),0,未鑑定,7232.99,NEW_REALM,2026-08-11
クランシアの戦棒 (未鑑定),0,未鑑定,7143.5,NEW_REALM,2026-08-11
クランシアの戦闘マント (未鑑定),0,未鑑定,706.5,NEW_REALM,2026-08-11
クランシアの手甲 (未鑑定),0,未鑑定,113.04,NEW_REALM,2026-08-11
クランシアの手甲 (鑑定),8,鑑定,1570.0,NEW_REALM,2026-08-11
クランシアの短靴 (未鑑定),0,未鑑定,392.5,NEW_REALM,2026-08-11
クランシアの短靴 (鑑定),0,鑑定,306.15,NEW_REALM,2026-08-11
クランシアの破壊マント (鑑定),5,鑑定,3928.14,NEW_REALM,2026-08-11
クランシアの鎧 (未鑑定),0,未鑑定,675.1,NEW_REALM,2026-08-11
クランシアの長靴 (鑑定),0,鑑定,306.15,NEW_REALM,2026-08-11
クロスボウ：ハンターの証,0,なし,10205.0,NEW_REALM,2026-08-11
クロスボウ：距離調節,0,なし,15.7,NEW_REALM,2026-08-11
クロスボウ：鋭い矢,0,なし,15.7,NEW_REALM,2026-08-11
グレイシスのサドル,0,なし,1254.43,NEW_REALM,2026-08-11
ケルサのサドル,0,なし,21.98,NEW_REALM,2026-08-11
サイド：処刑準備,0,なし,141.3,NEW_REALM,2026-08-11
サイド：魂の循環,0,なし,219.8,NEW_REALM,2026-08-11
サイド：魔力反発,0,なし,31243.0,NEW_REALM,2026-08-11
セラドのイヤリング,0,なし,298.3,NEW_REALM,2026-08-11
セラドのイヤリング,1,なし,533.8,NEW_REALM,2026-08-11
セラドのイヤリング,15,なし,733.1899999999999,NEW_REALM,2026-08-11
セラドのガントレット (未鑑定),0,未鑑定,18.84,NEW_REALM,2026-08-11
セラドのガントレット (鑑定),0,鑑定,20.41,NEW_REALM,2026-08-11
セラドのガントレット (鑑定),4,鑑定,39.25,NEW_REALM,2026-08-11
セラドのガントレット (鑑定),5,鑑定,18.84,NEW_REALM,2026-08-11
セラドのガントレット (鑑定),6,鑑定,78.5,NEW_REALM,2026-08-11
セラドのガントレット (鑑定),7,鑑定,219.8,NEW_REALM,2026-08-11
セラドのガントレット (鑑定),8,鑑定,204.1,NEW_REALM,2026-08-11
セラドのクロスボウ (未鑑定),0,未鑑定,1004.8,NEW_REALM,2026-08-11
セラドのクロスボウ (鑑定),0,鑑定,785.0,NEW_REALM,2026-08-11
セラドのクロスボウ (鑑定),8,鑑定,942.0,NEW_REALM,2026-08-11
セラドのクロスボウ (鑑定),9,鑑定,9420.0,NEW_REALM,2026-08-11
セラドのグリーヴ (未鑑定),0,未鑑定,76.92999999999999,NEW_REALM,2026-08-11
セラドのグリーヴ (鑑定),0,鑑定,20.41,NEW_REALM,2026-08-11
セラドのグリーヴ (鑑定),4,鑑定,314.0,NEW_REALM,2026-08-11
セラドのグリーヴ (鑑定),6,鑑定,102.05,NEW_REALM,2026-08-11
セラドのグローブ (未鑑定),0,未鑑定,23.55,NEW_REALM,2026-08-11
セラドのグローブ (鑑定),0,鑑定,18.84,NEW_REALM,2026-08-11
セラドのグローブ (鑑定),5,鑑定,21.98,NEW_REALM,2026-08-11
セラドのグローブ (鑑定),6,鑑定,54.95,NEW_REALM,2026-08-11
セラドのグローブ (鑑定),7,鑑定,295.16,NEW_REALM,2026-08-11
セラドのサイド (未鑑定),0,未鑑定,1136.68,NEW_REALM,2026-08-11
セラドのサイド (鑑定),0,鑑定,844.66,NEW_REALM,2026-08-11
セラドのサイド (鑑定),10,鑑定,10336.88,NEW_REALM,2026-08-11
セラドのサイド (鑑定),7,鑑定,1036.2,NEW_REALM,2026-08-11
セラドのサイド (鑑定),8,鑑定,863.5,NEW_REALM,2026-08-11
セラドのネックレス,10,なし,2983.0,NEW_REALM,2026-08-11
セラドのフード (未鑑定),0,未鑑定,21.98,NEW_REALM,2026-08-11
セラドのフード (鑑定),0,鑑定,314.0,NEW_REALM,2026-08-11
セラドのフード (鑑定),5,鑑定,47.1,NEW_REALM,2026-08-11
セラドのフード (鑑定),6,鑑定,392.5,NEW_REALM,2026-08-11
セラドのヘルム (未鑑定),0,未鑑定,21.98,NEW_REALM,2026-08-11
セラドのヘルム (鑑定),0,鑑定,29.83,NEW_REALM,2026-08-11
セラドのヘルム (鑑定),5,鑑定,78.5,NEW_REALM,2026-08-11
セラドのベスト (未鑑定),0,未鑑定,15.7,NEW_REALM,2026-08-11
セラドのベスト (鑑定),0,鑑定,15.7,NEW_REALM,2026-08-11
セラドのベスト (鑑定),6,鑑定,155.43,NEW_REALM,2026-08-11
セラドのベスト (鑑定),8,鑑定,657.83,NEW_REALM,2026-08-11
セラドのベルト,12,なし,549.5,NEW_REALM,2026-08-11
セラドのリング,0,なし,389.36,NEW_REALM,2026-08-11
セラドのリング,15,なし,1570.0,NEW_REALM,2026-08-11
セラドのレガース (未鑑定),0,未鑑定,18.84,NEW_REALM,2026-08-11
セラドのレガース (鑑定),0,鑑定,28.26,NEW_REALM,2026-08-11
セラドのレガース (鑑定),5,鑑定,54.95,NEW_REALM,2026-08-11
セラドのレガース (鑑定),6,鑑定,39.25,NEW_REALM,2026-08-11
セラドのローブ (未鑑定),0,未鑑定,21.98,NEW_REALM,2026-08-11
セラドのローブ (鑑定),0,鑑定,61.23,NEW_REALM,2026-08-11
セラドのローブ (鑑定),5,鑑定,29.83,NEW_REALM,2026-08-11
セラドのローブ (鑑定),6,鑑定,235.5,NEW_REALM,2026-08-11
セラドのローブ (鑑定),7,鑑定,375.23,NEW_REALM,2026-08-11
セラドのローブ (鑑定),8,鑑定,235.5,NEW_REALM,2026-08-11
セラドのローブ (鑑定),9,鑑定,2325.17,NEW_REALM,2026-08-11
セラドの剣/盾 (未鑑定),0,未鑑定,769.3000000000001,NEW_REALM,2026-08-11
セラドの剣/盾 (鑑定),0,鑑定,1020.5,NEW_REALM,2026-08-11
セラドの剣/盾 (鑑定),6,鑑定,1256.0,NEW_REALM,2026-08-11
セラドの剣/盾 (鑑定),7,鑑定,1099.0,NEW_REALM,2026-08-11
セラドの剣/盾 (鑑定),8,鑑定,2326.74,NEW_REALM,2026-08-11
セラドの大剣 (未鑑定),0,未鑑定,314.0,NEW_REALM,2026-08-11
セラドの大剣 (鑑定),0,鑑定,596.6,NEW_REALM,2026-08-11
セラドの大剣 (鑑定),10,鑑定,1679.9,NEW_REALM,2026-08-11
セラドの大剣 (鑑定),7,鑑定,596.6,NEW_REALM,2026-08-11
セラドの布ズボン (未鑑定),0,未鑑定,21.98,NEW_REALM,2026-08-11
セラドの布ズボン (鑑定),0,鑑定,21.98,NEW_REALM,2026-08-11
セラドの布ズボン (鑑定),11,鑑定,777.15,NEW_REALM,2026-08-11
セラドの布ズボン (鑑定),5,鑑定,39.25,NEW_REALM,2026-08-11
セラドの布ズボン (鑑定),6,鑑定,39.25,NEW_REALM,2026-08-11
セラドの布ズボン (鑑定),7,鑑定,304.58,NEW_REALM,2026-08-11
セラドの布ズボン (鑑定),8,鑑定,128.73999999999998,NEW_REALM,2026-08-11
セラドの布ズボン (鑑定),9,鑑定,785.0,NEW_REALM,2026-08-11
セラドの帽子 (未鑑定),0,未鑑定,17.27,NEW_REALM,2026-08-11
セラドの帽子 (鑑定),0,鑑定,54.95,NEW_REALM,2026-08-11
セラドの帽子 (鑑定),5,鑑定,73.78999999999999,NEW_REALM,2026-08-11
セラドの帽子 (鑑定),6,鑑定,76.92999999999999,NEW_REALM,2026-08-11
セラドの帽子 (鑑定),8,鑑定,568.34,NEW_REALM,2026-08-11
セラドの弓 (未鑑定),0,未鑑定,1334.5,NEW_REALM,2026-08-11
セラドの弓 (鑑定),7,鑑定,942.0,NEW_REALM,2026-08-11
セラドの戦棒 (未鑑定),0,未鑑定,1169.65,NEW_REALM,2026-08-11
セラドの戦棒 (鑑定),8,鑑定,2669.0,NEW_REALM,2026-08-11
セラドの戦闘マント (鑑定),5,鑑定,2066.12,NEW_REALM,2026-08-11
セラドの戦闘盾 (鑑定),8,鑑定,1033.06,NEW_REALM,2026-08-11
セラドの手甲 (未鑑定),0,未鑑定,28.26,NEW_REALM,2026-08-11
セラドの手甲 (鑑定),0,鑑定,20.41,NEW_REALM,2026-08-11
セラドの手甲 (鑑定),5,鑑定,37.68,NEW_REALM,2026-08-11
セラドの手甲 (鑑定),8,鑑定,263.76,NEW_REALM,2026-08-11
セラドの杖 (未鑑定),0,未鑑定,781.86,NEW_REALM,2026-08-11
セラドの杖 (鑑定),0,鑑定,904.32,NEW_REALM,2026-08-11
セラドの杖 (鑑定),10,鑑定,2353.43,NEW_REALM,2026-08-11
セラドの杖 (鑑定),7,鑑定,1727.0,NEW_REALM,2026-08-11
セラドの杖 (鑑定),8,鑑定,1570.0,NEW_REALM,2026-08-11
セラドの杖 (鑑定),9,鑑定,5474.589999999999,NEW_REALM,2026-08-11
セラドの短剣 (未鑑定),0,未鑑定,1014.22,NEW_REALM,2026-08-11
セラドの短剣 (鑑定),0,鑑定,1369.0400000000002,NEW_REALM,2026-08-11
セラドの短剣 (鑑定),7,鑑定,612.3,NEW_REALM,2026-08-11
セラドの短剣 (鑑定),8,鑑定,942.0,NEW_REALM,2026-08-11
セラドの短靴 (未鑑定),0,未鑑定,23.55,NEW_REALM,2026-08-11
セラドの短靴 (鑑定),0,鑑定,31.4,NEW_REALM,2026-08-11
セラドの短靴 (鑑定),5,鑑定,314.0,NEW_REALM,2026-08-11
セラドの短靴 (鑑定),8,鑑定,314.0,NEW_REALM,2026-08-11
セラドの籠手 (未鑑定),0,未鑑定,219.8,NEW_REALM,2026-08-11
セラドの籠手 (鑑定),0,鑑定,235.5,NEW_REALM,2026-08-11
セラドの籠手 (鑑定),10,鑑定,2826.0,NEW_REALM,2026-08-11
セラドの籠手 (鑑定),7,鑑定,235.5,NEW_REALM,2026-08-11
セラドの籠手 (鑑定),8,鑑定,1648.5,NEW_REALM,2026-08-11
セラドの鎧 (未鑑定),0,未鑑定,21.98,NEW_REALM,2026-08-11
セラドの鎧 (鑑定),0,鑑定,39.25,NEW_REALM,2026-08-11
セラドの鎧 (鑑定),10,鑑定,1020.5,NEW_REALM,2026-08-11
セラドの鎧 (鑑定),5,鑑定,37.68,NEW_REALM,2026-08-11
セラドの鎧 (鑑定),6,鑑定,125.6,NEW_REALM,2026-08-11
セラドの鎧 (鑑定),7,鑑定,290.45,NEW_REALM,2026-08-11
セラドの鎧 (鑑定),8,鑑定,235.5,NEW_REALM,2026-08-11
セラドの長靴 (未鑑定),0,未鑑定,25.12,NEW_REALM,2026-08-11
セラドの長靴 (鑑定),0,鑑定,18.84,NEW_REALM,2026-08-11
セラドの長靴 (鑑定),11,鑑定,2025.3,NEW_REALM,2026-08-11
セラドの長靴 (鑑定),4,鑑定,188.4,NEW_REALM,2026-08-11
セラドの長靴 (鑑定),5,鑑定,76.92999999999999,NEW_REALM,2026-08-11
セラドの長靴 (鑑定),6,鑑定,72.22,NEW_REALM,2026-08-11
セラドの長靴 (鑑定),8,鑑定,180.55,NEW_REALM,2026-08-11
セラドの革ズボン (未鑑定),0,未鑑定,25.12,NEW_REALM,2026-08-11
セラドの革ズボン (鑑定),0,鑑定,18.84,NEW_REALM,2026-08-11
セラドの革ズボン (鑑定),5,鑑定,34.54,NEW_REALM,2026-08-11
セラドの革ズボン (鑑定),6,鑑定,72.22,NEW_REALM,2026-08-11
セラドの革ズボン (鑑定),7,鑑定,282.6,NEW_REALM,2026-08-11
セルスのガントレット (鑑定),6,鑑定,1884.0,NEW_REALM,2026-08-11
セルスのガントレット (鑑定),8,鑑定,7693.0,NEW_REALM,2026-08-11
セルスのグリーヴ (未鑑定),0,未鑑定,1884.0,NEW_REALM,2026-08-11
セルスのグローブ (鑑定),6,鑑定,3874.76,NEW_REALM,2026-08-11
セルスのネックレス,15,なし,33587.01,NEW_REALM,2026-08-11
セルスのフード (未鑑定),0,未鑑定,2667.43,NEW_REALM,2026-08-11
セルスのフード (鑑定),7,鑑定,3102.32,NEW_REALM,2026-08-11
セルスのブレスレット,0,なし,6280.0,NEW_REALM,2026-08-11
セルスのヘルム (未鑑定),0,未鑑定,1394.16,NEW_REALM,2026-08-11
セルスのヘルム (鑑定),0,鑑定,3097.61,NEW_REALM,2026-08-11
セルスのヘルム (鑑定),5,鑑定,15712.56,NEW_REALM,2026-08-11
セルスのヘルム (鑑定),7,鑑定,2356.57,NEW_REALM,2026-08-11
セルスのベスト (未鑑定),0,未鑑定,3846.5,NEW_REALM,2026-08-11
セルスのベスト (鑑定),6,鑑定,2983.0,NEW_REALM,2026-08-11
セルスのリング,0,なし,4239.0,NEW_REALM,2026-08-11
セルスのレガース (未鑑定),0,未鑑定,1012.65,NEW_REALM,2026-08-11
セルスのレガース (鑑定),0,鑑定,1031.49,NEW_REALM,2026-08-11
セルスのレガース (鑑定),6,鑑定,2121.07,NEW_REALM,2026-08-11
セルスのレガース (鑑定),8,鑑定,6460.55,NEW_REALM,2026-08-11
セルスのローブ (未鑑定),0,未鑑定,4697.4400000000005,NEW_REALM,2026-08-11
セルスのローブ (鑑定),5,鑑定,3925.0,NEW_REALM,2026-08-11
セルスの布ズボン (未鑑定),0,未鑑定,1570.0,NEW_REALM,2026-08-11
セルスの布ズボン (鑑定),0,鑑定,2981.43,NEW_REALM,2026-08-11
セルスの布ズボン (鑑定),6,鑑定,2515.14,NEW_REALM,2026-08-11
セルスの布ズボン (鑑定),8,鑑定,3925.0,NEW_REALM,2026-08-11
セルスの帽子 (鑑定),6,鑑定,2983.0,NEW_REALM,2026-08-11
セルスの帽子 (鑑定),7,鑑定,2747.5,NEW_REALM,2026-08-11
セルスの弓 (未鑑定),0,未鑑定,77526.6,NEW_REALM,2026-08-11
セルスの戦闘マント (未鑑定),0,未鑑定,5179.43,NEW_REALM,2026-08-11
セルスの手甲 (未鑑定),0,未鑑定,1097.43,NEW_REALM,2026-08-11
セルスの手甲 (鑑定),0,鑑定,942.0,NEW_REALM,2026-08-11
セルスの手甲 (鑑定),6,鑑定,785.0,NEW_REALM,2026-08-11
セルスの手甲 (鑑定),8,鑑定,14915.0,NEW_REALM,2026-08-11
セルスの短靴 (未鑑定),0,未鑑定,5024.0,NEW_REALM,2026-08-11
セルスの短靴 (鑑定),6,鑑定,5166.87,NEW_REALM,2026-08-11
セルスの精霊マント (未鑑定),0,未鑑定,7850.0,NEW_REALM,2026-08-11
セルスの精霊マント (鑑定),3,鑑定,3454.0,NEW_REALM,2026-08-11
セルスの長靴 (未鑑定),0,未鑑定,1177.5,NEW_REALM,2026-08-11
セルスの長靴 (鑑定),0,鑑定,2791.46,NEW_REALM,2026-08-11
セルスの長靴 (鑑定),5,鑑定,1224.6,NEW_REALM,2026-08-11
セルスの長靴 (鑑定),6,鑑定,1394.16,NEW_REALM,2026-08-11
セルスの長靴 (鑑定),7,鑑定,5633.160000000001,NEW_REALM,2026-08-11
セルスの革ズボン (鑑定),7,鑑定,4769.66,NEW_REALM,2026-08-11
セルビスのイヤリング,0,なし,233.93,NEW_REALM,2026-08-11
セルビスのイヤリング,17,なし,1413.0,NEW_REALM,2026-08-11
セルビスのイヤリング,18,なし,2665.86,NEW_REALM,2026-08-11
セルビスのガントレット (未鑑定),0,未鑑定,45.53,NEW_REALM,2026-08-11
セルビスのガントレット (鑑定),0,鑑定,47.1,NEW_REALM,2026-08-11
セルビスのガントレット (鑑定),5,鑑定,153.86,NEW_REALM,2026-08-11
セルビスのガントレット (鑑定),8,鑑定,783.4300000000001,NEW_REALM,2026-08-11
セルビスのクロスボウ (鑑定),6,鑑定,783.4300000000001,NEW_REALM,2026-08-11
セルビスのグリーヴ (未鑑定),0,未鑑定,78.5,NEW_REALM,2026-08-11
セルビスのグリーヴ (鑑定),0,鑑定,47.1,NEW_REALM,2026-08-11
セルビスのグリーヴ (鑑定),6,鑑定,1276.41,NEW_REALM,2026-08-11
セルビスのグリーヴ (鑑定),7,鑑定,39.25,NEW_REALM,2026-08-11
セルビスのグリーヴ (鑑定),8,鑑定,785.0,NEW_REALM,2026-08-11
セルビスのグローブ (未鑑定),0,未鑑定,76.92999999999999,NEW_REALM,2026-08-11
セルビスのグローブ (鑑定),0,鑑定,20.41,NEW_REALM,2026-08-11
セルビスのグローブ (鑑定),5,鑑定,125.6,NEW_REALM,2026-08-11
セルビスのサイド (未鑑定),0,未鑑定,1882.43,NEW_REALM,2026-08-11
セルビスのサイド (鑑定),0,鑑定,5942.45,NEW_REALM,2026-08-11
セルビスのサイド (鑑定),8,鑑定,3614.14,NEW_REALM,2026-08-11
セルビスのネックレス,0,なし,1256.0,NEW_REALM,2026-08-11
セルビスのネックレス,14,なし,3871.62,NEW_REALM,2026-08-11
セルビスのネックレス,20,なし,14130.0,NEW_REALM,2026-08-11
セルビスのフード (鑑定),0,鑑定,61.23,NEW_REALM,2026-08-11
セルビスのフード (鑑定),5,鑑定,471.0,NEW_REALM,2026-08-11
セルビスのブレスレット,18,なし,2325.17,NEW_REALM,2026-08-11
セルビスのヘルム (未鑑定),0,未鑑定,28.26,NEW_REALM,2026-08-11
セルビスのヘルム (鑑定),0,鑑定,21.98,NEW_REALM,2026-08-11
セルビスのヘルム (鑑定),5,鑑定,45.53,NEW_REALM,2026-08-11
セルビスのヘルム (鑑定),6,鑑定,39.25,NEW_REALM,2026-08-11
セルビスのヘルム (鑑定),8,鑑定,387.79,NEW_REALM,2026-08-11
セルビスのヘルム (鑑定),9,鑑定,1099.0,NEW_REALM,2026-08-11
セルビスのベスト (鑑定),0,鑑定,54.95,NEW_REALM,2026-08-11
セルビスのベスト (鑑定),6,鑑定,84.78,NEW_REALM,2026-08-11
セルビスのベルト,5,なし,471.0,NEW_REALM,2026-08-11
セルビスのリング,0,なし,675.1,NEW_REALM,2026-08-11
セルビスのレガース (未鑑定),0,未鑑定,157.0,NEW_REALM,2026-08-11
セルビスのレガース (鑑定),6,鑑定,180.55,NEW_REALM,2026-08-11
セルビスのローブ (未鑑定),0,未鑑定,36.11,NEW_REALM,2026-08-11
セルビスのローブ (鑑定),0,鑑定,34.54,NEW_REALM,2026-08-11
セルビスのローブ (鑑定),5,鑑定,36.11,NEW_REALM,2026-08-11
セルビスのローブ (鑑定),6,鑑定,39.25,NEW_REALM,2026-08-11
セルビスの剣/盾 (未鑑定),0,未鑑定,1727.0,NEW_REALM,2026-08-11
セルビスの勇猛マント (未鑑定),0,未鑑定,273.18,NEW_REALM,2026-08-11
セルビスの勇猛マント (鑑定),0,鑑定,722.1999999999999,NEW_REALM,2026-08-11
セルビスの勇猛マント (鑑定),1,鑑定,719.0600000000001,NEW_REALM,2026-08-11
セルビスの大剣 (未鑑定),0,未鑑定,628.0,NEW_REALM,2026-08-11
セルビスの大剣 (鑑定),7,鑑定,1807.07,NEW_REALM,2026-08-11
セルビスの布ズボン (未鑑定),0,未鑑定,67.51,NEW_REALM,2026-08-11
セルビスの布ズボン (鑑定),0,鑑定,345.40000000000003,NEW_REALM,2026-08-11
セルビスの布ズボン (鑑定),5,鑑定,361.1,NEW_REALM,2026-08-11
セルビスの布ズボン (鑑定),7,鑑定,1570.0,NEW_REALM,2026-08-11
セルビスの帽子 (未鑑定),0,未鑑定,32.97,NEW_REALM,2026-08-11
セルビスの帽子 (鑑定),0,鑑定,28.26,NEW_REALM,2026-08-11
セルビスの帽子 (鑑定),5,鑑定,47.1,NEW_REALM,2026-08-11
セルビスの帽子 (鑑定),6,鑑定,31.4,NEW_REALM,2026-08-11
セルビスの帽子 (鑑定),8,鑑定,775.58,NEW_REALM,2026-08-11
セルビスの弓 (未鑑定),0,未鑑定,1292.11,NEW_REALM,2026-08-11
セルビスの戦闘マント (未鑑定),0,未鑑定,467.86,NEW_REALM,2026-08-11
セルビスの戦闘マント (鑑定),3,鑑定,1570.0,NEW_REALM,2026-08-11
セルビスの戦闘盾 (鑑定),9,鑑定,2909.21,NEW_REALM,2026-08-11
セルビスの手甲 (未鑑定),0,未鑑定,125.6,NEW_REALM,2026-08-11
セルビスの杖 (未鑑定),0,未鑑定,1413.0,NEW_REALM,2026-08-11
セルビスの杖 (鑑定),10,鑑定,1518.19,NEW_REALM,2026-08-11
セルビスの杖 (鑑定),9,鑑定,1413.0,NEW_REALM,2026-08-11
セルビスの短剣 (未鑑定),0,未鑑定,942.0,NEW_REALM,2026-08-11
セルビスの短剣 (鑑定),0,鑑定,1937.38,NEW_REALM,2026-08-11
セルビスの短剣 (鑑定),12,鑑定,18524.43,NEW_REALM,2026-08-11
セルビスの短剣 (鑑定),7,鑑定,785.0,NEW_REALM,2026-08-11
セルビスの短剣 (鑑定),8,鑑定,2669.0,NEW_REALM,2026-08-11
セルビスの短靴 (鑑定),0,鑑定,47.1,NEW_REALM,2026-08-11
セルビスの短靴 (鑑定),5,鑑定,45.53,NEW_REALM,2026-08-11
セルビスの破壊マント (未鑑定),0,未鑑定,314.0,NEW_REALM,2026-08-11
セルビスの破壊マント (鑑定),0,鑑定,3925.0,NEW_REALM,2026-08-11
セルビスの籠手 (未鑑定),0,未鑑定,769.3000000000001,NEW_REALM,2026-08-11
セルビスの籠手 (鑑定),0,鑑定,314.0,NEW_REALM,2026-08-11
セルビスの籠手 (鑑定),7,鑑定,549.5,NEW_REALM,2026-08-11
セルビスの精霊マント (未鑑定),0,未鑑定,232.36,NEW_REALM,2026-08-11
セルビスの精霊マント (鑑定),0,鑑定,329.7,NEW_REALM,2026-08-11
セルビスの精霊マント (鑑定),1,鑑定,314.0,NEW_REALM,2026-08-11
セルビスの精霊マント (鑑定),2,鑑定,1146.1,NEW_REALM,2026-08-11
セルビスの精霊マント (鑑定),3,鑑定,783.4300000000001,NEW_REALM,2026-08-11
セルビスの鎧 (未鑑定),0,未鑑定,42.39,NEW_REALM,2026-08-11
セルビスの鎧 (鑑定),0,鑑定,31.4,NEW_REALM,2026-08-11
セルビスの鎧 (鑑定),10,鑑定,471.0,NEW_REALM,2026-08-11
セルビスの鎧 (鑑定),5,鑑定,98.91,NEW_REALM,2026-08-11
セルビスの長靴 (未鑑定),0,未鑑定,39.25,NEW_REALM,2026-08-11
セルビスの長靴 (鑑定),0,鑑定,42.39,NEW_REALM,2026-08-11
セルビスの長靴 (鑑定),5,鑑定,122.46,NEW_REALM,2026-08-11
セルビスの長靴 (鑑定),6,鑑定,469.43,NEW_REALM,2026-08-11
セルビスの長靴 (鑑定),8,鑑定,471.0,NEW_REALM,2026-08-11
セルビスの長靴 (鑑定),9,鑑定,1106.85,NEW_REALM,2026-08-11
セルビスの革ズボン (未鑑定),0,未鑑定,141.3,NEW_REALM,2026-08-11
セルビスの革ズボン (鑑定),0,鑑定,64.36999999999999,NEW_REALM,2026-08-11
セルビスの革ズボン (鑑定),5,鑑定,78.5,NEW_REALM,2026-08-11
テレノスの大剣 (未鑑定),0,未鑑定,785000.0,NEW_REALM,2026-08-11
テレノスの布ズボン (未鑑定),0,未鑑定,78500.0,NEW_REALM,2026-08-11
デルフォンのサドル,0,なし,3108.6,NEW_REALM,2026-08-11
ドラカスのサドル,0,なし,463.15,NEW_REALM,2026-08-11
ペルノクスのイヤリング,0,なし,3122.73,NEW_REALM,2026-08-11
ペルノクスのガントレット (未鑑定),0,未鑑定,3766.43,NEW_REALM,2026-08-11
ペルノクスのグリーヴ (未鑑定),0,未鑑定,13343.429999999998,NEW_REALM,2026-08-11
ペルノクスのグローブ (未鑑定),0,未鑑定,3925.0,NEW_REALM,2026-08-11
ペルノクスのグローブ (鑑定),0,鑑定,3298.57,NEW_REALM,2026-08-11
ペルノクスのヘルム (未鑑定),0,未鑑定,1491.5,NEW_REALM,2026-08-11
ペルノクスのレガース (未鑑定),0,未鑑定,1103.71,NEW_REALM,2026-08-11
ペルノクスのレガース (鑑定),8,鑑定,22022.390000000003,NEW_REALM,2026-08-11
ペルノクスのローブ (鑑定),5,鑑定,3140.0,NEW_REALM,2026-08-11
ペルノクスの布ズボン (未鑑定),0,未鑑定,6751.0,NEW_REALM,2026-08-11
ペルノクスの帽子 (未鑑定),0,未鑑定,3764.86,NEW_REALM,2026-08-11
ペルノクスの戦闘マント (未鑑定),0,未鑑定,7850.0,NEW_REALM,2026-08-11
ペルノクスの手甲 (未鑑定),0,未鑑定,2198.0,NEW_REALM,2026-08-11
ペルノクスの破壊マント (未鑑定),0,未鑑定,5650.43,NEW_REALM,2026-08-11
ペルノクスの精霊マント (未鑑定),0,未鑑定,5181.0,NEW_REALM,2026-08-11
ペルノクスの鎧 (未鑑定),0,未鑑定,4396.0,NEW_REALM,2026-08-11
ペルノクスの鎧 (鑑定),6,鑑定,5498.14,NEW_REALM,2026-08-11
ペルノクスの革ズボン (未鑑定),0,未鑑定,3124.3,NEW_REALM,2026-08-11
ペルノクスの革ズボン (鑑定),0,鑑定,3140.0,NEW_REALM,2026-08-11
ラバトニスのサドル,0,なし,1256.0,NEW_REALM,2026-08-11
ラベスのサドル,0,なし,2989.28,NEW_REALM,2026-08-11
ランフォンのサドル,0,なし,934.15,NEW_REALM,2026-08-11
リバティのサドル,0,なし,736.33,NEW_REALM,2026-08-11
レア装飾品強化箱(100個),0,なし,64.36999999999999,NEW_REALM,2026-08-11
ロディのサドル,0,なし,2818.15,NEW_REALM,2026-08-11
光の戦闘馬のサドル,0,なし,70.65,NEW_REALM,2026-08-11
剣と盾：機会捕捉,0,なし,51.81,NEW_REALM,2026-08-11
剣と盾：防御修練,0,なし,293.59000000000003,NEW_REALM,2026-08-11
大剣：極限の力,0,なし,69.08,NEW_REALM,2026-08-11
大剣：狂戦士の誇り,0,なし,7065.0,NEW_REALM,2026-08-11
大剣：鋭い剣,0,なし,15.7,NEW_REALM,2026-08-11
弓：品質の良い矢,0,なし,21.98,NEW_REALM,2026-08-11
弓：完璧な狙撃手,0,なし,14601.0,NEW_REALM,2026-08-11
弓：標的照準,0,なし,73.78999999999999,NEW_REALM,2026-08-11
戦棒：均衡,0,なし,15.7,NEW_REALM,2026-08-11
戦棒：軽やかな身のこなし,0,なし,50.24,NEW_REALM,2026-08-11
戦闘盾：光の守護者,0,なし,4863.86,NEW_REALM,2026-08-11
戦闘盾：堅固な鎧,0,なし,61.23,NEW_REALM,2026-08-11
戦闘盾：忍耐力,0,なし,243.35,NEW_REALM,2026-08-11
手懐けられたモネタ狼のサドル,0,なし,25.12,NEW_REALM,2026-08-11
杖：元素覚醒,0,なし,14130.0,NEW_REALM,2026-08-11
杖：魔力無視,0,なし,15.7,NEW_REALM,2026-08-11
杖：黒オール,0,なし,18.84,NEW_REALM,2026-08-11
武装したバイランの軍馬のサドル,0,なし,114.61,NEW_REALM,2026-08-11
流浪狼のサドル,0,なし,15.7,NEW_REALM,2026-08-11
灰色の夜明けのガントレット (未鑑定),0,未鑑定,61.23,NEW_REALM,2026-08-11
灰色の夜明けのガントレット (鑑定),0,鑑定,28.26,NEW_REALM,2026-08-11
灰色の夜明けのガントレット (鑑定),4,鑑定,157.0,NEW_REALM,2026-08-11
灰色の夜明けのガントレット (鑑定),5,鑑定,125.6,NEW_REALM,2026-08-11
灰色の夜明けのガントレット (鑑定),6,鑑定,257.48,NEW_REALM,2026-08-11
灰色の夜明けのガントレット (鑑定),7,鑑定,314.0,NEW_REALM,2026-08-11
灰色の夜明けのガントレット (鑑定),8,鑑定,235.5,NEW_REALM,2026-08-11
灰色の夜明けのクロスボウ (鑑定),0,鑑定,785.0,NEW_REALM,2026-08-11
灰色の夜明けのクロスボウ (鑑定),10,鑑定,4692.7300000000005,NEW_REALM,2026-08-11
灰色の夜明けのクロスボウ (鑑定),7,鑑定,1990.76,NEW_REALM,2026-08-11
灰色の夜明けのクロスボウ (鑑定),8,鑑定,1518.19,NEW_REALM,2026-08-11
灰色の夜明けのグリーヴ (未鑑定),0,未鑑定,64.36999999999999,NEW_REALM,2026-08-11
灰色の夜明けのグリーヴ (鑑定),0,鑑定,153.86,NEW_REALM,2026-08-11
灰色の夜明けのグリーヴ (鑑定),5,鑑定,72.22,NEW_REALM,2026-08-11
灰色の夜明けのグリーヴ (鑑定),6,鑑定,73.78999999999999,NEW_REALM,2026-08-11
灰色の夜明けのグローブ (未鑑定),0,未鑑定,469.43,NEW_REALM,2026-08-11
灰色の夜明けのグローブ (鑑定),0,鑑定,78.5,NEW_REALM,2026-08-11
灰色の夜明けのグローブ (鑑定),5,鑑定,136.59,NEW_REALM,2026-08-11
灰色の夜明けのサイド (未鑑定),0,未鑑定,2345.58,NEW_REALM,2026-08-11
灰色の夜明けのサイド (鑑定),0,鑑定,6096.31,NEW_REALM,2026-08-11
灰色の夜明けのサイド (鑑定),10,鑑定,8784.15,NEW_REALM,2026-08-11
灰色の夜明けのサイド (鑑定),8,鑑定,10352.58,NEW_REALM,2026-08-11
灰色の夜明けのネックレス,0,なし,1549.59,NEW_REALM,2026-08-11
灰色の夜明けのネックレス,20,なし,10988.429999999998,NEW_REALM,2026-08-11
灰色の夜明けのフード (鑑定),0,鑑定,75.36,NEW_REALM,2026-08-11
灰色の夜明けのフード (鑑定),5,鑑定,235.5,NEW_REALM,2026-08-11
灰色の夜明けのフード (鑑定),6,鑑定,204.1,NEW_REALM,2026-08-11
灰色の夜明けのフード (鑑定),8,鑑定,282.6,NEW_REALM,2026-08-11
灰色の夜明けのブレスレット,0,なし,471.0,NEW_REALM,2026-08-11
灰色の夜明けのヘルム (未鑑定),0,未鑑定,73.78999999999999,NEW_REALM,2026-08-11
灰色の夜明けのヘルム (鑑定),0,鑑定,78.5,NEW_REALM,2026-08-11
灰色の夜明けのヘルム (鑑定),4,鑑定,471.0,NEW_REALM,2026-08-11
灰色の夜明けのヘルム (鑑定),5,鑑定,257.48,NEW_REALM,2026-08-11
灰色の夜明けのヘルム (鑑定),9,鑑定,659.4,NEW_REALM,2026-08-11
灰色の夜明けのベスト (未鑑定),0,未鑑定,312.43,NEW_REALM,2026-08-11
灰色の夜明けのベスト (鑑定),0,鑑定,78.5,NEW_REALM,2026-08-11
灰色の夜明けのベスト (鑑定),5,鑑定,345.40000000000003,NEW_REALM,2026-08-11
灰色の夜明けのベスト (鑑定),6,鑑定,157.0,NEW_REALM,2026-08-11
灰色の夜明けのベスト (鑑定),8,鑑定,628.0,NEW_REALM,2026-08-11
灰色の夜明けのベルト,15,なし,1020.5,NEW_REALM,2026-08-11
灰色の夜明けのリング,0,なし,390.93,NEW_REALM,2026-08-11
灰色の夜明けのリング,20,なし,10986.86,NEW_REALM,2026-08-11
灰色の夜明けのレガース (未鑑定),0,未鑑定,48.67,NEW_REALM,2026-08-11
灰色の夜明けのレガース (鑑定),0,鑑定,50.24,NEW_REALM,2026-08-11
灰色の夜明けのレガース (鑑定),5,鑑定,155.43,NEW_REALM,2026-08-11
灰色の夜明けのレガース (鑑定),6,鑑定,157.0,NEW_REALM,2026-08-11
灰色の夜明けのレガース (鑑定),8,鑑定,392.5,NEW_REALM,2026-08-11
灰色の夜明けのローブ (鑑定),0,鑑定,89.49,NEW_REALM,2026-08-11
灰色の夜明けのローブ (鑑定),5,鑑定,62.8,NEW_REALM,2026-08-11
灰色の夜明けのローブ (鑑定),8,鑑定,480.42,NEW_REALM,2026-08-11
灰色の夜明けの剣/盾 (未鑑定),0,未鑑定,2045.71,NEW_REALM,2026-08-11
灰色の夜明けの剣/盾 (鑑定),8,鑑定,7033.599999999999,NEW_REALM,2026-08-11
灰色の夜明けの剣/盾 (鑑定),9,鑑定,8321.0,NEW_REALM,2026-08-11
灰色の夜明けの勇猛マント (未鑑定),0,未鑑定,392.5,NEW_REALM,2026-08-11
灰色の夜明けの勇猛マント (鑑定),0,鑑定,871.35,NEW_REALM,2026-08-11
灰色の夜明けの大剣 (未鑑定),0,未鑑定,902.75,NEW_REALM,2026-08-11
灰色の夜明けの大剣 (鑑定),7,鑑定,670.39,NEW_REALM,2026-08-11
灰色の夜明けの大剣 (鑑定),8,鑑定,6276.86,NEW_REALM,2026-08-11
灰色の夜明けの布ズボン (未鑑定),0,未鑑定,36.11,NEW_REALM,2026-08-11
灰色の夜明けの布ズボン (鑑定),0,鑑定,109.9,NEW_REALM,2026-08-11
灰色の夜明けの布ズボン (鑑定),5,鑑定,91.06,NEW_REALM,2026-08-11
灰色の夜明けの布ズボン (鑑定),6,鑑定,78.5,NEW_REALM,2026-08-11
灰色の夜明けの布ズボン (鑑定),8,鑑定,902.75,NEW_REALM,2026-08-11
灰色の夜明けの帽子 (未鑑定),0,未鑑定,26.69,NEW_REALM,2026-08-11
灰色の夜明けの帽子 (鑑定),0,鑑定,28.26,NEW_REALM,2026-08-11
灰色の夜明けの帽子 (鑑定),6,鑑定,130.31,NEW_REALM,2026-08-11
灰色の夜明けの帽子 (鑑定),8,鑑定,720.63,NEW_REALM,2026-08-11
灰色の夜明けの弓 (未鑑定),0,未鑑定,1727.0,NEW_REALM,2026-08-11
灰色の夜明けの弓 (鑑定),6,鑑定,2350.29,NEW_REALM,2026-08-11
灰色の夜明けの弓 (鑑定),8,鑑定,4694.3,NEW_REALM,2026-08-11
灰色の夜明けの戦棒 (未鑑定),0,未鑑定,1395.73,NEW_REALM,2026-08-11
灰色の夜明けの戦棒 (鑑定),0,鑑定,3925.0,NEW_REALM,2026-08-11
灰色の夜明けの戦棒 (鑑定),10,鑑定,14915.0,NEW_REALM,2026-08-11
灰色の夜明けの戦棒 (鑑定),8,鑑定,2355.0,NEW_REALM,2026-08-11
灰色の夜明けの戦闘マント (未鑑定),0,未鑑定,471.0,NEW_REALM,2026-08-11
灰色の夜明けの戦闘マント (鑑定),0,鑑定,361.1,NEW_REALM,2026-08-11
灰色の夜明けの戦闘マント (鑑定),1,鑑定,350.11,NEW_REALM,2026-08-11
灰色の夜明けの戦闘マント (鑑定),2,鑑定,923.16,NEW_REALM,2026-08-11
灰色の夜明けの戦闘マント (鑑定),3,鑑定,642.13,NEW_REALM,2026-08-11
灰色の夜明けの戦闘盾 (未鑑定),0,未鑑定,722.1999999999999,NEW_REALM,2026-08-11
灰色の夜明けの戦闘盾 (鑑定),8,鑑定,1884.0,NEW_REALM,2026-08-11
灰色の夜明けの手甲 (未鑑定),0,未鑑定,21.98,NEW_REALM,2026-08-11
灰色の夜明けの手甲 (鑑定),0,鑑定,28.26,NEW_REALM,2026-08-11
灰色の夜明けの手甲 (鑑定),5,鑑定,155.43,NEW_REALM,2026-08-11
灰色の夜明けの手甲 (鑑定),6,鑑定,314.0,NEW_REALM,2026-08-11
灰色の夜明けの手甲 (鑑定),8,鑑定,405.06,NEW_REALM,2026-08-11
灰色の夜明けの杖 (未鑑定),0,未鑑定,1727.0,NEW_REALM,2026-08-11
灰色の夜明けの杖 (鑑定),0,鑑定,1648.5,NEW_REALM,2026-08-11
灰色の夜明けの杖 (鑑定),6,鑑定,1791.37,NEW_REALM,2026-08-11
灰色の夜明けの杖 (鑑定),8,鑑定,3615.71,NEW_REALM,2026-08-11
灰色の夜明けの短剣 (未鑑定),0,未鑑定,1491.5,NEW_REALM,2026-08-11
灰色の夜明けの短剣 (鑑定),8,鑑定,1884.0,NEW_REALM,2026-08-11
灰色の夜明けの短靴 (未鑑定),0,未鑑定,73.78999999999999,NEW_REALM,2026-08-11
灰色の夜明けの短靴 (鑑定),0,鑑定,54.95,NEW_REALM,2026-08-11
灰色の夜明けの短靴 (鑑定),6,鑑定,392.5,NEW_REALM,2026-08-11
灰色の夜明けの破壊マント (未鑑定),0,未鑑定,314.0,NEW_REALM,2026-08-11
灰色の夜明けの破壊マント (鑑定),0,鑑定,580.9,NEW_REALM,2026-08-11
灰色の夜明けの破壊マント (鑑定),3,鑑定,2356.57,NEW_REALM,2026-08-11
灰色の夜明けの籠手 (未鑑定),0,未鑑定,533.8,NEW_REALM,2026-08-11
灰色の夜明けの籠手 (鑑定),10,鑑定,2033.15,NEW_REALM,2026-08-11
灰色の夜明けの籠手 (鑑定),7,鑑定,628.0,NEW_REALM,2026-08-11
灰色の夜明けの籠手 (鑑定),8,鑑定,626.4300000000001,NEW_REALM,2026-08-11
灰色の夜明けの精霊マント (未鑑定),0,未鑑定,471.0,NEW_REALM,2026-08-11
灰色の夜明けの精霊マント (鑑定),0,鑑定,549.5,NEW_REALM,2026-08-11
灰色の夜明けの精霊マント (鑑定),2,鑑定,1413.0,NEW_REALM,2026-08-11
灰色の夜明けの鎧 (未鑑定),0,未鑑定,40.82,NEW_REALM,2026-08-11
灰色の夜明けの鎧 (鑑定),0,鑑定,17.27,NEW_REALM,2026-08-11
灰色の夜明けの鎧 (鑑定),10,鑑定,715.92,NEW_REALM,2026-08-11
灰色の夜明けの鎧 (鑑定),7,鑑定,259.05,NEW_REALM,2026-08-11
灰色の夜明けの鎧 (鑑定),8,鑑定,516.53,NEW_REALM,2026-08-11
灰色の夜明けの鎧 (鑑定),9,鑑定,392.5,NEW_REALM,2026-08-11
灰色の夜明けの長靴 (未鑑定),0,未鑑定,28.26,NEW_REALM,2026-08-11
灰色の夜明けの長靴 (鑑定),0,鑑定,86.35000000000001,NEW_REALM,2026-08-11
灰色の夜明けの長靴 (鑑定),5,鑑定,124.03,NEW_REALM,2026-08-11
灰色の夜明けの長靴 (鑑定),8,鑑定,321.85,NEW_REALM,2026-08-11
灰色の夜明けの革ズボン (未鑑定),0,未鑑定,42.39,NEW_REALM,2026-08-11
灰色の夜明けの革ズボン (鑑定),0,鑑定,18.84,NEW_REALM,2026-08-11
灰色の夜明けの革ズボン (鑑定),4,鑑定,667.25,NEW_REALM,2026-08-11
灰色の夜明けの革ズボン (鑑定),6,鑑定,439.6,NEW_REALM,2026-08-11
白い戦闘馬のサドル,0,なし,31.4,NEW_REALM,2026-08-11
短剣：再整備,0,なし,8635.0,NEW_REALM,2026-08-11
短剣：暗殺者の印,0,なし,76.92999999999999,NEW_REALM,2026-08-11
短剣：素早さ,0,なし,15.7,NEW_REALM,2026-08-11
荒ぶる戦闘狼のサドル,0,なし,29.83,NEW_REALM,2026-08-11
青い戦闘馬のサドル,0,なし,84.78,NEW_REALM,2026-08-11
魔法使いの駿馬のサドル,0,なし,62.8,NEW_REALM,2026-08-11
黒い戦闘馬のサドル,0,なし,43.96,NEW_REALM,2026-08-11
黒棘のイヤリング,0,なし,1256.0,NEW_REALM,2026-08-11
黒棘のガントレット (未鑑定),0,未鑑定,54.95,NEW_REALM,2026-08-11
黒棘のガントレット (鑑定),0,鑑定,75.36,NEW_REALM,2026-08-11
黒棘のガントレット (鑑定),8,鑑定,1398.87,NEW_REALM,2026-08-11
黒棘のグリーヴ (未鑑定),0,未鑑定,109.9,NEW_REALM,2026-08-11
黒棘のグリーヴ (鑑定),8,鑑定,843.09,NEW_REALM,2026-08-11
黒棘のグローブ (鑑定),0,鑑定,314.0,NEW_REALM,2026-08-11
黒棘のグローブ (鑑定),6,鑑定,392.5,NEW_REALM,2026-08-11
黒棘のグローブ (鑑定),7,鑑定,390.93,NEW_REALM,2026-08-11
黒棘のサイド (未鑑定),0,未鑑定,6594.0,NEW_REALM,2026-08-11
黒棘のサイド (鑑定),10,鑑定,12560.0,NEW_REALM,2026-08-11
黒棘のフード (未鑑定),0,未鑑定,54.95,NEW_REALM,2026-08-11
黒棘のフード (鑑定),0,鑑定,51.81,NEW_REALM,2026-08-11
黒棘のフード (鑑定),5,鑑定,180.55,NEW_REALM,2026-08-11
黒棘のフード (鑑定),7,鑑定,1034.63,NEW_REALM,2026-08-11
黒棘のフード (鑑定),8,鑑定,392.5,NEW_REALM,2026-08-11
黒棘のブレスレット,0,なし,314.0,NEW_REALM,2026-08-11
黒棘のブレスレット,20,なし,10990.0,NEW_REALM,2026-08-11
黒棘のヘルム (未鑑定),0,未鑑定,43.96,NEW_REALM,2026-08-11
黒棘のヘルム (鑑定),0,鑑定,43.96,NEW_REALM,2026-08-11
黒棘のヘルム (鑑定),6,鑑定,175.84,NEW_REALM,2026-08-11
黒棘のヘルム (鑑定),7,鑑定,265.33,NEW_REALM,2026-08-11
黒棘のヘルム (鑑定),8,鑑定,628.0,NEW_REALM,2026-08-11
黒棘のヘルム (鑑定),9,鑑定,785.0,NEW_REALM,2026-08-11
黒棘のベスト (未鑑定),0,未鑑定,455.3,NEW_REALM,2026-08-11
黒棘のベスト (鑑定),9,鑑定,1413.0,NEW_REALM,2026-08-11
黒棘のベルト,0,なし,395.64,NEW_REALM,2026-08-11
黒棘のベルト,10,なし,549.5,NEW_REALM,2026-08-11
黒棘のベルト,13,なし,1570.0,NEW_REALM,2026-08-11
黒棘のリング,0,なし,547.9300000000001,NEW_REALM,2026-08-11
黒棘のリング,13,なし,1083.3,NEW_REALM,2026-08-11
黒棘のリング,15,なし,1727.0,NEW_REALM,2026-08-11
黒棘のレガース (未鑑定),0,未鑑定,78.5,NEW_REALM,2026-08-11
黒棘のレガース (鑑定),0,鑑定,51.81,NEW_REALM,2026-08-11
黒棘のレガース (鑑定),8,鑑定,549.5,NEW_REALM,2026-08-11
黒棘の勇猛マント (未鑑定),0,未鑑定,438.03,NEW_REALM,2026-08-11
黒棘の勇猛マント (鑑定),5,鑑定,1884.0,NEW_REALM,2026-08-11
黒棘の大剣 (未鑑定),0,未鑑定,1566.86,NEW_REALM,2026-08-11
黒棘の布ズボン (鑑定),0,鑑定,62.8,NEW_REALM,2026-08-11
黒棘の布ズボン (鑑定),8,鑑定,2355.0,NEW_REALM,2026-08-11
黒棘の帽子 (未鑑定),0,未鑑定,59.66,NEW_REALM,2026-08-11
黒棘の帽子 (鑑定),0,鑑定,92.63,NEW_REALM,2026-08-11
黒棘の帽子 (鑑定),5,鑑定,251.2,NEW_REALM,2026-08-11
黒棘の帽子 (鑑定),6,鑑定,232.36,NEW_REALM,2026-08-11
黒棘の弓 (未鑑定),0,未鑑定,4631.5,NEW_REALM,2026-08-11
黒棘の弓 (鑑定),0,鑑定,7693.0,NEW_REALM,2026-08-11
黒棘の戦棒 (未鑑定),0,未鑑定,5181.0,NEW_REALM,2026-08-11
黒棘の戦闘マント (未鑑定),0,未鑑定,483.56,NEW_REALM,2026-08-11
黒棘の戦闘盾 (未鑑定),0,未鑑定,1711.3,NEW_REALM,2026-08-11
黒棘の戦闘盾 (鑑定),8,鑑定,2826.0,NEW_REALM,2026-08-11
黒棘の手甲 (未鑑定),0,未鑑定,81.64,NEW_REALM,2026-08-11
黒棘の手甲 (鑑定),0,鑑定,314.0,NEW_REALM,2026-08-11
黒棘の杖 (鑑定),10,鑑定,9734.0,NEW_REALM,2026-08-11
黒棘の短剣 (未鑑定),0,未鑑定,2983.0,NEW_REALM,2026-08-11
黒棘の短靴 (未鑑定),0,未鑑定,103.62,NEW_REALM,2026-08-11
黒棘の破壊マント (未鑑定),0,未鑑定,392.5,NEW_REALM,2026-08-11
黒棘の破壊マント (鑑定),2,鑑定,2355.0,NEW_REALM,2026-08-11
黒棘の籠手 (未鑑定),0,未鑑定,471.0,NEW_REALM,2026-08-11
黒棘の籠手 (鑑定),10,鑑定,3138.43,NEW_REALM,2026-08-11
黒棘の精霊マント (未鑑定),0,未鑑定,361.1,NEW_REALM,2026-08-11
黒棘の精霊マント (鑑定),0,鑑定,392.5,NEW_REALM,2026-08-11
黒棘の精霊マント (鑑定),1,鑑定,657.83,NEW_REALM,2026-08-11
黒棘の鎧 (未鑑定),0,未鑑定,124.03,NEW_REALM,2026-08-11
黒棘の鎧 (鑑定),0,鑑定,62.8,NEW_REALM,2026-08-11
黒棘の鎧 (鑑定),6,鑑定,61.23,NEW_REALM,2026-08-11
黒棘の長靴 (未鑑定),0,未鑑定,43.96,NEW_REALM,2026-08-11
黒棘の長靴 (鑑定),0,鑑定,157.0,NEW_REALM,2026-08-11
黒棘の長靴 (鑑定),6,鑑定,628.0,NEW_REALM,2026-08-11
黒棘の革ズボン (未鑑定),0,未鑑定,72.22,NEW_REALM,2026-08-11
黒棘の革ズボン (鑑定),0,鑑定,314.0,NEW_REALM,2026-08-11
黒棘の革ズボン (鑑定),5,鑑定,312.43,NEW_REALM,2026-08-11
黒棘の革ズボン (鑑定),9,鑑定,2355.0,NEW_REALM,2026-08-11
1段階10番培養細胞ボックス(10個),0,なし,973.4,OLD_REALM,2026-08-11
1段階10番培養細胞箱(10個),0,なし,15.7,OLD_REALM,2026-08-11
1段階11番培養細胞箱(10個),0,なし,15.7,OLD_REALM,2026-08-11
1段階12番培養細胞箱(10個),0,なし,15.7,OLD_REALM,2026-08-11
1段階13番培養細胞箱(10個),0,なし,108.33,OLD_REALM,2026-08-11
1段階14番培養細胞箱(10個),0,なし,499.2600000000001,OLD_REALM,2026-08-11
1段階15番培養細胞箱(10個),0,なし,2510.43,OLD_REALM,2026-08-11
1段階16番培養細胞箱(5個),0,なし,4706.86,OLD_REALM,2026-08-11
1段階1番培養細胞ボックス(10個),0,なし,15.7,OLD_REALM,2026-08-11
1段階1番培養細胞箱(10個),0,なし,15.7,OLD_REALM,2026-08-11
1段階2番培養細胞箱(10個),0,なし,15.7,OLD_REALM,2026-08-11
1段階3番培養細胞箱(10個),0,なし,15.7,OLD_REALM,2026-08-11
1段階4番培養細胞箱(10個),0,なし,15.7,OLD_REALM,2026-08-11
1段階5番培養細胞箱(10個),0,なし,15.7,OLD_REALM,2026-08-11
1段階6番培養細胞箱(10個),0,なし,15.7,OLD_REALM,2026-08-11
1段階7番培養細胞ボックス(10個),0,なし,389.36,OLD_REALM,2026-08-11
1段階7番培養細胞箱(10個),0,なし,15.7,OLD_REALM,2026-08-11
1段階8番培養細胞箱(10個),0,なし,15.7,OLD_REALM,2026-08-11
1段階9番培養細胞箱(10個),0,なし,15.7,OLD_REALM,2026-08-11
1段階エピック装飾品強化箱(10個),0,なし,25.12,OLD_REALM,2026-08-11
1段階レジェンド装飾品強化箱(10個),0,なし,205.67,OLD_REALM,2026-08-11
"1段階時の欠片箱(1,000個)",0,なし,15.7,OLD_REALM,2026-08-11
"1段階没落の残滓(100,000個)",0,なし,23.55,OLD_REALM,2026-08-11
1段階錬金術触媒箱(100個),0,なし,15.7,OLD_REALM,2026-08-11
1段階黒オール箱(100個),0,なし,15.7,OLD_REALM,2026-08-11
2段階10番培養細胞箱(50個),0,なし,15.7,OLD_REALM,2026-08-11
2段階11番培養細胞箱(50個),0,なし,98.91,OLD_REALM,2026-08-11
2段階12番培養細胞箱(50個),0,なし,105.19,OLD_REALM,2026-08-11
2段階13番培養細胞箱(50個),0,なし,783.4300000000001,OLD_REALM,2026-08-11
2段階14番培養細胞箱(50個),0,なし,3923.43,OLD_REALM,2026-08-11
2段階16番培養細胞箱(10個),0,なし,6908.0,OLD_REALM,2026-08-11
2段階1番培養細胞箱(50個),0,なし,15.7,OLD_REALM,2026-08-11
2段階2番培養細胞箱(50個),0,なし,15.7,OLD_REALM,2026-08-11
2段階3番培養細胞箱(50個),0,なし,15.7,OLD_REALM,2026-08-11
2段階4番培養細胞箱(50個),0,なし,15.7,OLD_REALM,2026-08-11
2段階5番培養細胞箱(50個),0,なし,15.7,OLD_REALM,2026-08-11
2段階6番培養細胞箱(50個),0,なし,15.7,OLD_REALM,2026-08-11
2段階7番培養細胞箱(50個),0,なし,15.7,OLD_REALM,2026-08-11
2段階8番培養細胞箱(50個),0,なし,15.7,OLD_REALM,2026-08-11
2段階9番培養細胞箱(50個),0,なし,15.7,OLD_REALM,2026-08-11
2段階エピック装飾品強化箱(100個),0,なし,392.5,OLD_REALM,2026-08-11
2段階レジェンド装飾品強化箱(100個),0,なし,2188.58,OLD_REALM,2026-08-11
"2段階時の欠片箱(5,000個)",0,なし,42.39,OLD_REALM,2026-08-11
"2段階没落の残滓(500,000個)",0,なし,94.2,OLD_REALM,2026-08-11
2段階錬金術触媒箱(500個),0,なし,40.82,OLD_REALM,2026-08-11
2段階黒オール箱(500個),0,なし,23.55,OLD_REALM,2026-08-11
3段階10番培養細胞箱(100個),0,なし,15.7,OLD_REALM,2026-08-11
3段階11番培養細胞箱(100個),0,なし,244.92,OLD_REALM,2026-08-11
3段階12番培養細胞箱(100個),0,なし,314.0,OLD_REALM,2026-08-11
3段階13番培養細胞箱(100個),0,なし,2198.0,OLD_REALM,2026-08-11
3段階1番培養細胞箱(100個),0,なし,15.7,OLD_REALM,2026-08-11
3段階2番培養細胞箱(100個),0,なし,15.7,OLD_REALM,2026-08-11
3段階3番培養細胞箱(100個),0,なし,15.7,OLD_REALM,2026-08-11
3段階4番培養細胞箱(100個),0,なし,15.7,OLD_REALM,2026-08-11
3段階5番培養細胞箱(100個),0,なし,15.7,OLD_REALM,2026-08-11
3段階6番培養細胞箱(100個),0,なし,15.7,OLD_REALM,2026-08-11
3段階7番培養細胞箱(100個),0,なし,15.7,OLD_REALM,2026-08-11
3段階8番培養細胞箱(100個),0,なし,15.7,OLD_REALM,2026-08-11
3段階9番培養細胞箱(100個),0,なし,15.7,OLD_REALM,2026-08-11
"3段階時の欠片箱(10,000個)",0,なし,86.35000000000001,OLD_REALM,2026-08-11
"3段階没落の残滓(1,000,000個)",0,なし,180.55,OLD_REALM,2026-08-11
"3段階錬金術触媒箱(1,000個)",0,なし,15.7,OLD_REALM,2026-08-11
"3段階黒オール箱(1,000個)",0,なし,54.95,OLD_REALM,2026-08-11
"4段階時の欠片箱(50,000個)",0,なし,464.72,OLD_REALM,2026-08-11
"5段階時の欠片箱(100,000個)",0,なし,1026.78,OLD_REALM,2026-08-11
アイサの勇猛マント (未鑑定),0,未鑑定,153.86,OLD_REALM,2026-08-11
アイサの勇猛マント (鑑定),0,鑑定,640.5600000000001,OLD_REALM,2026-08-11
アイサの勇猛マント (鑑定),4,鑑定,767.7299999999999,OLD_REALM,2026-08-11
アイサの勇猛マント (鑑定),5,鑑定,5173.150000000001,OLD_REALM,2026-08-11
アイサの戦闘マント (未鑑定),0,未鑑定,94.2,OLD_REALM,2026-08-11
アイサの戦闘マント (鑑定),0,鑑定,157.0,OLD_REALM,2026-08-11
アイサの戦闘マント (鑑定),3,鑑定,279.46,OLD_REALM,2026-08-11
アイサの戦闘マント (鑑定),5,鑑定,775.58,OLD_REALM,2026-08-11
アイサの破壊マント (鑑定),2,鑑定,309.29,OLD_REALM,2026-08-11
アイサの破壊マント (鑑定),5,鑑定,2588.93,OLD_REALM,2026-08-11
アイサの破壊マント (鑑定),6,鑑定,5176.29,OLD_REALM,2026-08-11
アイサの籠手 (未鑑定),0,未鑑定,208.81,OLD_REALM,2026-08-11
アイサの籠手 (鑑定),0,鑑定,188.4,OLD_REALM,2026-08-11
アイサの籠手 (鑑定),10,鑑定,1727.0,OLD_REALM,2026-08-11
アイサの籠手 (鑑定),12,鑑定,3486.9700000000003,OLD_REALM,2026-08-11
アイサの籠手 (鑑定),7,鑑定,186.83,OLD_REALM,2026-08-11
アイサの籠手 (鑑定),8,鑑定,505.54,OLD_REALM,2026-08-11
アイサの精霊マント (未鑑定),0,未鑑定,51.81,OLD_REALM,2026-08-11
アイサの精霊マント (鑑定),3,鑑定,766.16,OLD_REALM,2026-08-11
アイサの精霊マント (鑑定),5,鑑定,533.8,OLD_REALM,2026-08-11
アイサの精霊マント (鑑定),6,鑑定,1570.0,OLD_REALM,2026-08-11
アイサガントレット (未鑑定),0,未鑑定,51.81,OLD_REALM,2026-08-11
アイサガントレット (鑑定),5,鑑定,178.98,OLD_REALM,2026-08-11
アイサガントレット (鑑定),6,鑑定,290.45,OLD_REALM,2026-08-11
アイサガントレット (鑑定),8,鑑定,1097.43,OLD_REALM,2026-08-11
アイサクロスボウ (未鑑定),0,未鑑定,777.15,OLD_REALM,2026-08-11
アイサクロスボウ (鑑定),0,鑑定,985.96,OLD_REALM,2026-08-11
アイサクロスボウ (鑑定),10,鑑定,3615.71,OLD_REALM,2026-08-11
アイサクロスボウ (鑑定),8,鑑定,785.0,OLD_REALM,2026-08-11
アイサグリーヴ (未鑑定),0,未鑑定,15.7,OLD_REALM,2026-08-11
アイサグリーヴ (鑑定),0,鑑定,216.66,OLD_REALM,2026-08-11
アイサグリーヴ (鑑定),5,鑑定,157.0,OLD_REALM,2026-08-11
アイサグリーヴ (鑑定),6,鑑定,216.66,OLD_REALM,2026-08-11
アイサグリーヴ (鑑定),7,鑑定,307.72,OLD_REALM,2026-08-11
アイサグリーヴ (鑑定),8,鑑定,471.0,OLD_REALM,2026-08-11
アイサグローブ (未鑑定),0,未鑑定,15.7,OLD_REALM,2026-08-11
アイサグローブ (鑑定),0,鑑定,47.1,OLD_REALM,2026-08-11
アイサグローブ (鑑定),4,鑑定,157.0,OLD_REALM,2026-08-11
アイサグローブ (鑑定),6,鑑定,180.55,OLD_REALM,2026-08-11
アイサグローブ (鑑定),7,鑑定,157.0,OLD_REALM,2026-08-11
アイサグローブ (鑑定),8,鑑定,244.92,OLD_REALM,2026-08-11
アイササイド (未鑑定),0,未鑑定,2351.86,OLD_REALM,2026-08-11
アイササイド (鑑定),0,鑑定,8281.75,OLD_REALM,2026-08-11
アイササイド (鑑定),10,鑑定,6594.0,OLD_REALM,2026-08-11
アイササイド (鑑定),7,鑑定,1161.8,OLD_REALM,2026-08-11
アイササイド (鑑定),8,鑑定,4678.6,OLD_REALM,2026-08-11
アイサフード (未鑑定),0,未鑑定,28.26,OLD_REALM,2026-08-11
アイサフード (鑑定),5,鑑定,73.78999999999999,OLD_REALM,2026-08-11
アイサフード (鑑定),6,鑑定,102.05,OLD_REALM,2026-08-11
アイサフード (鑑定),7,鑑定,516.53,OLD_REALM,2026-08-11
アイサヘルム (未鑑定),0,未鑑定,15.7,OLD_REALM,2026-08-11
アイサヘルム (鑑定),0,鑑定,76.92999999999999,OLD_REALM,2026-08-11
アイサヘルム (鑑定),5,鑑定,25.12,OLD_REALM,2026-08-11
アイサヘルム (鑑定),6,鑑定,31.4,OLD_REALM,2026-08-11
アイサヘルム (鑑定),7,鑑定,307.72,OLD_REALM,2026-08-11
アイサヘルム (鑑定),8,鑑定,471.0,OLD_REALM,2026-08-11
アイサベスト (未鑑定),0,未鑑定,114.61,OLD_REALM,2026-08-11
アイサベスト (鑑定),0,鑑定,277.89,OLD_REALM,2026-08-11
アイサベスト (鑑定),6,鑑定,219.8,OLD_REALM,2026-08-11
アイサベスト (鑑定),7,鑑定,357.96,OLD_REALM,2026-08-11
アイサベスト (鑑定),8,鑑定,1097.43,OLD_REALM,2026-08-11
アイサレガース (未鑑定),0,未鑑定,29.83,OLD_REALM,2026-08-11
アイサレガース (鑑定),0,鑑定,155.43,OLD_REALM,2026-08-11
アイサレガース (鑑定),5,鑑定,157.0,OLD_REALM,2026-08-11
アイサレガース (鑑定),6,鑑定,153.86,OLD_REALM,2026-08-11
アイサレガース (鑑定),7,鑑定,188.4,OLD_REALM,2026-08-11
アイサレガース (鑑定),8,鑑定,353.25,OLD_REALM,2026-08-11
アイサレガース (鑑定),9,鑑定,576.1899999999999,OLD_REALM,2026-08-11
アイサローブ (未鑑定),0,未鑑定,32.97,OLD_REALM,2026-08-11
アイサローブ (鑑定),0,鑑定,36.11,OLD_REALM,2026-08-11
アイサローブ (鑑定),5,鑑定,62.8,OLD_REALM,2026-08-11
アイサローブ (鑑定),6,鑑定,157.0,OLD_REALM,2026-08-11
アイサローブ (鑑定),7,鑑定,510.25,OLD_REALM,2026-08-11
アイサローブ (鑑定),8,鑑定,471.0,OLD_REALM,2026-08-11
アイサローブ (鑑定),9,鑑定,1094.29,OLD_REALM,2026-08-11
アイサ剣/盾 (未鑑定),0,未鑑定,667.25,OLD_REALM,2026-08-11
アイサ剣/盾 (鑑定),0,鑑定,722.1999999999999,OLD_REALM,2026-08-11
アイサ剣/盾 (鑑定),10,鑑定,2865.25,OLD_REALM,2026-08-11
アイサ剣/盾 (鑑定),12,鑑定,18369.0,OLD_REALM,2026-08-11
アイサ剣/盾 (鑑定),7,鑑定,1256.0,OLD_REALM,2026-08-11
アイサ剣/盾 (鑑定),8,鑑定,1570.0,OLD_REALM,2026-08-11
アイサ剣/盾 (鑑定),9,鑑定,2119.5,OLD_REALM,2026-08-11
アイサ大剣 (未鑑定),0,未鑑定,560.49,OLD_REALM,2026-08-11
アイサ大剣 (鑑定),0,鑑定,463.15,OLD_REALM,2026-08-11
アイサ大剣 (鑑定),10,鑑定,3097.61,OLD_REALM,2026-08-11
アイサ大剣 (鑑定),8,鑑定,1380.03,OLD_REALM,2026-08-11
アイサ布ズボン (未鑑定),0,未鑑定,39.25,OLD_REALM,2026-08-11
アイサ布ズボン (鑑定),0,鑑定,94.2,OLD_REALM,2026-08-11
アイサ布ズボン (鑑定),4,鑑定,193.11,OLD_REALM,2026-08-11
アイサ布ズボン (鑑定),6,鑑定,133.45,OLD_REALM,2026-08-11
アイサ布ズボン (鑑定),7,鑑定,235.5,OLD_REALM,2026-08-11
アイサ布ズボン (鑑定),8,鑑定,626.4300000000001,OLD_REALM,2026-08-11
アイサ帽子 (未鑑定),0,未鑑定,29.83,OLD_REALM,2026-08-11
アイサ帽子 (鑑定),0,鑑定,51.81,OLD_REALM,2026-08-11
アイサ帽子 (鑑定),5,鑑定,51.81,OLD_REALM,2026-08-11
アイサ帽子 (鑑定),6,鑑定,51.81,OLD_REALM,2026-08-11
アイサ帽子 (鑑定),7,鑑定,157.0,OLD_REALM,2026-08-11
アイサ帽子 (鑑定),8,鑑定,392.5,OLD_REALM,2026-08-11
アイサ弓 (未鑑定),0,未鑑定,1092.72,OLD_REALM,2026-08-11
アイサ弓 (鑑定),10,鑑定,2983.0,OLD_REALM,2026-08-11
アイサ弓 (鑑定),7,鑑定,1475.8,OLD_REALM,2026-08-11
アイサ弓 (鑑定),8,鑑定,1570.0,OLD_REALM,2026-08-11
アイサ戦棒 (未鑑定),0,未鑑定,1036.2,OLD_REALM,2026-08-11
アイサ戦棒 (鑑定),0,鑑定,1099.0,OLD_REALM,2026-08-11
アイサ戦棒 (鑑定),10,鑑定,7642.76,OLD_REALM,2026-08-11
アイサ戦棒 (鑑定),7,鑑定,2355.0,OLD_REALM,2026-08-11
アイサ戦棒 (鑑定),8,鑑定,1099.0,OLD_REALM,2026-08-11
アイサ戦闘盾 (未鑑定),0,未鑑定,384.65,OLD_REALM,2026-08-11
アイサ戦闘盾 (鑑定),0,鑑定,463.15,OLD_REALM,2026-08-11
アイサ戦闘盾 (鑑定),10,鑑定,1860.45,OLD_REALM,2026-08-11
アイサ戦闘盾 (鑑定),12,鑑定,16824.12,OLD_REALM,2026-08-11
アイサ戦闘盾 (鑑定),7,鑑定,2100.6600000000003,OLD_REALM,2026-08-11
アイサ手甲 (未鑑定),0,未鑑定,15.7,OLD_REALM,2026-08-11
アイサ手甲 (鑑定),0,鑑定,51.81,OLD_REALM,2026-08-11
アイサ手甲 (鑑定),10,鑑定,384.65,OLD_REALM,2026-08-11
アイサ手甲 (鑑定),5,鑑定,47.1,OLD_REALM,2026-08-11
アイサ手甲 (鑑定),6,鑑定,130.31,OLD_REALM,2026-08-11
アイサ手甲 (鑑定),7,鑑定,243.35,OLD_REALM,2026-08-11
アイサ手甲 (鑑定),8,鑑定,266.9,OLD_REALM,2026-08-11
アイサ杖 (未鑑定),0,未鑑定,565.2,OLD_REALM,2026-08-11
アイサ杖 (鑑定),0,鑑定,785.0,OLD_REALM,2026-08-11
アイサ杖 (鑑定),10,鑑定,3359.8,OLD_REALM,2026-08-11
アイサ杖 (鑑定),11,鑑定,5495.0,OLD_REALM,2026-08-11
アイサ杖 (鑑定),7,鑑定,1293.68,OLD_REALM,2026-08-11
アイサ杖 (鑑定),8,鑑定,1223.03,OLD_REALM,2026-08-11
アイサ短剣 (未鑑定),0,未鑑定,940.43,OLD_REALM,2026-08-11
アイサ短剣 (鑑定),10,鑑定,4553.0,OLD_REALM,2026-08-11
アイサ短剣 (鑑定),8,鑑定,2066.12,OLD_REALM,2026-08-11
アイサ短靴 (未鑑定),0,未鑑定,15.7,OLD_REALM,2026-08-11
アイサ短靴 (鑑定),0,鑑定,29.83,OLD_REALM,2026-08-11
アイサ短靴 (鑑定),5,鑑定,21.98,OLD_REALM,2026-08-11
アイサ短靴 (鑑定),6,鑑定,109.9,OLD_REALM,2026-08-11
アイサ短靴 (鑑定),7,鑑定,296.73,OLD_REALM,2026-08-11
アイサ短靴 (鑑定),8,鑑定,467.86,OLD_REALM,2026-08-11
アイサ鎧 (未鑑定),0,未鑑定,86.35000000000001,OLD_REALM,2026-08-11
アイサ鎧 (鑑定),6,鑑定,281.03000000000003,OLD_REALM,2026-08-11
アイサ鎧 (鑑定),9,鑑定,5495.0,OLD_REALM,2026-08-11
アイサ長靴 (未鑑定),0,未鑑定,15.7,OLD_REALM,2026-08-11
アイサ長靴 (鑑定),0,鑑定,25.12,OLD_REALM,2026-08-11
アイサ長靴 (鑑定),10,鑑定,1444.4,OLD_REALM,2026-08-11
アイサ長靴 (鑑定),5,鑑定,15.7,OLD_REALM,2026-08-11
アイサ長靴 (鑑定),6,鑑定,47.1,OLD_REALM,2026-08-11
アイサ長靴 (鑑定),7,鑑定,218.23,OLD_REALM,2026-08-11
アイサ長靴 (鑑定),8,鑑定,309.29,OLD_REALM,2026-08-11
アイサ長靴 (鑑定),9,鑑定,706.5,OLD_REALM,2026-08-11
アイサ革ズボン (未鑑定),0,未鑑定,15.7,OLD_REALM,2026-08-11
アイサ革ズボン (鑑定),0,鑑定,18.84,OLD_REALM,2026-08-11
アイサ革ズボン (鑑定),10,鑑定,464.72,OLD_REALM,2026-08-11
アイサ革ズボン (鑑定),5,鑑定,15.7,OLD_REALM,2026-08-11
アイサ革ズボン (鑑定),6,鑑定,39.25,OLD_REALM,2026-08-11
アイサ革ズボン (鑑定),7,鑑定,205.67,OLD_REALM,2026-08-11
アイサ革ズボン (鑑定),8,鑑定,785.0,OLD_REALM,2026-08-11
アザム・ヒサンのイヤリング,0,なし,379.94,OLD_REALM,2026-08-11
アザム・ヒサンのガントレット (未鑑定),0,未鑑定,15.7,OLD_REALM,2026-08-11
アザム・ヒサンのガントレット (鑑定),0,鑑定,78.5,OLD_REALM,2026-08-11
アザム・ヒサンのガントレット (鑑定),5,鑑定,47.1,OLD_REALM,2026-08-11
アザム・ヒサンのガントレット (鑑定),6,鑑定,255.91,OLD_REALM,2026-08-11
アザム・ヒサンのガントレット (鑑定),7,鑑定,141.3,OLD_REALM,2026-08-11
アザム・ヒサンのガントレット (鑑定),8,鑑定,285.74,OLD_REALM,2026-08-11
アザム・ヒサンのガントレット (鑑定),9,鑑定,455.3,OLD_REALM,2026-08-11
アザム・ヒサンのクロスボウ (未鑑定),0,未鑑定,83.21000000000001,OLD_REALM,2026-08-11
アザム・ヒサンのクロスボウ (鑑定),0,鑑定,64.36999999999999,OLD_REALM,2026-08-11
アザム・ヒサンのクロスボウ (鑑定),10,鑑定,467.86,OLD_REALM,2026-08-11
アザム・ヒサンのクロスボウ (鑑定),11,鑑定,1033.06,OLD_REALM,2026-08-11
アザム・ヒサンのクロスボウ (鑑定),12,鑑定,2127.35,OLD_REALM,2026-08-11
アザム・ヒサンのクロスボウ (鑑定),13,鑑定,15700.0,OLD_REALM,2026-08-11
アザム・ヒサンのクロスボウ (鑑定),7,鑑定,91.06,OLD_REALM,2026-08-11
アザム・ヒサンのクロスボウ (鑑定),8,鑑定,141.3,OLD_REALM,2026-08-11
アザム・ヒサンのクロスボウ (鑑定),9,鑑定,376.8,OLD_REALM,2026-08-11
アザム・ヒサンのグリーヴ (未鑑定),0,未鑑定,15.7,OLD_REALM,2026-08-11
アザム・ヒサンのグリーヴ (鑑定),0,鑑定,15.7,OLD_REALM,2026-08-11
アザム・ヒサンのグリーヴ (鑑定),10,鑑定,219.8,OLD_REALM,2026-08-11
アザム・ヒサンのグリーヴ (鑑定),11,鑑定,471.0,OLD_REALM,2026-08-11
アザム・ヒサンのグリーヴ (鑑定),5,鑑定,15.7,OLD_REALM,2026-08-11
アザム・ヒサンのグリーヴ (鑑定),6,鑑定,23.55,OLD_REALM,2026-08-11
アザム・ヒサンのグリーヴ (鑑定),7,鑑定,83.21000000000001,OLD_REALM,2026-08-11
アザム・ヒサンのグリーヴ (鑑定),8,鑑定,125.6,OLD_REALM,2026-08-11
アザム・ヒサンのグリーヴ (鑑定),9,鑑定,439.6,OLD_REALM,2026-08-11
アザム・ヒサンのグローブ (未鑑定),0,未鑑定,15.7,OLD_REALM,2026-08-11
アザム・ヒサンのグローブ (鑑定),0,鑑定,15.7,OLD_REALM,2026-08-11
アザム・ヒサンのグローブ (鑑定),10,鑑定,257.48,OLD_REALM,2026-08-11
アザム・ヒサンのグローブ (鑑定),11,鑑定,846.2299999999999,OLD_REALM,2026-08-11
アザム・ヒサンのグローブ (鑑定),12,鑑定,1413.0,OLD_REALM,2026-08-11
アザム・ヒサンのグローブ (鑑定),5,鑑定,15.7,OLD_REALM,2026-08-11
アザム・ヒサンのグローブ (鑑定),6,鑑定,102.05,OLD_REALM,2026-08-11
アザム・ヒサンのグローブ (鑑定),7,鑑定,76.92999999999999,OLD_REALM,2026-08-11
アザム・ヒサンのグローブ (鑑定),8,鑑定,141.3,OLD_REALM,2026-08-11
アザム・ヒサンのグローブ (鑑定),9,鑑定,257.48,OLD_REALM,2026-08-11
アザム・ヒサンのサイド (未鑑定),0,未鑑定,430.18,OLD_REALM,2026-08-11
アザム・ヒサンのサイド (鑑定),0,鑑定,475.71,OLD_REALM,2026-08-11
アザム・ヒサンのサイド (鑑定),10,鑑定,1885.57,OLD_REALM,2026-08-11
アザム・ヒサンのサイド (鑑定),12,鑑定,6408.74,OLD_REALM,2026-08-11
アザム・ヒサンのサイド (鑑定),6,鑑定,1405.15,OLD_REALM,2026-08-11
アザム・ヒサンのサイド (鑑定),7,鑑定,478.85,OLD_REALM,2026-08-11
アザム・ヒサンのサイド (鑑定),8,鑑定,1285.83,OLD_REALM,2026-08-11
アザム・ヒサンのサイド (鑑定),9,鑑定,1288.97,OLD_REALM,2026-08-11
アザム・ヒサンのフード (未鑑定),0,未鑑定,15.7,OLD_REALM,2026-08-11
アザム・ヒサンのフード (鑑定),0,鑑定,15.7,OLD_REALM,2026-08-11
アザム・ヒサンのフード (鑑定),10,鑑定,211.95,OLD_REALM,2026-08-11
アザム・ヒサンのフード (鑑定),11,鑑定,1827.48,OLD_REALM,2026-08-11
アザム・ヒサンのフード (鑑定),12,鑑定,2355.0,OLD_REALM,2026-08-11
アザム・ヒサンのフード (鑑定),4,鑑定,15.7,OLD_REALM,2026-08-11
アザム・ヒサンのフード (鑑定),5,鑑定,15.7,OLD_REALM,2026-08-11
アザム・ヒサンのフード (鑑定),6,鑑定,15.7,OLD_REALM,2026-08-11
アザム・ヒサンのフード (鑑定),7,鑑定,62.8,OLD_REALM,2026-08-11
アザム・ヒサンのフード (鑑定),8,鑑定,65.94,OLD_REALM,2026-08-11
アザム・ヒサンのフード (鑑定),9,鑑定,172.70000000000002,OLD_REALM,2026-08-11
アザム・ヒサンのブレスレット,0,なし,324.98999999999995,OLD_REALM,2026-08-11
アザム・ヒサンのヘルム (未鑑定),0,未鑑定,15.7,OLD_REALM,2026-08-11
アザム・ヒサンのヘルム (鑑定),0,鑑定,15.7,OLD_REALM,2026-08-11
アザム・ヒサンのヘルム (鑑定),10,鑑定,314.0,OLD_REALM,2026-08-11
アザム・ヒサンのヘルム (鑑定),11,鑑定,723.7700000000001,OLD_REALM,2026-08-11
アザム・ヒサンのヘルム (鑑定),5,鑑定,15.7,OLD_REALM,2026-08-11
アザム・ヒサンのヘルム (鑑定),6,鑑定,15.7,OLD_REALM,2026-08-11
アザム・ヒサンのヘルム (鑑定),7,鑑定,157.0,OLD_REALM,2026-08-11
アザム・ヒサンのヘルム (鑑定),8,鑑定,92.63,OLD_REALM,2026-08-11
アザム・ヒサンのベスト (未鑑定),0,未鑑定,15.7,OLD_REALM,2026-08-11
アザム・ヒサンのベスト (鑑定),0,鑑定,15.7,OLD_REALM,2026-08-11
アザム・ヒサンのベスト (鑑定),10,鑑定,323.42,OLD_REALM,2026-08-11
アザム・ヒサンのベスト (鑑定),11,鑑定,502.4,OLD_REALM,2026-08-11
アザム・ヒサンのベスト (鑑定),4,鑑定,15.7,OLD_REALM,2026-08-11
アザム・ヒサンのベスト (鑑定),5,鑑定,15.7,OLD_REALM,2026-08-11
アザム・ヒサンのベスト (鑑定),6,鑑定,31.4,OLD_REALM,2026-08-11
アザム・ヒサンのベスト (鑑定),7,鑑定,117.75,OLD_REALM,2026-08-11
アザム・ヒサンのベスト (鑑定),8,鑑定,135.02,OLD_REALM,2026-08-11
アザム・ヒサンのベスト (鑑定),9,鑑定,455.3,OLD_REALM,2026-08-11
アザム・ヒサンのベルト,0,なし,42.39,OLD_REALM,2026-08-11
アザム・ヒサンのベルト,13,なし,194.68,OLD_REALM,2026-08-11
アザム・ヒサンのベルト,14,なし,458.44,OLD_REALM,2026-08-11
アザム・ヒサンのベルト,15,なし,188.4,OLD_REALM,2026-08-11
アザム・ヒサンのリング,0,なし,434.89,OLD_REALM,2026-08-11
アザム・ヒサンのリング,12,なし,610.73,OLD_REALM,2026-08-11
アザム・ヒサンのリング,16,なし,628.0,OLD_REALM,2026-08-11
アザム・ヒサンのレガース (未鑑定),0,未鑑定,20.41,OLD_REALM,2026-08-11
アザム・ヒサンのレガース (鑑定),0,鑑定,62.8,OLD_REALM,2026-08-11
アザム・ヒサンのレガース (鑑定),5,鑑定,15.7,OLD_REALM,2026-08-11
アザム・ヒサンのレガース (鑑定),6,鑑定,62.8,OLD_REALM,2026-08-11
アザム・ヒサンのレガース (鑑定),7,鑑定,317.14,OLD_REALM,2026-08-11
アザム・ヒサンのレガース (鑑定),8,鑑定,392.5,OLD_REALM,2026-08-11
アザム・ヒサンのレガース (鑑定),9,鑑定,1413.0,OLD_REALM,2026-08-11
アザム・ヒサンのローブ (未鑑定),0,未鑑定,15.7,OLD_REALM,2026-08-11
アザム・ヒサンのローブ (鑑定),0,鑑定,15.7,OLD_REALM,2026-08-11
アザム・ヒサンのローブ (鑑定),10,鑑定,354.82,OLD_REALM,2026-08-11
アザム・ヒサンのローブ (鑑定),11,鑑定,514.9599999999999,OLD_REALM,2026-08-11
アザム・ヒサンのローブ (鑑定),12,鑑定,2565.38,OLD_REALM,2026-08-11
アザム・ヒサンのローブ (鑑定),4,鑑定,15.7,OLD_REALM,2026-08-11
アザム・ヒサンのローブ (鑑定),5,鑑定,15.7,OLD_REALM,2026-08-11
アザム・ヒサンのローブ (鑑定),6,鑑定,37.68,OLD_REALM,2026-08-11
アザム・ヒサンのローブ (鑑定),7,鑑定,158.57,OLD_REALM,2026-08-11
アザム・ヒサンのローブ (鑑定),8,鑑定,157.0,OLD_REALM,2026-08-11
アザム・ヒサンのローブ (鑑定),9,鑑定,306.15,OLD_REALM,2026-08-11
アザム・ヒサンの剣/盾 (未鑑定),0,未鑑定,78.5,OLD_REALM,2026-08-11
アザム・ヒサンの剣/盾 (鑑定),0,鑑定,91.06,OLD_REALM,2026-08-11
アザム・ヒサンの剣/盾 (鑑定),10,鑑定,626.4300000000001,OLD_REALM,2026-08-11
アザム・ヒサンの剣/盾 (鑑定),11,鑑定,891.76,OLD_REALM,2026-08-11
アザム・ヒサンの剣/盾 (鑑定),12,鑑定,2339.3,OLD_REALM,2026-08-11
アザム・ヒサンの剣/盾 (鑑定),13,鑑定,4647.2,OLD_REALM,2026-08-11
アザム・ヒサンの剣/盾 (鑑定),7,鑑定,155.43,OLD_REALM,2026-08-11
アザム・ヒサンの剣/盾 (鑑定),8,鑑定,204.1,OLD_REALM,2026-08-11
アザム・ヒサンの剣/盾 (鑑定),9,鑑定,471.0,OLD_REALM,2026-08-11
アザム・ヒサンの勇猛マント (未鑑定),0,未鑑定,31.4,OLD_REALM,2026-08-11
アザム・ヒサンの勇猛マント (鑑定),2,鑑定,461.58,OLD_REALM,2026-08-11
アザム・ヒサンの勇猛マント (鑑定),5,鑑定,1570.0,OLD_REALM,2026-08-11
アザム・ヒサンの大剣 (未鑑定),0,未鑑定,102.05,OLD_REALM,2026-08-11
アザム・ヒサンの大剣 (鑑定),0,鑑定,108.33,OLD_REALM,2026-08-11
アザム・ヒサンの大剣 (鑑定),10,鑑定,942.0,OLD_REALM,2026-08-11
アザム・ヒサンの大剣 (鑑定),11,鑑定,1937.38,OLD_REALM,2026-08-11
アザム・ヒサンの大剣 (鑑定),12,鑑定,3626.7,OLD_REALM,2026-08-11
アザム・ヒサンの大剣 (鑑定),7,鑑定,314.0,OLD_REALM,2026-08-11
アザム・ヒサンの大剣 (鑑定),8,鑑定,774.01,OLD_REALM,2026-08-11
アザム・ヒサンの大剣 (鑑定),9,鑑定,314.0,OLD_REALM,2026-08-11
アザム・ヒサンの布ズボン (未鑑定),0,未鑑定,15.7,OLD_REALM,2026-08-11
アザム・ヒサンの布ズボン (鑑定),0,鑑定,15.7,OLD_REALM,2026-08-11
アザム・ヒサンの布ズボン (鑑定),10,鑑定,207.24,OLD_REALM,2026-08-11
アザム・ヒサンの布ズボン (鑑定),4,鑑定,15.7,OLD_REALM,2026-08-11
アザム・ヒサンの布ズボン (鑑定),5,鑑定,15.7,OLD_REALM,2026-08-11
アザム・ヒサンの布ズボン (鑑定),6,鑑定,47.1,OLD_REALM,2026-08-11
アザム・ヒサンの布ズボン (鑑定),7,鑑定,78.5,OLD_REALM,2026-08-11
アザム・ヒサンの布ズボン (鑑定),8,鑑定,94.2,OLD_REALM,2026-08-11
アザム・ヒサンの布ズボン (鑑定),9,鑑定,298.3,OLD_REALM,2026-08-11
アザム・ヒサンの帽子 (未鑑定),0,未鑑定,15.7,OLD_REALM,2026-08-11
アザム・ヒサンの帽子 (鑑定),0,鑑定,15.7,OLD_REALM,2026-08-11
アザム・ヒサンの帽子 (鑑定),10,鑑定,266.9,OLD_REALM,2026-08-11
アザム・ヒサンの帽子 (鑑定),4,鑑定,15.7,OLD_REALM,2026-08-11
アザム・ヒサンの帽子 (鑑定),5,鑑定,15.7,OLD_REALM,2026-08-11
アザム・ヒサンの帽子 (鑑定),6,鑑定,18.84,OLD_REALM,2026-08-11
アザム・ヒサンの帽子 (鑑定),7,鑑定,67.51,OLD_REALM,2026-08-11
アザム・ヒサンの帽子 (鑑定),8,鑑定,70.65,OLD_REALM,2026-08-11
アザム・ヒサンの帽子 (鑑定),9,鑑定,345.40000000000003,OLD_REALM,2026-08-11
アザム・ヒサンの弓 (未鑑定),0,未鑑定,188.4,OLD_REALM,2026-08-11
アザム・ヒサンの弓 (鑑定),0,鑑定,204.1,OLD_REALM,2026-08-11
アザム・ヒサンの弓 (鑑定),10,鑑定,511.82,OLD_REALM,2026-08-11
アザム・ヒサンの弓 (鑑定),11,鑑定,1538.6,OLD_REALM,2026-08-11
アザム・ヒサンの弓 (鑑定),12,鑑定,3928.14,OLD_REALM,2026-08-11
アザム・ヒサンの弓 (鑑定),7,鑑定,157.0,OLD_REALM,2026-08-11
アザム・ヒサンの弓 (鑑定),8,鑑定,392.5,OLD_REALM,2026-08-11
アザム・ヒサンの弓 (鑑定),9,鑑定,533.8,OLD_REALM,2026-08-11
アザム・ヒサンの戦棒 (未鑑定),0,未鑑定,174.27,OLD_REALM,2026-08-11
アザム・ヒサンの戦棒 (鑑定),0,鑑定,219.8,OLD_REALM,2026-08-11
アザム・ヒサンの戦棒 (鑑定),10,鑑定,942.0,OLD_REALM,2026-08-11
アザム・ヒサンの戦棒 (鑑定),11,鑑定,1413.0,OLD_REALM,2026-08-11
アザム・ヒサンの戦棒 (鑑定),12,鑑定,4520.03,OLD_REALM,2026-08-11
アザム・ヒサンの戦棒 (鑑定),7,鑑定,298.3,OLD_REALM,2026-08-11
アザム・ヒサンの戦棒 (鑑定),8,鑑定,469.43,OLD_REALM,2026-08-11
アザム・ヒサンの戦闘マント (未鑑定),0,未鑑定,133.45,OLD_REALM,2026-08-11
アザム・ヒサンの戦闘マント (鑑定),0,鑑定,390.93,OLD_REALM,2026-08-11
アザム・ヒサンの戦闘マント (鑑定),3,鑑定,235.5,OLD_REALM,2026-08-11
アザム・ヒサンの戦闘マント (鑑定),5,鑑定,1491.5,OLD_REALM,2026-08-11
アザム・ヒサンの戦闘マント (鑑定),6,鑑定,1177.5,OLD_REALM,2026-08-11
アザム・ヒサンの戦闘盾 (未鑑定),0,未鑑定,64.36999999999999,OLD_REALM,2026-08-11
アザム・ヒサンの戦闘盾 (鑑定),0,鑑定,72.22,OLD_REALM,2026-08-11
アザム・ヒサンの戦闘盾 (鑑定),10,鑑定,628.0,OLD_REALM,2026-08-11
アザム・ヒサンの戦闘盾 (鑑定),11,鑑定,863.5,OLD_REALM,2026-08-11
アザム・ヒサンの戦闘盾 (鑑定),12,鑑定,2585.79,OLD_REALM,2026-08-11
アザム・ヒサンの戦闘盾 (鑑定),13,鑑定,7747.95,OLD_REALM,2026-08-11
アザム・ヒサンの戦闘盾 (鑑定),7,鑑定,62.8,OLD_REALM,2026-08-11
アザム・ヒサンの戦闘盾 (鑑定),8,鑑定,235.5,OLD_REALM,2026-08-11
アザム・ヒサンの戦闘盾 (鑑定),9,鑑定,471.0,OLD_REALM,2026-08-11
アザム・ヒサンの手甲 (未鑑定),0,未鑑定,15.7,OLD_REALM,2026-08-11
アザム・ヒサンの手甲 (鑑定),0,鑑定,15.7,OLD_REALM,2026-08-11
アザム・ヒサンの手甲 (鑑定),10,鑑定,438.03,OLD_REALM,2026-08-11
アザム・ヒサンの手甲 (鑑定),11,鑑定,1177.5,OLD_REALM,2026-08-11
アザム・ヒサンの手甲 (鑑定),12,鑑定,6280.0,OLD_REALM,2026-08-11
アザム・ヒサンの手甲 (鑑定),4,鑑定,15.7,OLD_REALM,2026-08-11
アザム・ヒサンの手甲 (鑑定),5,鑑定,15.7,OLD_REALM,2026-08-11
アザム・ヒサンの手甲 (鑑定),6,鑑定,31.4,OLD_REALM,2026-08-11
アザム・ヒサンの手甲 (鑑定),7,鑑定,120.89,OLD_REALM,2026-08-11
アザム・ヒサンの手甲 (鑑定),8,鑑定,105.19,OLD_REALM,2026-08-11
アザム・ヒサンの手甲 (鑑定),9,鑑定,235.5,OLD_REALM,2026-08-11
アザム・ヒサンの杖 (未鑑定),0,未鑑定,149.15,OLD_REALM,2026-08-11
アザム・ヒサンの杖 (鑑定),0,鑑定,149.15,OLD_REALM,2026-08-11
アザム・ヒサンの杖 (鑑定),10,鑑定,1235.59,OLD_REALM,2026-08-11
アザム・ヒサンの杖 (鑑定),11,鑑定,2041.0,OLD_REALM,2026-08-11
アザム・ヒサンの杖 (鑑定),12,鑑定,1807.07,OLD_REALM,2026-08-11
アザム・ヒサンの杖 (鑑定),7,鑑定,244.92,OLD_REALM,2026-08-11
アザム・ヒサンの杖 (鑑定),8,鑑定,408.2,OLD_REALM,2026-08-11
アザム・ヒサンの杖 (鑑定),9,鑑定,959.27,OLD_REALM,2026-08-11
アザム・ヒサンの短剣 (未鑑定),0,未鑑定,133.45,OLD_REALM,2026-08-11
アザム・ヒサンの短剣 (鑑定),0,鑑定,152.29,OLD_REALM,2026-08-11
アザム・ヒサンの短剣 (鑑定),10,鑑定,628.0,OLD_REALM,2026-08-11
アザム・ヒサンの短剣 (鑑定),11,鑑定,2512.0,OLD_REALM,2026-08-11
アザム・ヒサンの短剣 (鑑定),12,鑑定,2380.12,OLD_REALM,2026-08-11
アザム・ヒサンの短剣 (鑑定),13,鑑定,5966.0,OLD_REALM,2026-08-11
アザム・ヒサンの短剣 (鑑定),6,鑑定,785.0,OLD_REALM,2026-08-11
アザム・ヒサンの短剣 (鑑定),7,鑑定,235.5,OLD_REALM,2026-08-11
アザム・ヒサンの短剣 (鑑定),8,鑑定,376.8,OLD_REALM,2026-08-11
アザム・ヒサンの短剣 (鑑定),9,鑑定,573.05,OLD_REALM,2026-08-11
アザム・ヒサンの短靴 (未鑑定),0,未鑑定,15.7,OLD_REALM,2026-08-11
アザム・ヒサンの短靴 (鑑定),0,鑑定,89.49,OLD_REALM,2026-08-11
アザム・ヒサンの短靴 (鑑定),5,鑑定,189.97,OLD_REALM,2026-08-11
アザム・ヒサンの短靴 (鑑定),6,鑑定,23.55,OLD_REALM,2026-08-11
アザム・ヒサンの短靴 (鑑定),8,鑑定,235.5,OLD_REALM,2026-08-11
アザム・ヒサンの破壊マント (未鑑定),0,未鑑定,56.52,OLD_REALM,2026-08-11
アザム・ヒサンの籠手 (未鑑定),0,未鑑定,64.36999999999999,OLD_REALM,2026-08-11
アザム・ヒサンの籠手 (鑑定),0,鑑定,64.36999999999999,OLD_REALM,2026-08-11
アザム・ヒサンの籠手 (鑑定),10,鑑定,361.1,OLD_REALM,2026-08-11
アザム・ヒサンの籠手 (鑑定),11,鑑定,1256.0,OLD_REALM,2026-08-11
アザム・ヒサンの籠手 (鑑定),12,鑑定,1923.25,OLD_REALM,2026-08-11
アザム・ヒサンの籠手 (鑑定),7,鑑定,65.94,OLD_REALM,2026-08-11
アザム・ヒサンの籠手 (鑑定),8,鑑定,204.1,OLD_REALM,2026-08-11
アザム・ヒサンの籠手 (鑑定),9,鑑定,628.0,OLD_REALM,2026-08-11
アザム・ヒサンの精霊マント (未鑑定),0,未鑑定,157.0,OLD_REALM,2026-08-11
アザム・ヒサンの精霊マント (鑑定),0,鑑定,73.78999999999999,OLD_REALM,2026-08-11
アザム・ヒサンの精霊マント (鑑定),3,鑑定,392.5,OLD_REALM,2026-08-11
アザム・ヒサンの鎧 (未鑑定),0,未鑑定,15.7,OLD_REALM,2026-08-11
アザム・ヒサンの鎧 (鑑定),0,鑑定,15.7,OLD_REALM,2026-08-11
アザム・ヒサンの鎧 (鑑定),11,鑑定,522.8100000000001,OLD_REALM,2026-08-11
アザム・ヒサンの鎧 (鑑定),5,鑑定,15.7,OLD_REALM,2026-08-11
アザム・ヒサンの鎧 (鑑定),6,鑑定,39.25,OLD_REALM,2026-08-11
アザム・ヒサンの鎧 (鑑定),8,鑑定,133.45,OLD_REALM,2026-08-11
アザム・ヒサンの長靴 (未鑑定),0,未鑑定,18.84,OLD_REALM,2026-08-11
アザム・ヒサンの長靴 (鑑定),0,鑑定,15.7,OLD_REALM,2026-08-11
アザム・ヒサンの長靴 (鑑定),11,鑑定,863.5,OLD_REALM,2026-08-11
アザム・ヒサンの長靴 (鑑定),5,鑑定,15.7,OLD_REALM,2026-08-11
アザム・ヒサンの長靴 (鑑定),6,鑑定,17.27,OLD_REALM,2026-08-11
アザム・ヒサンの長靴 (鑑定),8,鑑定,387.79,OLD_REALM,2026-08-11
アザム・ヒサンの長靴 (鑑定),9,鑑定,321.85,OLD_REALM,2026-08-11
アザム・ヒサンの革ズボン (未鑑定),0,未鑑定,15.7,OLD_REALM,2026-08-11
アザム・ヒサンの革ズボン (鑑定),0,鑑定,15.7,OLD_REALM,2026-08-11
アザム・ヒサンの革ズボン (鑑定),10,鑑定,248.06,OLD_REALM,2026-08-11
アザム・ヒサンの革ズボン (鑑定),11,鑑定,1219.89,OLD_REALM,2026-08-11
アザム・ヒサンの革ズボン (鑑定),4,鑑定,15.7,OLD_REALM,2026-08-11
アザム・ヒサンの革ズボン (鑑定),5,鑑定,15.7,OLD_REALM,2026-08-11
アザム・ヒサンの革ズボン (鑑定),6,鑑定,45.53,OLD_REALM,2026-08-11
アザム・ヒサンの革ズボン (鑑定),8,鑑定,133.45,OLD_REALM,2026-08-11
アザム・ヒサンの革ズボン (鑑定),9,鑑定,314.0,OLD_REALM,2026-08-11
アビリティ:カリオンの洞察【呪文】,0,なし,81.64,OLD_REALM,2026-08-11
アビリティ:ギャンブル【補助】,0,なし,6280.0,OLD_REALM,2026-08-11
アビリティ:セクレタの才能【偵察】,0,なし,72.22,OLD_REALM,2026-08-11
アビリティ:テレノスの力【戦闘】,0,なし,58.09,OLD_REALM,2026-08-11
アビリティ:九死一生【技巧】,0,なし,1146.1,OLD_REALM,2026-08-11
アビリティ:必殺の一撃【強化】,0,なし,4392.86,OLD_REALM,2026-08-11
アビリティ:慎重な攻撃【補助】,0,なし,20.41,OLD_REALM,2026-08-11
アビリティ:戦場の叫び【活力】,0,なし,5020.86,OLD_REALM,2026-08-11
アビリティ:持続治癒【補助】,0,なし,2009.6,OLD_REALM,2026-08-11
アビリティ:時間逆行【技巧】,0,なし,4691.16,OLD_REALM,2026-08-11
アビリティ:業火の武器【強化】,0,なし,277.89,OLD_REALM,2026-08-11
アビリティ:武装解除【戦闘】,0,なし,827.39,OLD_REALM,2026-08-11
アビリティ:浄化【技巧】,0,なし,816.4,OLD_REALM,2026-08-11
アビリティ:猛毒発散【偵察】,0,なし,2355.0,OLD_REALM,2026-08-11
アビリティ:睡眠誘導【呪文】,0,なし,94.2,OLD_REALM,2026-08-11
アビリティ:破壊の武器【技巧】,0,なし,211.95,OLD_REALM,2026-08-11
アビリティ:磁場生成【呪文】,0,なし,1094.29,OLD_REALM,2026-08-11
アビリティ:純粋なマナ回復薬【活力】,0,なし,17.27,OLD_REALM,2026-08-11
アビリティ:結界形成【防御】,0,なし,2826.0,OLD_REALM,2026-08-11
アビリティ:解剖学【補助】,0,なし,1727.0,OLD_REALM,2026-08-11
アビリティ:超感覚【偵察】,0,なし,2037.86,OLD_REALM,2026-08-11
アビリティ:追跡【戦闘】,0,なし,1142.96,OLD_REALM,2026-08-11
アビリティ:酷寒の武器【呪文】,0,なし,281.03000000000003,OLD_REALM,2026-08-11
アビリティ:鏡の盾【防御】,0,なし,84.78,OLD_REALM,2026-08-11
アビリティ:雷精霊【強化】,0,なし,838.38,OLD_REALM,2026-08-11
アビリティ：セクレタの才能【偵察】,0,なし,6672.5,OLD_REALM,2026-08-11
アビリティ：テレノスの力【戦闘】,0,なし,172.70000000000002,OLD_REALM,2026-08-11
アビリティ：純粋なマナポーション【活力】,0,なし,47.1,OLD_REALM,2026-08-11
アンコモン装飾品強化箱(100個),0,なし,15.7,OLD_REALM,2026-08-11
アンデミックのサドル,0,なし,460.0100000000001,OLD_REALM,2026-08-11
イニスのイヤリング ,0,なし,1656.35,OLD_REALM,2026-08-11
イニスのイヤリング ,15,なし,3099.18,OLD_REALM,2026-08-11
イニスのイヤリング ,16,なし,3623.56,OLD_REALM,2026-08-11
イニスのイヤリング ,17,なし,6458.9800000000005,OLD_REALM,2026-08-11
イニスのイヤリング ,18,なし,12560.0,OLD_REALM,2026-08-11
イニスのイヤリング ,20,なし,34383.0,OLD_REALM,2026-08-11
イニスのガントレット (未鑑定),0,未鑑定,345.40000000000003,OLD_REALM,2026-08-11
イニスのクロスボウ (鑑定),10,鑑定,58090.0,OLD_REALM,2026-08-11
イニスのグリーヴ (未鑑定),0,未鑑定,471.0,OLD_REALM,2026-08-11
イニスのネックレス ,0,なし,10519.0,OLD_REALM,2026-08-11
イニスのネックレス ,19,なし,43960.0,OLD_REALM,2026-08-11
イニスのフード (鑑定),0,鑑定,1428.7,OLD_REALM,2026-08-11
イニスのブレスレット ,0,なし,1725.43,OLD_REALM,2026-08-11
イニスのブレスレット ,15,なし,4239.0,OLD_REALM,2026-08-11
イニスのブレスレット ,18,なし,12560.0,OLD_REALM,2026-08-11
イニスのヘルム (未鑑定),0,未鑑定,314.0,OLD_REALM,2026-08-11
イニスのヘルム (鑑定),8,鑑定,1742.7,OLD_REALM,2026-08-11
イニスのベスト (鑑定),5,鑑定,753.6,OLD_REALM,2026-08-11
イニスのベルト ,0,なし,1904.41,OLD_REALM,2026-08-11
イニスのベルト ,18,なし,13399.95,OLD_REALM,2026-08-11
イニスのベルト ,20,なし,39093.0,OLD_REALM,2026-08-11
イニスのリング ,0,なし,2574.8,OLD_REALM,2026-08-11
イニスのリング ,12,なし,8635.0,OLD_REALM,2026-08-11
イニスのリング ,16,なし,5168.4400000000005,OLD_REALM,2026-08-11
イニスのリング ,18,なし,13399.95,OLD_REALM,2026-08-11
イニスのリング ,20,なし,47100.0,OLD_REALM,2026-08-11
イニスのリング ,4,なし,2983.0,OLD_REALM,2026-08-11
イニスのレガース (未鑑定),0,未鑑定,624.86,OLD_REALM,2026-08-11
イニスのローブ (鑑定),6,鑑定,1570.0,OLD_REALM,2026-08-11
イニスの剣/盾 (未鑑定),0,未鑑定,26688.43,OLD_REALM,2026-08-11
イニスの勇猛マント (未鑑定),0,未鑑定,4710.0,OLD_REALM,2026-08-11
イニスの勇猛マント (鑑定),4,鑑定,15386.0,OLD_REALM,2026-08-11
イニスの大剣 (鑑定),10,鑑定,50240.0,OLD_REALM,2026-08-11
イニスの布ズボン (鑑定),0,鑑定,306.15,OLD_REALM,2026-08-11
イニスの布ズボン (鑑定),7,鑑定,1538.6,OLD_REALM,2026-08-11
イニスの帽子 (鑑定),0,鑑定,471.0,OLD_REALM,2026-08-11
イニスの帽子 (鑑定),6,鑑定,1428.7,OLD_REALM,2026-08-11
イニスの戦闘マント (未鑑定),0,未鑑定,4710.0,OLD_REALM,2026-08-11
イニスの手甲 (未鑑定),0,未鑑定,657.83,OLD_REALM,2026-08-11
イニスの手甲 (鑑定),6,鑑定,2066.12,OLD_REALM,2026-08-11
イニスの短靴 (未鑑定),0,未鑑定,427.04,OLD_REALM,2026-08-11
イニスの短靴 (鑑定),8,鑑定,4710.0,OLD_REALM,2026-08-11
イニスの鎧 (未鑑定),0,未鑑定,361.1,OLD_REALM,2026-08-11
イニスの長靴 (鑑定),6,鑑定,1256.0,OLD_REALM,2026-08-11
イニスの長靴 (鑑定),8,鑑定,753.6,OLD_REALM,2026-08-11
イリアナの籠手 (鑑定),10,鑑定,14915.0,OLD_REALM,2026-08-11
イリアナの籠手 (鑑定),8,鑑定,4976.9,OLD_REALM,2026-08-11
イリアナガントレット (未鑑定),0,未鑑定,328.13,OLD_REALM,2026-08-11
イリアナガントレット (鑑定),0,鑑定,775.58,OLD_REALM,2026-08-11
イリアナガントレット (鑑定),7,鑑定,1433.41,OLD_REALM,2026-08-11
イリアナクロスボウ (鑑定),10,鑑定,62098.21,OLD_REALM,2026-08-11
イリアナグリーヴ (未鑑定),0,未鑑定,780.29,OLD_REALM,2026-08-11
イリアナグリーヴ (鑑定),0,鑑定,469.43,OLD_REALM,2026-08-11
イリアナグリーヴ (鑑定),7,鑑定,1884.0,OLD_REALM,2026-08-11
イリアナグリーヴ (鑑定),8,鑑定,1673.62,OLD_REALM,2026-08-11
イリアナグローブ (未鑑定),0,未鑑定,516.53,OLD_REALM,2026-08-11
イリアナグローブ (鑑定),0,鑑定,469.43,OLD_REALM,2026-08-11
イリアナグローブ (鑑定),6,鑑定,4710.0,OLD_REALM,2026-08-11
イリアナグローブ (鑑定),7,鑑定,4253.13,OLD_REALM,2026-08-11
イリアナフード (鑑定),0,鑑定,785.0,OLD_REALM,2026-08-11
イリアナフード (鑑定),8,鑑定,2355.0,OLD_REALM,2026-08-11
イリアナヘルム (未鑑定),0,未鑑定,306.15,OLD_REALM,2026-08-11
イリアナヘルム (鑑定),0,鑑定,471.0,OLD_REALM,2026-08-11
イリアナヘルム (鑑定),6,鑑定,628.0,OLD_REALM,2026-08-11
イリアナヘルム (鑑定),8,鑑定,4710.0,OLD_REALM,2026-08-11
イリアナベスト (未鑑定),0,未鑑定,865.0699999999999,OLD_REALM,2026-08-11
イリアナベスト (鑑定),0,鑑定,3140.0,OLD_REALM,2026-08-11
イリアナベスト (鑑定),6,鑑定,6280.0,OLD_REALM,2026-08-11
イリアナベスト (鑑定),8,鑑定,2453.9100000000003,OLD_REALM,2026-08-11
イリアナレガース (未鑑定),0,未鑑定,434.89,OLD_REALM,2026-08-11
イリアナレガース (鑑定),0,鑑定,518.1,OLD_REALM,2026-08-11
イリアナローブ (未鑑定),0,未鑑定,861.9300000000001,OLD_REALM,2026-08-11
イリアナローブ (鑑定),6,鑑定,624.86,OLD_REALM,2026-08-11
イリアナ剣/盾 (未鑑定),0,未鑑定,32970.0,OLD_REALM,2026-08-11
イリアナ剣/盾 (鑑定),10,鑑定,57320.7,OLD_REALM,2026-08-11
イリアナ大剣 (未鑑定),0,未鑑定,23391.43,OLD_REALM,2026-08-11
イリアナ大剣 (鑑定),10,鑑定,24725.93,OLD_REALM,2026-08-11
イリアナ大剣 (鑑定),8,鑑定,15001.35,OLD_REALM,2026-08-11
イリアナ布ズボン (未鑑定),0,未鑑定,596.6,OLD_REALM,2026-08-11
イリアナ布ズボン (鑑定),0,鑑定,153.86,OLD_REALM,2026-08-11
イリアナ布ズボン (鑑定),6,鑑定,5495.0,OLD_REALM,2026-08-11
イリアナ布ズボン (鑑定),7,鑑定,2355.0,OLD_REALM,2026-08-11
イリアナ布ズボン (鑑定),8,鑑定,4945.5,OLD_REALM,2026-08-11
イリアナ布ズボン (鑑定),9,鑑定,5652.0,OLD_REALM,2026-08-11
イリアナ帽子 (未鑑定),0,未鑑定,471.0,OLD_REALM,2026-08-11
イリアナ帽子 (鑑定),0,鑑定,514.9599999999999,OLD_REALM,2026-08-11
イリアナ帽子 (鑑定),7,鑑定,3047.37,OLD_REALM,2026-08-11
イリアナ弓 (鑑定),10,鑑定,73824.54000000001,OLD_REALM,2026-08-11
イリアナ弓 (鑑定),8,鑑定,40944.030000000006,OLD_REALM,2026-08-11
イリアナ弓 (鑑定),9,鑑定,47784.52,OLD_REALM,2026-08-11
イリアナ戦棒 (鑑定),10,鑑定,125600.0,OLD_REALM,2026-08-11
イリアナ戦闘盾 (未鑑定),0,未鑑定,23393.0,OLD_REALM,2026-08-11
イリアナ戦闘盾 (鑑定),8,鑑定,19376.94,OLD_REALM,2026-08-11
イリアナ手甲 (鑑定),10,鑑定,6471.54,OLD_REALM,2026-08-11
イリアナ手甲 (鑑定),5,鑑定,471.0,OLD_REALM,2026-08-11
イリアナ手甲 (鑑定),6,鑑定,392.5,OLD_REALM,2026-08-11
イリアナ手甲 (鑑定),7,鑑定,315.57,OLD_REALM,2026-08-11
イリアナ手甲 (鑑定),8,鑑定,1303.1,OLD_REALM,2026-08-11
イリアナ杖 (鑑定),10,鑑定,60638.11,OLD_REALM,2026-08-11
イリアナ杖 (鑑定),8,鑑定,54948.43,OLD_REALM,2026-08-11
イリアナ短剣 (鑑定),10,鑑定,47797.08,OLD_REALM,2026-08-11
イリアナ短剣 (鑑定),8,鑑定,47100.0,OLD_REALM,2026-08-11
イリアナ短靴 (未鑑定),0,未鑑定,785.0,OLD_REALM,2026-08-11
イリアナ短靴 (鑑定),6,鑑定,471.0,OLD_REALM,2026-08-11
イリアナ鎧 (未鑑定),0,未鑑定,538.51,OLD_REALM,2026-08-11
イリアナ長靴 (未鑑定),0,未鑑定,846.2299999999999,OLD_REALM,2026-08-11
イリアナ長靴 (鑑定),0,鑑定,697.08,OLD_REALM,2026-08-11
イリアナ長靴 (鑑定),5,鑑定,785.0,OLD_REALM,2026-08-11
イリアナ長靴 (鑑定),6,鑑定,901.18,OLD_REALM,2026-08-11
イリアナ長靴 (鑑定),8,鑑定,706.5,OLD_REALM,2026-08-11
イリアナ革ズボン (鑑定),5,鑑定,2518.28,OLD_REALM,2026-08-11
イリアナ革ズボン (鑑定),6,鑑定,847.8000000000001,OLD_REALM,2026-08-11
イリアナ革ズボン (鑑定),8,鑑定,1570.0,OLD_REALM,2026-08-11
エオスのイヤリング,0,なし,1427.13,OLD_REALM,2026-08-11
エオスのガントレット (未鑑定),0,未鑑定,83.21000000000001,OLD_REALM,2026-08-11
エオスのガントレット (鑑定),0,鑑定,47.1,OLD_REALM,2026-08-11
エオスのガントレット (鑑定),10,鑑定,2512.0,OLD_REALM,2026-08-11
エオスのガントレット (鑑定),4,鑑定,188.4,OLD_REALM,2026-08-11
エオスのガントレット (鑑定),5,鑑定,78.5,OLD_REALM,2026-08-11
エオスのガントレット (鑑定),6,鑑定,549.5,OLD_REALM,2026-08-11
エオスのガントレット (鑑定),8,鑑定,500.83,OLD_REALM,2026-08-11
エオスのグリーヴ (未鑑定),0,未鑑定,153.86,OLD_REALM,2026-08-11
エオスのグリーヴ (鑑定),0,鑑定,92.63,OLD_REALM,2026-08-11
エオスのグリーヴ (鑑定),5,鑑定,141.3,OLD_REALM,2026-08-11
エオスのグリーヴ (鑑定),6,鑑定,471.0,OLD_REALM,2026-08-11
エオスのグリーヴ (鑑定),7,鑑定,386.22,OLD_REALM,2026-08-11
エオスのグリーヴ (鑑定),8,鑑定,706.5,OLD_REALM,2026-08-11
エオスのグローブ (未鑑定),0,未鑑定,367.38,OLD_REALM,2026-08-11
エオスのグローブ (鑑定),0,鑑定,532.23,OLD_REALM,2026-08-11
エオスのグローブ (鑑定),6,鑑定,942.0,OLD_REALM,2026-08-11
エオスのグローブ (鑑定),7,鑑定,1256.0,OLD_REALM,2026-08-11
エオスのグローブ (鑑定),8,鑑定,2544.9700000000003,OLD_REALM,2026-08-11
エオスのフード (未鑑定),0,未鑑定,417.62,OLD_REALM,2026-08-11
エオスのフード (鑑定),0,鑑定,298.3,OLD_REALM,2026-08-11
エオスのフード (鑑定),10,鑑定,2800.88,OLD_REALM,2026-08-11
エオスのフード (鑑定),6,鑑定,968.69,OLD_REALM,2026-08-11
エオスのフード (鑑定),8,鑑定,883.91,OLD_REALM,2026-08-11
エオスのフード (鑑定),9,鑑定,1562.15,OLD_REALM,2026-08-11
エオスのブレスレット,0,なし,1097.43,OLD_REALM,2026-08-11
エオスのブレスレット,13,なし,3358.23,OLD_REALM,2026-08-11
エオスのブレスレット,16,なし,3061.5,OLD_REALM,2026-08-11
エオスのブレスレット,20,なし,36094.3,OLD_REALM,2026-08-11
エオスのヘルム (未鑑定),0,未鑑定,109.9,OLD_REALM,2026-08-11
エオスのヘルム (鑑定),0,鑑定,61.23,OLD_REALM,2026-08-11
エオスのヘルム (鑑定),5,鑑定,204.1,OLD_REALM,2026-08-11
エオスのヘルム (鑑定),6,鑑定,196.25,OLD_REALM,2026-08-11
エオスのヘルム (鑑定),7,鑑定,532.23,OLD_REALM,2026-08-11
エオスのヘルム (鑑定),8,鑑定,361.1,OLD_REALM,2026-08-11
エオスのベスト (未鑑定),0,未鑑定,175.84,OLD_REALM,2026-08-11
エオスのベスト (鑑定),0,鑑定,157.0,OLD_REALM,2026-08-11
エオスのベスト (鑑定),5,鑑定,188.4,OLD_REALM,2026-08-11
エオスのベスト (鑑定),6,鑑定,309.29,OLD_REALM,2026-08-11
エオスのベスト (鑑定),7,鑑定,455.3,OLD_REALM,2026-08-11
エオスのリング,16,なし,5972.28,OLD_REALM,2026-08-11
エオスのリング,17,なし,6280.0,OLD_REALM,2026-08-11
エオスのリング,18,なし,8635.0,OLD_REALM,2026-08-11
エオスのレガース (未鑑定),0,未鑑定,80.07000000000001,OLD_REALM,2026-08-11
エオスのレガース (鑑定),0,鑑定,87.92,OLD_REALM,2026-08-11
エオスのレガース (鑑定),5,鑑定,296.73,OLD_REALM,2026-08-11
エオスのレガース (鑑定),6,鑑定,86.35000000000001,OLD_REALM,2026-08-11
エオスのレガース (鑑定),7,鑑定,1256.0,OLD_REALM,2026-08-11
エオスのレガース (鑑定),8,鑑定,522.8100000000001,OLD_REALM,2026-08-11
エオスのローブ (未鑑定),0,未鑑定,117.75,OLD_REALM,2026-08-11
エオスのローブ (鑑定),0,鑑定,103.62,OLD_REALM,2026-08-11
エオスのローブ (鑑定),5,鑑定,188.4,OLD_REALM,2026-08-11
エオスのローブ (鑑定),6,鑑定,188.4,OLD_REALM,2026-08-11
エオスのローブ (鑑定),7,鑑定,455.3,OLD_REALM,2026-08-11
エオスのローブ (鑑定),8,鑑定,3925.0,OLD_REALM,2026-08-11
エオスのローブ (鑑定),9,鑑定,1562.15,OLD_REALM,2026-08-11
エオスの剣/盾 (鑑定),10,鑑定,22447.86,OLD_REALM,2026-08-11
エオスの勇猛マント (未鑑定),0,未鑑定,1962.5,OLD_REALM,2026-08-11
エオスの布ズボン (未鑑定),0,未鑑定,67.51,OLD_REALM,2026-08-11
エオスの布ズボン (鑑定),0,鑑定,50.24,OLD_REALM,2026-08-11
エオスの布ズボン (鑑定),10,鑑定,3882.61,OLD_REALM,2026-08-11
エオスの布ズボン (鑑定),5,鑑定,78.5,OLD_REALM,2026-08-11
エオスの布ズボン (鑑定),6,鑑定,102.05,OLD_REALM,2026-08-11
エオスの布ズボン (鑑定),7,鑑定,293.59000000000003,OLD_REALM,2026-08-11
エオスの布ズボン (鑑定),8,鑑定,471.0,OLD_REALM,2026-08-11
エオスの布ズボン (鑑定),9,鑑定,942.0,OLD_REALM,2026-08-11
エオスの帽子 (未鑑定),0,未鑑定,116.18,OLD_REALM,2026-08-11
エオスの帽子 (鑑定),0,鑑定,64.36999999999999,OLD_REALM,2026-08-11
エオスの帽子 (鑑定),10,鑑定,2023.73,OLD_REALM,2026-08-11
エオスの帽子 (鑑定),4,鑑定,180.55,OLD_REALM,2026-08-11
エオスの帽子 (鑑定),5,鑑定,153.86,OLD_REALM,2026-08-11
エオスの帽子 (鑑定),6,鑑定,248.06,OLD_REALM,2026-08-11
エオスの帽子 (鑑定),7,鑑定,259.05,OLD_REALM,2026-08-11
エオスの帽子 (鑑定),8,鑑定,1570.0,OLD_REALM,2026-08-11
エオスの帽子 (鑑定),9,鑑定,628.0,OLD_REALM,2026-08-11
エオスの戦闘マント (未鑑定),0,未鑑定,2669.0,OLD_REALM,2026-08-11
エオスの戦闘マント (鑑定),2,鑑定,2981.43,OLD_REALM,2026-08-11
エオスの手甲 (未鑑定),0,未鑑定,130.31,OLD_REALM,2026-08-11
エオスの手甲 (鑑定),0,鑑定,103.62,OLD_REALM,2026-08-11
エオスの手甲 (鑑定),5,鑑定,108.33,OLD_REALM,2026-08-11
エオスの手甲 (鑑定),6,鑑定,131.88,OLD_REALM,2026-08-11
エオスの手甲 (鑑定),7,鑑定,2135.2,OLD_REALM,2026-08-11
エオスの手甲 (鑑定),8,鑑定,321.85,OLD_REALM,2026-08-11
エオスの短剣 (鑑定),10,鑑定,43960.0,OLD_REALM,2026-08-11
エオスの短靴 (未鑑定),0,未鑑定,188.4,OLD_REALM,2026-08-11
エオスの短靴 (鑑定),0,鑑定,172.70000000000002,OLD_REALM,2026-08-11
エオスの短靴 (鑑定),5,鑑定,251.2,OLD_REALM,2026-08-11
エオスの短靴 (鑑定),6,鑑定,659.4,OLD_REALM,2026-08-11
エオスの短靴 (鑑定),7,鑑定,785.0,OLD_REALM,2026-08-11
エオスの短靴 (鑑定),8,鑑定,5008.3,OLD_REALM,2026-08-11
エオスの破壊マント (未鑑定),0,未鑑定,2841.7000000000003,OLD_REALM,2026-08-11
エオスの破壊マント (鑑定),2,鑑定,10676.0,OLD_REALM,2026-08-11
エオスの破壊マント (鑑定),4,鑑定,18055.0,OLD_REALM,2026-08-11
エオスの精霊マント (未鑑定),0,未鑑定,1766.25,OLD_REALM,2026-08-11
エオスの鎧 (未鑑定),0,未鑑定,58.09,OLD_REALM,2026-08-11
エオスの鎧 (鑑定),0,鑑定,69.08,OLD_REALM,2026-08-11
エオスの鎧 (鑑定),5,鑑定,172.70000000000002,OLD_REALM,2026-08-11
エオスの鎧 (鑑定),6,鑑定,317.14,OLD_REALM,2026-08-11
エオスの鎧 (鑑定),7,鑑定,1034.63,OLD_REALM,2026-08-11
エオスの鎧 (鑑定),8,鑑定,471.0,OLD_REALM,2026-08-11
エオスの長靴 (未鑑定),0,未鑑定,117.75,OLD_REALM,2026-08-11
エオスの長靴 (鑑定),0,鑑定,91.06,OLD_REALM,2026-08-11
エオスの長靴 (鑑定),4,鑑定,89.49,OLD_REALM,2026-08-11
エオスの長靴 (鑑定),5,鑑定,103.62,OLD_REALM,2026-08-11
エオスの長靴 (鑑定),6,鑑定,392.5,OLD_REALM,2026-08-11
エオスの長靴 (鑑定),7,鑑定,617.01,OLD_REALM,2026-08-11
エオスの長靴 (鑑定),8,鑑定,505.54,OLD_REALM,2026-08-11
エオスの革ズボン (未鑑定),0,未鑑定,125.6,OLD_REALM,2026-08-11
エオスの革ズボン (鑑定),0,鑑定,100.48,OLD_REALM,2026-08-11
エオスの革ズボン (鑑定),10,鑑定,2629.75,OLD_REALM,2026-08-11
エオスの革ズボン (鑑定),5,鑑定,157.0,OLD_REALM,2026-08-11
エオスの革ズボン (鑑定),6,鑑定,157.0,OLD_REALM,2026-08-11
エオスの革ズボン (鑑定),8,鑑定,235.5,OLD_REALM,2026-08-11
エオスの革ズボン (鑑定),9,鑑定,774.01,OLD_REALM,2026-08-11
エル・セラのイヤリング,0,なし,42.39,OLD_REALM,2026-08-11
エル・セラのイヤリング,1,なし,78.5,OLD_REALM,2026-08-11
エル・セラのイヤリング,10,なし,1609.25,OLD_REALM,2026-08-11
エル・セラのイヤリング,12,なし,284.17,OLD_REALM,2026-08-11
エル・セラのイヤリング,13,なし,157.0,OLD_REALM,2026-08-11
エル・セラのイヤリング,14,なし,314.0,OLD_REALM,2026-08-11
エル・セラのイヤリング,15,なし,314.0,OLD_REALM,2026-08-11
エル・セラのイヤリング,16,なし,312.43,OLD_REALM,2026-08-11
エル・セラのイヤリング,17,なし,314.0,OLD_REALM,2026-08-11
エル・セラのイヤリング,18,なし,772.4399999999999,OLD_REALM,2026-08-11
エル・セラのイヤリング,20,なし,3061.5,OLD_REALM,2026-08-11
エル・セラのイヤリング,7,なし,78.5,OLD_REALM,2026-08-11
エル・セラのガントレット (未鑑定),0,未鑑定,103.62,OLD_REALM,2026-08-11
エル・セラのガントレット (鑑定),0,鑑定,466.29,OLD_REALM,2026-08-11
エル・セラのガントレット (鑑定),6,鑑定,306.15,OLD_REALM,2026-08-11
エル・セラのガントレット (鑑定),9,鑑定,4710.0,OLD_REALM,2026-08-11
エル・セラのクロスボウ (未鑑定),0,未鑑定,667.25,OLD_REALM,2026-08-11
エル・セラのクロスボウ (鑑定),10,鑑定,4631.5,OLD_REALM,2026-08-11
エル・セラのクロスボウ (鑑定),7,鑑定,1570.0,OLD_REALM,2026-08-11
エル・セラのグリーヴ (未鑑定),0,未鑑定,18.84,OLD_REALM,2026-08-11
エル・セラのグリーヴ (鑑定),0,鑑定,78.5,OLD_REALM,2026-08-11
エル・セラのグリーヴ (鑑定),12,鑑定,4082.0,OLD_REALM,2026-08-11
エル・セラのグリーヴ (鑑定),5,鑑定,76.92999999999999,OLD_REALM,2026-08-11
エル・セラのグリーヴ (鑑定),6,鑑定,186.83,OLD_REALM,2026-08-11
エル・セラのグリーヴ (鑑定),7,鑑定,492.98,OLD_REALM,2026-08-11
エル・セラのグリーヴ (鑑定),8,鑑定,224.51,OLD_REALM,2026-08-11
エル・セラのグリーヴ (鑑定),9,鑑定,706.5,OLD_REALM,2026-08-11
エル・セラのグローブ (未鑑定),0,未鑑定,59.66,OLD_REALM,2026-08-11
エル・セラのグローブ (鑑定),0,鑑定,392.5,OLD_REALM,2026-08-11
エル・セラのグローブ (鑑定),5,鑑定,78.5,OLD_REALM,2026-08-11
エル・セラのグローブ (鑑定),6,鑑定,218.23,OLD_REALM,2026-08-11
エル・セラのグローブ (鑑定),7,鑑定,510.25,OLD_REALM,2026-08-11
エル・セラのグローブ (鑑定),8,鑑定,783.4300000000001,OLD_REALM,2026-08-11
エル・セラのサイド (未鑑定),0,未鑑定,1522.9,OLD_REALM,2026-08-11
エル・セラのサイド (鑑定),0,鑑定,1161.8,OLD_REALM,2026-08-11
エル・セラのサイド (鑑定),10,鑑定,11775.0,OLD_REALM,2026-08-11
エル・セラのサイド (鑑定),8,鑑定,1546.45,OLD_REALM,2026-08-11
エル・セラのサイド (鑑定),9,鑑定,4553.0,OLD_REALM,2026-08-11
エル・セラのネックレス,0,なし,227.65,OLD_REALM,2026-08-11
エル・セラのネックレス,12,なし,508.68,OLD_REALM,2026-08-11
エル・セラのネックレス,13,なし,511.82,OLD_REALM,2026-08-11
エル・セラのネックレス,14,なし,1884.0,OLD_REALM,2026-08-11
エル・セラのネックレス,15,なし,645.2700000000001,OLD_REALM,2026-08-11
エル・セラのネックレス,17,なし,628.0,OLD_REALM,2026-08-11
エル・セラのネックレス,18,なし,1029.9199999999998,OLD_REALM,2026-08-11
エル・セラのネックレス,20,なし,5166.87,OLD_REALM,2026-08-11
エル・セラのフード (未鑑定),0,未鑑定,23.55,OLD_REALM,2026-08-11
エル・セラのフード (鑑定),5,鑑定,78.5,OLD_REALM,2026-08-11
エル・セラのフード (鑑定),6,鑑定,292.02000000000004,OLD_REALM,2026-08-11
エル・セラのフード (鑑定),7,鑑定,359.53000000000003,OLD_REALM,2026-08-11
エル・セラのフード (鑑定),8,鑑定,626.4300000000001,OLD_REALM,2026-08-11
エル・セラのブレスレット,12,なし,284.17,OLD_REALM,2026-08-11
エル・セラのブレスレット,15,なし,266.9,OLD_REALM,2026-08-11
エル・セラのブレスレット,16,なし,284.17,OLD_REALM,2026-08-11
エル・セラのブレスレット,17,なし,386.22,OLD_REALM,2026-08-11
エル・セラのブレスレット,18,なし,785.0,OLD_REALM,2026-08-11
エル・セラのブレスレット,20,なし,3689.5,OLD_REALM,2026-08-11
エル・セラのヘルム (未鑑定),0,未鑑定,31.4,OLD_REALM,2026-08-11
エル・セラのヘルム (鑑定),0,鑑定,157.0,OLD_REALM,2026-08-11
エル・セラのヘルム (鑑定),6,鑑定,94.2,OLD_REALM,2026-08-11
エル・セラのヘルム (鑑定),7,鑑定,331.27,OLD_REALM,2026-08-11
エル・セラのヘルム (鑑定),8,鑑定,546.36,OLD_REALM,2026-08-11
エル・セラのベスト (未鑑定),0,未鑑定,15.7,OLD_REALM,2026-08-11
エル・セラのベスト (鑑定),10,鑑定,2826.0,OLD_REALM,2026-08-11
エル・セラのベスト (鑑定),5,鑑定,15.7,OLD_REALM,2026-08-11
エル・セラのベスト (鑑定),6,鑑定,116.18,OLD_REALM,2026-08-11
エル・セラのベスト (鑑定),7,鑑定,453.73,OLD_REALM,2026-08-11
エル・セラのベスト (鑑定),8,鑑定,532.23,OLD_REALM,2026-08-11
エル・セラのベスト (鑑定),9,鑑定,626.4300000000001,OLD_REALM,2026-08-11
エル・セラのベルト,0,なし,40.82,OLD_REALM,2026-08-11
エル・セラのベルト,12,なし,235.5,OLD_REALM,2026-08-11
エル・セラのベルト,16,なし,254.34,OLD_REALM,2026-08-11
エル・セラのベルト,17,なし,257.48,OLD_REALM,2026-08-11
エル・セラのベルト,20,なし,4521.6,OLD_REALM,2026-08-11
エル・セラのリング,0,なし,43.96,OLD_REALM,2026-08-11
エル・セラのリング,12,なし,157.0,OLD_REALM,2026-08-11
エル・セラのリング,13,なし,282.6,OLD_REALM,2026-08-11
エル・セラのリング,15,なし,205.67,OLD_REALM,2026-08-11
エル・セラのリング,16,なし,284.17,OLD_REALM,2026-08-11
エル・セラのリング,17,なし,257.48,OLD_REALM,2026-08-11
エル・セラのリング,20,なし,4047.46,OLD_REALM,2026-08-11
エル・セラのレガース (未鑑定),0,未鑑定,43.96,OLD_REALM,2026-08-11
エル・セラのレガース (鑑定),0,鑑定,233.93,OLD_REALM,2026-08-11
エル・セラのレガース (鑑定),5,鑑定,157.0,OLD_REALM,2026-08-11
エル・セラのレガース (鑑定),6,鑑定,157.0,OLD_REALM,2026-08-11
エル・セラのレガース (鑑定),7,鑑定,157.0,OLD_REALM,2026-08-11
エル・セラのレガース (鑑定),8,鑑定,502.4,OLD_REALM,2026-08-11
エル・セラのローブ (鑑定),0,鑑定,232.36,OLD_REALM,2026-08-11
エル・セラのローブ (鑑定),6,鑑定,290.45,OLD_REALM,2026-08-11
エル・セラのローブ (鑑定),7,鑑定,390.93,OLD_REALM,2026-08-11
エル・セラのローブ (鑑定),8,鑑定,780.29,OLD_REALM,2026-08-11
エル・セラの剣/盾 (未鑑定),0,未鑑定,541.65,OLD_REALM,2026-08-11
エル・セラの剣/盾 (鑑定),0,鑑定,2347.15,OLD_REALM,2026-08-11
エル・セラの剣/盾 (鑑定),10,鑑定,3925.0,OLD_REALM,2026-08-11
エル・セラの剣/盾 (鑑定),7,鑑定,2512.0,OLD_REALM,2026-08-11
エル・セラの剣/盾 (鑑定),8,鑑定,1150.81,OLD_REALM,2026-08-11
エル・セラの勇猛マント (未鑑定),0,未鑑定,783.4300000000001,OLD_REALM,2026-08-11
エル・セラの勇猛マント (鑑定),5,鑑定,587.1800000000001,OLD_REALM,2026-08-11
エル・セラの大剣 (未鑑定),0,未鑑定,310.86,OLD_REALM,2026-08-11
エル・セラの大剣 (鑑定),0,鑑定,626.4300000000001,OLD_REALM,2026-08-11
エル・セラの大剣 (鑑定),10,鑑定,2331.45,OLD_REALM,2026-08-11
エル・セラの大剣 (鑑定),8,鑑定,1681.47,OLD_REALM,2026-08-11
エル・セラの布ズボン (未鑑定),0,未鑑定,15.7,OLD_REALM,2026-08-11
エル・セラの布ズボン (鑑定),0,鑑定,15.7,OLD_REALM,2026-08-11
エル・セラの布ズボン (鑑定),10,鑑定,511.82,OLD_REALM,2026-08-11
エル・セラの布ズボン (鑑定),6,鑑定,511.82,OLD_REALM,2026-08-11
エル・セラの布ズボン (鑑定),7,鑑定,157.0,OLD_REALM,2026-08-11
エル・セラの布ズボン (鑑定),8,鑑定,188.4,OLD_REALM,2026-08-11
エル・セラの布ズボン (鑑定),9,鑑定,455.3,OLD_REALM,2026-08-11
エル・セラの帽子 (未鑑定),0,未鑑定,26.69,OLD_REALM,2026-08-11
エル・セラの帽子 (鑑定),0,鑑定,28.26,OLD_REALM,2026-08-11
エル・セラの帽子 (鑑定),6,鑑定,157.0,OLD_REALM,2026-08-11
エル・セラの帽子 (鑑定),7,鑑定,387.79,OLD_REALM,2026-08-11
エル・セラの帽子 (鑑定),8,鑑定,351.68,OLD_REALM,2026-08-11
エル・セラの弓 (未鑑定),0,未鑑定,824.25,OLD_REALM,2026-08-11
エル・セラの弓 (鑑定),0,鑑定,816.4,OLD_REALM,2026-08-11
エル・セラの弓 (鑑定),10,鑑定,6570.45,OLD_REALM,2026-08-11
エル・セラの弓 (鑑定),12,鑑定,13881.94,OLD_REALM,2026-08-11
エル・セラの弓 (鑑定),7,鑑定,1566.86,OLD_REALM,2026-08-11
エル・セラの弓 (鑑定),8,鑑定,3061.5,OLD_REALM,2026-08-11
エル・セラの弓 (鑑定),9,鑑定,5429.06,OLD_REALM,2026-08-11
エル・セラの戦棒 (未鑑定),0,未鑑定,954.56,OLD_REALM,2026-08-11
エル・セラの戦棒 (鑑定),0,鑑定,1048.76,OLD_REALM,2026-08-11
エル・セラの戦棒 (鑑定),7,鑑定,1103.71,OLD_REALM,2026-08-11
エル・セラの戦棒 (鑑定),8,鑑定,1425.56,OLD_REALM,2026-08-11
エル・セラの戦闘マント (未鑑定),0,未鑑定,108.33,OLD_REALM,2026-08-11
エル・セラの戦闘マント (鑑定),0,鑑定,54.95,OLD_REALM,2026-08-11
エル・セラの戦闘盾 (未鑑定),0,未鑑定,306.15,OLD_REALM,2026-08-11
エル・セラの戦闘盾 (鑑定),0,鑑定,292.02000000000004,OLD_REALM,2026-08-11
エル・セラの戦闘盾 (鑑定),10,鑑定,7850.0,OLD_REALM,2026-08-11
エル・セラの戦闘盾 (鑑定),11,鑑定,7065.0,OLD_REALM,2026-08-11
エル・セラの戦闘盾 (鑑定),12,鑑定,10867.54,OLD_REALM,2026-08-11
エル・セラの戦闘盾 (鑑定),7,鑑定,516.53,OLD_REALM,2026-08-11
エル・セラの戦闘盾 (鑑定),8,鑑定,942.0,OLD_REALM,2026-08-11
エル・セラの手甲 (未鑑定),0,未鑑定,15.7,OLD_REALM,2026-08-11
エル・セラの手甲 (鑑定),10,鑑定,1256.0,OLD_REALM,2026-08-11
エル・セラの手甲 (鑑定),6,鑑定,314.0,OLD_REALM,2026-08-11
エル・セラの手甲 (鑑定),7,鑑定,510.25,OLD_REALM,2026-08-11
エル・セラの手甲 (鑑定),8,鑑定,397.21,OLD_REALM,2026-08-11
エル・セラの手甲 (鑑定),9,鑑定,744.1800000000001,OLD_REALM,2026-08-11
エル・セラの杖 (未鑑定),0,未鑑定,461.58,OLD_REALM,2026-08-11
エル・セラの杖 (鑑定),0,鑑定,863.5,OLD_REALM,2026-08-11
エル・セラの杖 (鑑定),10,鑑定,2041.0,OLD_REALM,2026-08-11
エル・セラの杖 (鑑定),8,鑑定,1256.0,OLD_REALM,2026-08-11
エル・セラの短剣 (未鑑定),0,未鑑定,612.3,OLD_REALM,2026-08-11
エル・セラの短剣 (鑑定),0,鑑定,475.71,OLD_REALM,2026-08-11
エル・セラの短剣 (鑑定),10,鑑定,3925.0,OLD_REALM,2026-08-11
エル・セラの短剣 (鑑定),12,鑑定,14351.37,OLD_REALM,2026-08-11
エル・セラの短剣 (鑑定),6,鑑定,785.0,OLD_REALM,2026-08-11
エル・セラの短剣 (鑑定),7,鑑定,472.57,OLD_REALM,2026-08-11
エル・セラの短剣 (鑑定),8,鑑定,1334.5,OLD_REALM,2026-08-11
エル・セラの短靴 (鑑定),6,鑑定,337.55,OLD_REALM,2026-08-11
エル・セラの短靴 (鑑定),7,鑑定,387.79,OLD_REALM,2026-08-11
エル・セラの短靴 (鑑定),8,鑑定,626.4300000000001,OLD_REALM,2026-08-11
エル・セラの破壊マント (未鑑定),0,未鑑定,149.15,OLD_REALM,2026-08-11
エル・セラの破壊マント (鑑定),3,鑑定,968.69,OLD_REALM,2026-08-11
エル・セラの破壊マント (鑑定),5,鑑定,1256.0,OLD_REALM,2026-08-11
エル・セラの籠手 (未鑑定),0,未鑑定,138.16,OLD_REALM,2026-08-11
エル・セラの籠手 (鑑定),0,鑑定,226.08,OLD_REALM,2026-08-11
エル・セラの籠手 (鑑定),10,鑑定,3140.0,OLD_REALM,2026-08-11
エル・セラの籠手 (鑑定),12,鑑定,5625.31,OLD_REALM,2026-08-11
エル・セラの籠手 (鑑定),9,鑑定,1570.0,OLD_REALM,2026-08-11
エル・セラの精霊マント (未鑑定),0,未鑑定,51.81,OLD_REALM,2026-08-11
エル・セラの鎧 (未鑑定),0,未鑑定,23.55,OLD_REALM,2026-08-11
エル・セラの鎧 (鑑定),0,鑑定,78.5,OLD_REALM,2026-08-11
エル・セラの鎧 (鑑定),5,鑑定,26.69,OLD_REALM,2026-08-11
エル・セラの鎧 (鑑定),6,鑑定,28.26,OLD_REALM,2026-08-11
エル・セラの鎧 (鑑定),7,鑑定,235.5,OLD_REALM,2026-08-11
エル・セラの鎧 (鑑定),8,鑑定,373.66,OLD_REALM,2026-08-11
エル・セラの長靴 (未鑑定),0,未鑑定,36.11,OLD_REALM,2026-08-11
エル・セラの長靴 (鑑定),5,鑑定,94.2,OLD_REALM,2026-08-11
エル・セラの長靴 (鑑定),6,鑑定,359.53000000000003,OLD_REALM,2026-08-11
エル・セラの長靴 (鑑定),8,鑑定,513.39,OLD_REALM,2026-08-11
エル・セラの長靴 (鑑定),9,鑑定,706.5,OLD_REALM,2026-08-11
エル・セラの革ズボン (未鑑定),0,未鑑定,20.41,OLD_REALM,2026-08-11
エル・セラの革ズボン (鑑定),6,鑑定,274.75,OLD_REALM,2026-08-11
エル・セラの革ズボン (鑑定),7,鑑定,500.83,OLD_REALM,2026-08-11
エル・セラの革ズボン (鑑定),8,鑑定,626.4300000000001,OLD_REALM,2026-08-11
オペルタのイヤリング,0,なし,1568.43,OLD_REALM,2026-08-11
オペルタのイヤリング,16,なし,3876.33,OLD_REALM,2026-08-11
オペルタのイヤリング,18,なし,7462.21,OLD_REALM,2026-08-11
オペルタのイヤリング,20,なし,32813.0,OLD_REALM,2026-08-11
オペルタのガントレット (未鑑定),0,未鑑定,263.76,OLD_REALM,2026-08-11
オペルタのガントレット (鑑定),0,鑑定,292.02000000000004,OLD_REALM,2026-08-11
オペルタのガントレット (鑑定),5,鑑定,706.5,OLD_REALM,2026-08-11
オペルタのガントレット (鑑定),6,鑑定,549.5,OLD_REALM,2026-08-11
オペルタのガントレット (鑑定),8,鑑定,1334.5,OLD_REALM,2026-08-11
オペルタのグリーヴ (未鑑定),0,未鑑定,175.84,OLD_REALM,2026-08-11
オペルタのグリーヴ (鑑定),0,鑑定,94.2,OLD_REALM,2026-08-11
オペルタのグリーヴ (鑑定),5,鑑定,1099.0,OLD_REALM,2026-08-11
オペルタのグリーヴ (鑑定),6,鑑定,373.66,OLD_REALM,2026-08-11
オペルタのグリーヴ (鑑定),7,鑑定,1150.81,OLD_REALM,2026-08-11
オペルタのグリーヴ (鑑定),8,鑑定,312.43,OLD_REALM,2026-08-11
オペルタのグローブ (未鑑定),0,未鑑定,364.24,OLD_REALM,2026-08-11
オペルタのグローブ (鑑定),0,鑑定,309.29,OLD_REALM,2026-08-11
オペルタのグローブ (鑑定),6,鑑定,951.42,OLD_REALM,2026-08-11
オペルタのグローブ (鑑定),7,鑑定,3138.43,OLD_REALM,2026-08-11
オペルタのグローブ (鑑定),8,鑑定,1618.67,OLD_REALM,2026-08-11
オペルタのグローブ (鑑定),9,鑑定,5495.0,OLD_REALM,2026-08-11
オペルタのネックレス,0,なし,9420.0,OLD_REALM,2026-08-11
オペルタのネックレス,16,なし,15700.0,OLD_REALM,2026-08-11
オペルタのフード (未鑑定),0,未鑑定,439.6,OLD_REALM,2026-08-11
オペルタのフード (鑑定),0,鑑定,416.05,OLD_REALM,2026-08-11
オペルタのフード (鑑定),5,鑑定,4239.0,OLD_REALM,2026-08-11
オペルタのブレスレット,0,なし,1570.0,OLD_REALM,2026-08-11
オペルタのブレスレット,15,なし,4088.28,OLD_REALM,2026-08-11
オペルタのブレスレット,17,なし,3877.9,OLD_REALM,2026-08-11
オペルタのブレスレット,18,なし,5168.4400000000005,OLD_REALM,2026-08-11
オペルタのブレスレット,20,なし,45734.1,OLD_REALM,2026-08-11
オペルタのヘルム (未鑑定),0,未鑑定,94.2,OLD_REALM,2026-08-11
オペルタのヘルム (鑑定),0,鑑定,84.78,OLD_REALM,2026-08-11
オペルタのヘルム (鑑定),5,鑑定,157.0,OLD_REALM,2026-08-11
オペルタのヘルム (鑑定),6,鑑定,471.0,OLD_REALM,2026-08-11
オペルタのヘルム (鑑定),7,鑑定,332.84000000000003,OLD_REALM,2026-08-11
オペルタのヘルム (鑑定),8,鑑定,514.9599999999999,OLD_REALM,2026-08-11
オペルタのベスト (未鑑定),0,未鑑定,580.9,OLD_REALM,2026-08-11
オペルタのベスト (鑑定),0,鑑定,379.94,OLD_REALM,2026-08-11
オペルタのベスト (鑑定),6,鑑定,471.0,OLD_REALM,2026-08-11
オペルタのベスト (鑑定),8,鑑定,3454.0,OLD_REALM,2026-08-11
オペルタのベルト,17,なし,5168.4400000000005,OLD_REALM,2026-08-11
オペルタのベルト,18,なし,6280.0,OLD_REALM,2026-08-11
オペルタのリング,0,なし,2664.29,OLD_REALM,2026-08-11
オペルタのリング,14,なし,7850.0,OLD_REALM,2026-08-11
オペルタのリング,15,なし,3925.0,OLD_REALM,2026-08-11
オペルタのリング,17,なし,5652.0,OLD_REALM,2026-08-11
オペルタのリング,18,なし,28103.0,OLD_REALM,2026-08-11
オペルタのリング,20,なし,43919.18,OLD_REALM,2026-08-11
オペルタのレガース (未鑑定),0,未鑑定,164.85,OLD_REALM,2026-08-11
オペルタのレガース (鑑定),0,鑑定,628.0,OLD_REALM,2026-08-11
オペルタのレガース (鑑定),5,鑑定,109.9,OLD_REALM,2026-08-11
オペルタのレガース (鑑定),6,鑑定,471.0,OLD_REALM,2026-08-11
オペルタのレガース (鑑定),7,鑑定,508.68,OLD_REALM,2026-08-11
オペルタのレガース (鑑定),8,鑑定,1678.33,OLD_REALM,2026-08-11
オペルタのローブ (未鑑定),0,未鑑定,361.1,OLD_REALM,2026-08-11
オペルタのローブ (鑑定),0,鑑定,379.94,OLD_REALM,2026-08-11
オペルタのローブ (鑑定),5,鑑定,635.85,OLD_REALM,2026-08-11
オペルタのローブ (鑑定),6,鑑定,397.21,OLD_REALM,2026-08-11
オペルタのローブ (鑑定),7,鑑定,785.0,OLD_REALM,2026-08-11
オペルタのローブ (鑑定),8,鑑定,1099.0,OLD_REALM,2026-08-11
オペルタの剣/盾 (鑑定),10,鑑定,38097.62,OLD_REALM,2026-08-11
オペルタの勇猛マント (未鑑定),0,未鑑定,2245.1,OLD_REALM,2026-08-11
オペルタの勇猛マント (鑑定),0,鑑定,2512.0,OLD_REALM,2026-08-11
オペルタの布ズボン (未鑑定),0,未鑑定,105.19,OLD_REALM,2026-08-11
オペルタの布ズボン (鑑定),0,鑑定,65.94,OLD_REALM,2026-08-11
オペルタの布ズボン (鑑定),5,鑑定,152.29,OLD_REALM,2026-08-11
オペルタの布ズボン (鑑定),6,鑑定,232.36,OLD_REALM,2026-08-11
オペルタの布ズボン (鑑定),7,鑑定,1099.0,OLD_REALM,2026-08-11
オペルタの布ズボン (鑑定),8,鑑定,456.87,OLD_REALM,2026-08-11
オペルタの帽子 (未鑑定),0,未鑑定,157.0,OLD_REALM,2026-08-11
オペルタの帽子 (鑑定),5,鑑定,186.83,OLD_REALM,2026-08-11
オペルタの帽子 (鑑定),6,鑑定,188.4,OLD_REALM,2026-08-11
オペルタの帽子 (鑑定),8,鑑定,2669.0,OLD_REALM,2026-08-11
オペルタの帽子 (鑑定),9,鑑定,2198.0,OLD_REALM,2026-08-11
オペルタの弓 (鑑定),10,鑑定,46073.22,OLD_REALM,2026-08-11
オペルタの戦闘マント (未鑑定),0,未鑑定,2810.3,OLD_REALM,2026-08-11
オペルタの戦闘マント (鑑定),4,鑑定,5338.0,OLD_REALM,2026-08-11
オペルタの手甲 (未鑑定),0,未鑑定,153.86,OLD_REALM,2026-08-11
オペルタの手甲 (鑑定),0,鑑定,171.13000000000002,OLD_REALM,2026-08-11
オペルタの手甲 (鑑定),5,鑑定,188.4,OLD_REALM,2026-08-11
オペルタの手甲 (鑑定),6,鑑定,188.4,OLD_REALM,2026-08-11
オペルタの手甲 (鑑定),8,鑑定,1015.79,OLD_REALM,2026-08-11
オペルタの杖 (鑑定),10,鑑定,37680.0,OLD_REALM,2026-08-11
オペルタの短剣 (鑑定),10,鑑定,48670.0,OLD_REALM,2026-08-11
オペルタの短剣 (鑑定),7,鑑定,50240.0,OLD_REALM,2026-08-11
オペルタの短靴 (未鑑定),0,未鑑定,343.83,OLD_REALM,2026-08-11
オペルタの短靴 (鑑定),0,鑑定,178.98,OLD_REALM,2026-08-11
オペルタの短靴 (鑑定),6,鑑定,397.21,OLD_REALM,2026-08-11
オペルタの短靴 (鑑定),7,鑑定,471.0,OLD_REALM,2026-08-11
オペルタの短靴 (鑑定),8,鑑定,471.0,OLD_REALM,2026-08-11
オペルタの破壊マント (未鑑定),0,未鑑定,3061.5,OLD_REALM,2026-08-11
オペルタの精霊マント (未鑑定),0,未鑑定,1570.0,OLD_REALM,2026-08-11
オペルタの精霊マント (鑑定),2,鑑定,1727.0,OLD_REALM,2026-08-11
オペルタの精霊マント (鑑定),3,鑑定,12961.92,OLD_REALM,2026-08-11
オペルタの鎧 (未鑑定),0,未鑑定,186.83,OLD_REALM,2026-08-11
オペルタの鎧 (鑑定),0,鑑定,254.34,OLD_REALM,2026-08-11
オペルタの鎧 (鑑定),5,鑑定,584.0400000000001,OLD_REALM,2026-08-11
オペルタの鎧 (鑑定),6,鑑定,314.0,OLD_REALM,2026-08-11
オペルタの鎧 (鑑定),8,鑑定,1962.5,OLD_REALM,2026-08-11
オペルタの長靴 (未鑑定),0,未鑑定,133.45,OLD_REALM,2026-08-11
オペルタの長靴 (鑑定),0,鑑定,141.3,OLD_REALM,2026-08-11
オペルタの長靴 (鑑定),10,鑑定,2629.75,OLD_REALM,2026-08-11
オペルタの長靴 (鑑定),5,鑑定,204.1,OLD_REALM,2026-08-11
オペルタの長靴 (鑑定),6,鑑定,188.4,OLD_REALM,2026-08-11
オペルタの長靴 (鑑定),7,鑑定,942.0,OLD_REALM,2026-08-11
オペルタの長靴 (鑑定),8,鑑定,1727.0,OLD_REALM,2026-08-11
オペルタの革ズボン (鑑定),0,鑑定,100.48,OLD_REALM,2026-08-11
オペルタの革ズボン (鑑定),5,鑑定,785.0,OLD_REALM,2026-08-11
オペルタの革ズボン (鑑定),6,鑑定,312.43,OLD_REALM,2026-08-11
オペルタの革ズボン (鑑定),7,鑑定,942.0,OLD_REALM,2026-08-11
オペルタの革ズボン (鑑定),8,鑑定,1099.0,OLD_REALM,2026-08-11
オペルタの革ズボン (鑑定),9,鑑定,7850.0,OLD_REALM,2026-08-11
カテノニスのサドル,0,なし,1938.95,OLD_REALM,2026-08-11
ガルバのサドル,0,なし,42.39,OLD_REALM,2026-08-11
クランシアのイヤリング,0,なし,51.81,OLD_REALM,2026-08-11
クランシアのイヤリング,14,なし,379.94,OLD_REALM,2026-08-11
クランシアのイヤリング,15,なし,259.05,OLD_REALM,2026-08-11
クランシアのイヤリング,17,なし,785.0,OLD_REALM,2026-08-11
クランシアのイヤリング,20,なし,4761.81,OLD_REALM,2026-08-11
クランシアのガントレット (未鑑定),0,未鑑定,17.27,OLD_REALM,2026-08-11
クランシアのガントレット (鑑定),0,鑑定,15.7,OLD_REALM,2026-08-11
クランシアのガントレット (鑑定),5,鑑定,29.83,OLD_REALM,2026-08-11
クランシアのガントレット (鑑定),6,鑑定,785.0,OLD_REALM,2026-08-11
クランシアのガントレット (鑑定),7,鑑定,54.95,OLD_REALM,2026-08-11
クランシアのガントレット (鑑定),8,鑑定,345.40000000000003,OLD_REALM,2026-08-11
クランシアのガントレット (鑑定),9,鑑定,351.68,OLD_REALM,2026-08-11
クランシアのクロスボウ (未鑑定),0,未鑑定,1256.0,OLD_REALM,2026-08-11
クランシアのグリーヴ (未鑑定),0,未鑑定,1240.3,OLD_REALM,2026-08-11
クランシアのネックレス,0,なし,706.5,OLD_REALM,2026-08-11
クランシアのネックレス,15,なし,730.0500000000001,OLD_REALM,2026-08-11
クランシアのネックレス,16,なし,910.6,OLD_REALM,2026-08-11
クランシアのネックレス,17,なし,1099.0,OLD_REALM,2026-08-11
クランシアのフード (未鑑定),0,未鑑定,15.7,OLD_REALM,2026-08-11
クランシアのフード (鑑定),0,鑑定,15.7,OLD_REALM,2026-08-11
クランシアのフード (鑑定),5,鑑定,21.98,OLD_REALM,2026-08-11
クランシアのフード (鑑定),6,鑑定,125.6,OLD_REALM,2026-08-11
クランシアのフード (鑑定),8,鑑定,942.0,OLD_REALM,2026-08-11
クランシアのブレスレット,0,なし,141.3,OLD_REALM,2026-08-11
クランシアのブレスレット,15,なし,314.0,OLD_REALM,2026-08-11
クランシアのブレスレット,18,なし,774.01,OLD_REALM,2026-08-11
クランシアのブレスレット,20,なし,5239.089999999999,OLD_REALM,2026-08-11
クランシアのヘルム (未鑑定),0,未鑑定,15.7,OLD_REALM,2026-08-11
クランシアのヘルム (鑑定),0,鑑定,15.7,OLD_REALM,2026-08-11
クランシアのヘルム (鑑定),5,鑑定,29.83,OLD_REALM,2026-08-11
クランシアのヘルム (鑑定),6,鑑定,265.33,OLD_REALM,2026-08-11
クランシアのヘルム (鑑定),7,鑑定,157.0,OLD_REALM,2026-08-11
クランシアのヘルム (鑑定),8,鑑定,353.25,OLD_REALM,2026-08-11
クランシアのベスト (鑑定),6,鑑定,2355.0,OLD_REALM,2026-08-11
クランシアのベルト,0,なし,113.04,OLD_REALM,2026-08-11
クランシアのベルト,12,なし,235.5,OLD_REALM,2026-08-11
クランシアのベルト,14,なし,379.94,OLD_REALM,2026-08-11
クランシアのベルト,20,なし,5652.0,OLD_REALM,2026-08-11
クランシアのベルト,3,なし,188.4,OLD_REALM,2026-08-11
クランシアのリング,0,なし,94.2,OLD_REALM,2026-08-11
クランシアのリング,16,なし,314.0,OLD_REALM,2026-08-11
クランシアのリング,17,なし,541.65,OLD_REALM,2026-08-11
クランシアのリング,18,なし,361.1,OLD_REALM,2026-08-11
クランシアのリング,19,なし,2355.0,OLD_REALM,2026-08-11
クランシアのリング,20,なし,4761.81,OLD_REALM,2026-08-11
クランシアのローブ (未鑑定),0,未鑑定,488.27,OLD_REALM,2026-08-11
クランシアのローブ (鑑定),6,鑑定,1186.9199999999998,OLD_REALM,2026-08-11
クランシアのローブ (鑑定),9,鑑定,3768.0,OLD_REALM,2026-08-11
クランシアの剣/盾 (未鑑定),0,未鑑定,742.61,OLD_REALM,2026-08-11
クランシアの剣/盾 (鑑定),0,鑑定,825.8199999999999,OLD_REALM,2026-08-11
クランシアの剣/盾 (鑑定),10,鑑定,4710.0,OLD_REALM,2026-08-11
クランシアの剣/盾 (鑑定),7,鑑定,1099.0,OLD_REALM,2026-08-11
クランシアの剣/盾 (鑑定),8,鑑定,1007.94,OLD_REALM,2026-08-11
クランシアの勇猛マント (未鑑定),0,未鑑定,75.36,OLD_REALM,2026-08-11
クランシアの勇猛マント (鑑定),3,鑑定,204.1,OLD_REALM,2026-08-11
クランシアの大剣 (未鑑定),0,未鑑定,849.37,OLD_REALM,2026-08-11
クランシアの布ズボン (未鑑定),0,未鑑定,510.25,OLD_REALM,2026-08-11
クランシアの布ズボン (鑑定),6,鑑定,1177.5,OLD_REALM,2026-08-11
クランシアの帽子 (未鑑定),0,未鑑定,750.46,OLD_REALM,2026-08-11
クランシアの帽子 (鑑定),6,鑑定,1679.9,OLD_REALM,2026-08-11
クランシアの弓 (未鑑定),0,未鑑定,904.32,OLD_REALM,2026-08-11
クランシアの弓 (鑑定),10,鑑定,4553.0,OLD_REALM,2026-08-11
クランシアの弓 (鑑定),12,鑑定,11775.0,OLD_REALM,2026-08-11
クランシアの弓 (鑑定),8,鑑定,1256.0,OLD_REALM,2026-08-11
クランシアの戦棒 (未鑑定),0,未鑑定,785.0,OLD_REALM,2026-08-11
クランシアの戦棒 (鑑定),7,鑑定,1384.74,OLD_REALM,2026-08-11
クランシアの戦棒 (鑑定),8,鑑定,2826.0,OLD_REALM,2026-08-11
クランシアの戦棒 (鑑定),9,鑑定,2041.0,OLD_REALM,2026-08-11
クランシアの戦闘マント (未鑑定),0,未鑑定,146.01000000000002,OLD_REALM,2026-08-11
クランシアの戦闘盾 (未鑑定),0,未鑑定,785.0,OLD_REALM,2026-08-11
クランシアの戦闘盾 (鑑定),12,鑑定,10990.0,OLD_REALM,2026-08-11
クランシアの戦闘盾 (鑑定),7,鑑定,549.5,OLD_REALM,2026-08-11
クランシアの手甲 (未鑑定),0,未鑑定,15.7,OLD_REALM,2026-08-11
クランシアの手甲 (鑑定),0,鑑定,15.7,OLD_REALM,2026-08-11
クランシアの手甲 (鑑定),5,鑑定,78.5,OLD_REALM,2026-08-11
クランシアの手甲 (鑑定),9,鑑定,1570.0,OLD_REALM,2026-08-11
クランシアの短剣 (未鑑定),0,未鑑定,1051.9,OLD_REALM,2026-08-11
クランシアの短剣 (鑑定),0,鑑定,1256.0,OLD_REALM,2026-08-11
クランシアの短剣 (鑑定),8,鑑定,1554.3,OLD_REALM,2026-08-11
クランシアの破壊マント (鑑定),1,鑑定,1560.58,OLD_REALM,2026-08-11
クランシアの籠手 (未鑑定),0,未鑑定,169.56,OLD_REALM,2026-08-11
クランシアの籠手 (鑑定),0,鑑定,257.48,OLD_REALM,2026-08-11
クランシアの籠手 (鑑定),7,鑑定,1256.0,OLD_REALM,2026-08-11
クランシアの籠手 (鑑定),8,鑑定,568.34,OLD_REALM,2026-08-11
クランシアの精霊マント (未鑑定),0,未鑑定,83.21000000000001,OLD_REALM,2026-08-11
クランシアの精霊マント (鑑定),0,鑑定,314.0,OLD_REALM,2026-08-11
クランシアの精霊マント (鑑定),3,鑑定,157.0,OLD_REALM,2026-08-11
クランシアの精霊マント (鑑定),5,鑑定,706.5,OLD_REALM,2026-08-11
クランシアの革ズボン (未鑑定),0,未鑑定,560.49,OLD_REALM,2026-08-11
クロスボウ：ハンターの証,0,なし,8164.0,OLD_REALM,2026-08-11
クロスボウ：距離調節,0,なし,15.7,OLD_REALM,2026-08-11
クロスボウ：鋭い矢,0,なし,15.7,OLD_REALM,2026-08-11
グレイシスのサドル,0,なし,502.4,OLD_REALM,2026-08-11
ケルサのサドル,0,なし,42.39,OLD_REALM,2026-08-11
サイド：処刑準備,0,なし,109.9,OLD_REALM,2026-08-11
サイド：魂の循環,0,なし,136.59,OLD_REALM,2026-08-11
サイド：魔力反発,0,なし,7493.61,OLD_REALM,2026-08-11
ジュピターのサドル,0,なし,850.9399999999999,OLD_REALM,2026-08-11
セラドのイヤリング,0,なし,39.25,OLD_REALM,2026-08-11
セラドのイヤリング,12,なし,306.15,OLD_REALM,2026-08-11
セラドのイヤリング,15,なし,131.88,OLD_REALM,2026-08-11
セラドのイヤリング,17,なし,345.40000000000003,OLD_REALM,2026-08-11
セラドのイヤリング,18,なし,335.98,OLD_REALM,2026-08-11
セラドのガントレット (未鑑定),0,未鑑定,15.7,OLD_REALM,2026-08-11
セラドのガントレット (鑑定),0,鑑定,15.7,OLD_REALM,2026-08-11
セラドのガントレット (鑑定),10,鑑定,386.22,OLD_REALM,2026-08-11
セラドのガントレット (鑑定),11,鑑定,2166.6,OLD_REALM,2026-08-11
セラドのガントレット (鑑定),5,鑑定,15.7,OLD_REALM,2026-08-11
セラドのガントレット (鑑定),6,鑑定,18.84,OLD_REALM,2026-08-11
セラドのガントレット (鑑定),7,鑑定,62.8,OLD_REALM,2026-08-11
セラドのガントレット (鑑定),8,鑑定,122.46,OLD_REALM,2026-08-11
セラドのガントレット (鑑定),9,鑑定,216.66,OLD_REALM,2026-08-11
セラドのクロスボウ (未鑑定),0,未鑑定,120.89,OLD_REALM,2026-08-11
セラドのクロスボウ (鑑定),0,鑑定,130.31,OLD_REALM,2026-08-11
セラドのクロスボウ (鑑定),10,鑑定,1025.21,OLD_REALM,2026-08-11
セラドのクロスボウ (鑑定),11,鑑定,4710.0,OLD_REALM,2026-08-11
セラドのクロスボウ (鑑定),12,鑑定,4140.09,OLD_REALM,2026-08-11
セラドのクロスボウ (鑑定),7,鑑定,135.02,OLD_REALM,2026-08-11
セラドのクロスボウ (鑑定),8,鑑定,785.0,OLD_REALM,2026-08-11
セラドのクロスボウ (鑑定),9,鑑定,471.0,OLD_REALM,2026-08-11
セラドのグリーヴ (未鑑定),0,未鑑定,15.7,OLD_REALM,2026-08-11
セラドのグリーヴ (鑑定),0,鑑定,15.7,OLD_REALM,2026-08-11
セラドのグリーヴ (鑑定),5,鑑定,15.7,OLD_REALM,2026-08-11
セラドのグローブ (未鑑定),0,未鑑定,15.7,OLD_REALM,2026-08-11
セラドのグローブ (鑑定),0,鑑定,15.7,OLD_REALM,2026-08-11
セラドのグローブ (鑑定),10,鑑定,643.6999999999999,OLD_REALM,2026-08-11
セラドのグローブ (鑑定),5,鑑定,15.7,OLD_REALM,2026-08-11
セラドのグローブ (鑑定),6,鑑定,78.5,OLD_REALM,2026-08-11
セラドのグローブ (鑑定),7,鑑定,157.0,OLD_REALM,2026-08-11
セラドのグローブ (鑑定),8,鑑定,282.6,OLD_REALM,2026-08-11
セラドのサイド (未鑑定),0,未鑑定,497.69,OLD_REALM,2026-08-11
セラドのサイド (鑑定),0,鑑定,763.0200000000001,OLD_REALM,2026-08-11
セラドのサイド (鑑定),10,鑑定,9401.16,OLD_REALM,2026-08-11
セラドのサイド (鑑定),6,鑑定,3925.0,OLD_REALM,2026-08-11
セラドのサイド (鑑定),7,鑑定,863.5,OLD_REALM,2026-08-11
セラドのサイド (鑑定),8,鑑定,1413.0,OLD_REALM,2026-08-11
セラドのサイド (鑑定),9,鑑定,2317.32,OLD_REALM,2026-08-11
セラドのネックレス,0,なし,290.45,OLD_REALM,2026-08-11
セラドのネックレス,12,なし,1570.0,OLD_REALM,2026-08-11
セラドのネックレス,14,なし,775.58,OLD_REALM,2026-08-11
セラドのネックレス,15,なし,430.18,OLD_REALM,2026-08-11
セラドのネックレス,17,なし,626.4300000000001,OLD_REALM,2026-08-11
セラドのネックレス,18,なし,910.6,OLD_REALM,2026-08-11
セラドのネックレス,20,なし,2047.28,OLD_REALM,2026-08-11
セラドのフード (鑑定),0,鑑定,298.3,OLD_REALM,2026-08-11
セラドのフード (鑑定),11,鑑定,871.35,OLD_REALM,2026-08-11
セラドのフード (鑑定),5,鑑定,128.73999999999998,OLD_REALM,2026-08-11
セラドのブレスレット,0,なし,157.0,OLD_REALM,2026-08-11
セラドのブレスレット,13,なし,471.0,OLD_REALM,2026-08-11
セラドのヘルム (未鑑定),0,未鑑定,15.7,OLD_REALM,2026-08-11
セラドのヘルム (鑑定),0,鑑定,17.27,OLD_REALM,2026-08-11
セラドのヘルム (鑑定),10,鑑定,1033.06,OLD_REALM,2026-08-11
セラドのヘルム (鑑定),5,鑑定,17.27,OLD_REALM,2026-08-11
セラドのヘルム (鑑定),6,鑑定,17.27,OLD_REALM,2026-08-11
セラドのヘルム (鑑定),7,鑑定,157.0,OLD_REALM,2026-08-11
セラドのヘルム (鑑定),8,鑑定,282.6,OLD_REALM,2026-08-11
セラドのヘルム (鑑定),9,鑑定,455.3,OLD_REALM,2026-08-11
セラドのベスト (未鑑定),0,未鑑定,15.7,OLD_REALM,2026-08-11
セラドのベスト (鑑定),0,鑑定,15.7,OLD_REALM,2026-08-11
セラドのベスト (鑑定),5,鑑定,15.7,OLD_REALM,2026-08-11
セラドのベスト (鑑定),6,鑑定,64.36999999999999,OLD_REALM,2026-08-11
セラドのベスト (鑑定),7,鑑定,94.2,OLD_REALM,2026-08-11
セラドのベスト (鑑定),8,鑑定,392.5,OLD_REALM,2026-08-11
セラドのベルト,0,なし,56.52,OLD_REALM,2026-08-11
セラドのベルト,13,なし,172.70000000000002,OLD_REALM,2026-08-11
セラドのベルト,17,なし,785.0,OLD_REALM,2026-08-11
セラドのリング,0,なし,50.24,OLD_REALM,2026-08-11
セラドのリング,12,なし,157.0,OLD_REALM,2026-08-11
セラドのリング,13,なし,141.3,OLD_REALM,2026-08-11
セラドのリング,15,なし,157.0,OLD_REALM,2026-08-11
セラドのレガース (未鑑定),0,未鑑定,15.7,OLD_REALM,2026-08-11
セラドのレガース (鑑定),0,鑑定,15.7,OLD_REALM,2026-08-11
セラドのレガース (鑑定),10,鑑定,516.53,OLD_REALM,2026-08-11
セラドのレガース (鑑定),5,鑑定,15.7,OLD_REALM,2026-08-11
セラドのレガース (鑑定),6,鑑定,25.12,OLD_REALM,2026-08-11
セラドのレガース (鑑定),7,鑑定,62.8,OLD_REALM,2026-08-11
セラドのローブ (未鑑定),0,未鑑定,15.7,OLD_REALM,2026-08-11
セラドのローブ (鑑定),0,鑑定,15.7,OLD_REALM,2026-08-11
セラドのローブ (鑑定),10,鑑定,628.0,OLD_REALM,2026-08-11
セラドのローブ (鑑定),5,鑑定,15.7,OLD_REALM,2026-08-11
セラドのローブ (鑑定),6,鑑定,37.68,OLD_REALM,2026-08-11
セラドのローブ (鑑定),7,鑑定,114.61,OLD_REALM,2026-08-11
セラドのローブ (鑑定),8,鑑定,312.43,OLD_REALM,2026-08-11
セラドのローブ (鑑定),9,鑑定,376.8,OLD_REALM,2026-08-11
セラドの剣/盾 (未鑑定),0,未鑑定,130.31,OLD_REALM,2026-08-11
セラドの剣/盾 (鑑定),0,鑑定,172.70000000000002,OLD_REALM,2026-08-11
セラドの剣/盾 (鑑定),10,鑑定,706.5,OLD_REALM,2026-08-11
セラドの剣/盾 (鑑定),12,鑑定,2841.7000000000003,OLD_REALM,2026-08-11
セラドの剣/盾 (鑑定),7,鑑定,149.15,OLD_REALM,2026-08-11
セラドの剣/盾 (鑑定),8,鑑定,455.3,OLD_REALM,2026-08-11
セラドの剣/盾 (鑑定),9,鑑定,620.15,OLD_REALM,2026-08-11
セラドの勇猛マント (未鑑定),0,未鑑定,45.53,OLD_REALM,2026-08-11
セラドの勇猛マント (鑑定),0,鑑定,312.43,OLD_REALM,2026-08-11
セラドの勇猛マント (鑑定),2,鑑定,392.5,OLD_REALM,2026-08-11
セラドの勇猛マント (鑑定),5,鑑定,3879.47,OLD_REALM,2026-08-11
セラドの大剣 (未鑑定),0,未鑑定,113.04,OLD_REALM,2026-08-11
セラドの大剣 (鑑定),0,鑑定,135.02,OLD_REALM,2026-08-11
セラドの大剣 (鑑定),10,鑑定,628.0,OLD_REALM,2026-08-11
セラドの大剣 (鑑定),11,鑑定,1256.0,OLD_REALM,2026-08-11
セラドの大剣 (鑑定),12,鑑定,1422.42,OLD_REALM,2026-08-11
セラドの大剣 (鑑定),13,鑑定,7856.28,OLD_REALM,2026-08-11
セラドの大剣 (鑑定),7,鑑定,141.3,OLD_REALM,2026-08-11
セラドの大剣 (鑑定),8,鑑定,409.77,OLD_REALM,2026-08-11
セラドの大剣 (鑑定),9,鑑定,455.3,OLD_REALM,2026-08-11
セラドの布ズボン (未鑑定),0,未鑑定,15.7,OLD_REALM,2026-08-11
セラドの布ズボン (鑑定),0,鑑定,15.7,OLD_REALM,2026-08-11
セラドの布ズボン (鑑定),10,鑑定,332.84000000000003,OLD_REALM,2026-08-11
セラドの布ズボン (鑑定),11,鑑定,596.6,OLD_REALM,2026-08-11
セラドの布ズボン (鑑定),5,鑑定,15.7,OLD_REALM,2026-08-11
セラドの布ズボン (鑑定),6,鑑定,37.68,OLD_REALM,2026-08-11
セラドの布ズボン (鑑定),7,鑑定,157.0,OLD_REALM,2026-08-11
セラドの布ズボン (鑑定),8,鑑定,232.36,OLD_REALM,2026-08-11
セラドの布ズボン (鑑定),9,鑑定,157.0,OLD_REALM,2026-08-11
セラドの帽子 (未鑑定),0,未鑑定,15.7,OLD_REALM,2026-08-11
セラドの帽子 (鑑定),0,鑑定,15.7,OLD_REALM,2026-08-11
セラドの帽子 (鑑定),10,鑑定,188.4,OLD_REALM,2026-08-11
セラドの帽子 (鑑定),11,鑑定,894.9,OLD_REALM,2026-08-11
セラドの帽子 (鑑定),5,鑑定,15.7,OLD_REALM,2026-08-11
セラドの帽子 (鑑定),6,鑑定,37.68,OLD_REALM,2026-08-11
セラドの帽子 (鑑定),7,鑑定,157.0,OLD_REALM,2026-08-11
セラドの帽子 (鑑定),8,鑑定,471.0,OLD_REALM,2026-08-11
セラドの弓 (未鑑定),0,未鑑定,227.65,OLD_REALM,2026-08-11
セラドの弓 (鑑定),0,鑑定,232.36,OLD_REALM,2026-08-11
セラドの弓 (鑑定),10,鑑定,1020.5,OLD_REALM,2026-08-11
セラドの弓 (鑑定),11,鑑定,5722.650000000001,OLD_REALM,2026-08-11
セラドの弓 (鑑定),12,鑑定,6594.0,OLD_REALM,2026-08-11
セラドの弓 (鑑定),7,鑑定,233.93,OLD_REALM,2026-08-11
セラドの弓 (鑑定),8,鑑定,549.5,OLD_REALM,2026-08-11
セラドの弓 (鑑定),9,鑑定,690.8000000000001,OLD_REALM,2026-08-11
セラドの戦棒 (未鑑定),0,未鑑定,314.0,OLD_REALM,2026-08-11
セラドの戦棒 (鑑定),0,鑑定,392.5,OLD_REALM,2026-08-11
セラドの戦棒 (鑑定),10,鑑定,1171.22,OLD_REALM,2026-08-11
セラドの戦棒 (鑑定),11,鑑定,1570.0,OLD_REALM,2026-08-11
セラドの戦棒 (鑑定),12,鑑定,2904.5,OLD_REALM,2026-08-11
セラドの戦棒 (鑑定),15,鑑定,125600.0,OLD_REALM,2026-08-11
セラドの戦棒 (鑑定),6,鑑定,471.0,OLD_REALM,2026-08-11
セラドの戦棒 (鑑定),7,鑑定,389.36,OLD_REALM,2026-08-11
セラドの戦棒 (鑑定),8,鑑定,879.1999999999999,OLD_REALM,2026-08-11
セラドの戦棒 (鑑定),9,鑑定,1256.0,OLD_REALM,2026-08-11
セラドの戦闘マント (未鑑定),0,未鑑定,58.09,OLD_REALM,2026-08-11
セラドの戦闘マント (鑑定),5,鑑定,3874.76,OLD_REALM,2026-08-11
セラドの戦闘盾 (未鑑定),0,未鑑定,116.18,OLD_REALM,2026-08-11
セラドの戦闘盾 (鑑定),0,鑑定,265.33,OLD_REALM,2026-08-11
セラドの戦闘盾 (鑑定),10,鑑定,854.08,OLD_REALM,2026-08-11
セラドの戦闘盾 (鑑定),11,鑑定,1727.0,OLD_REALM,2026-08-11
セラドの戦闘盾 (鑑定),12,鑑定,3485.4,OLD_REALM,2026-08-11
セラドの戦闘盾 (鑑定),6,鑑定,785.0,OLD_REALM,2026-08-11
セラドの戦闘盾 (鑑定),7,鑑定,516.53,OLD_REALM,2026-08-11
セラドの戦闘盾 (鑑定),8,鑑定,288.88,OLD_REALM,2026-08-11
セラドの手甲 (未鑑定),0,未鑑定,15.7,OLD_REALM,2026-08-11
セラドの手甲 (鑑定),0,鑑定,17.27,OLD_REALM,2026-08-11
セラドの手甲 (鑑定),10,鑑定,425.47,OLD_REALM,2026-08-11
セラドの手甲 (鑑定),5,鑑定,48.67,OLD_REALM,2026-08-11
セラドの手甲 (鑑定),6,鑑定,45.53,OLD_REALM,2026-08-11
セラドの手甲 (鑑定),7,鑑定,157.0,OLD_REALM,2026-08-11
セラドの杖 (未鑑定),0,未鑑定,139.73,OLD_REALM,2026-08-11
セラドの杖 (鑑定),0,鑑定,147.57999999999998,OLD_REALM,2026-08-11
セラドの杖 (鑑定),10,鑑定,675.1,OLD_REALM,2026-08-11
セラドの杖 (鑑定),12,鑑定,1884.0,OLD_REALM,2026-08-11
セラドの杖 (鑑定),13,鑑定,8635.0,OLD_REALM,2026-08-11
セラドの杖 (鑑定),6,鑑定,361.1,OLD_REALM,2026-08-11
セラドの杖 (鑑定),7,鑑定,157.0,OLD_REALM,2026-08-11
セラドの杖 (鑑定),8,鑑定,471.0,OLD_REALM,2026-08-11
セラドの杖 (鑑定),9,鑑定,769.3000000000001,OLD_REALM,2026-08-11
セラドの短剣 (未鑑定),0,未鑑定,185.26,OLD_REALM,2026-08-11
セラドの短剣 (鑑定),0,鑑定,218.23,OLD_REALM,2026-08-11
セラドの短剣 (鑑定),10,鑑定,863.5,OLD_REALM,2026-08-11
セラドの短剣 (鑑定),11,鑑定,2328.31,OLD_REALM,2026-08-11
セラドの短剣 (鑑定),12,鑑定,2711.39,OLD_REALM,2026-08-11
セラドの短剣 (鑑定),7,鑑定,182.12,OLD_REALM,2026-08-11
セラドの短剣 (鑑定),8,鑑定,634.28,OLD_REALM,2026-08-11
セラドの短靴 (未鑑定),0,未鑑定,15.7,OLD_REALM,2026-08-11
セラドの短靴 (鑑定),0,鑑定,15.7,OLD_REALM,2026-08-11
セラドの短靴 (鑑定),10,鑑定,384.65,OLD_REALM,2026-08-11
セラドの短靴 (鑑定),5,鑑定,15.7,OLD_REALM,2026-08-11
セラドの短靴 (鑑定),6,鑑定,114.61,OLD_REALM,2026-08-11
セラドの短靴 (鑑定),7,鑑定,153.86,OLD_REALM,2026-08-11
セラドの短靴 (鑑定),8,鑑定,345.40000000000003,OLD_REALM,2026-08-11
セラドの短靴 (鑑定),9,鑑定,706.5,OLD_REALM,2026-08-11
セラドの破壊マント (未鑑定),0,未鑑定,54.95,OLD_REALM,2026-08-11
セラドの籠手 (未鑑定),0,未鑑定,76.92999999999999,OLD_REALM,2026-08-11
セラドの籠手 (鑑定),0,鑑定,73.78999999999999,OLD_REALM,2026-08-11
セラドの籠手 (鑑定),10,鑑定,359.53000000000003,OLD_REALM,2026-08-11
セラドの籠手 (鑑定),12,鑑定,1334.5,OLD_REALM,2026-08-11
セラドの籠手 (鑑定),7,鑑定,75.36,OLD_REALM,2026-08-11
セラドの籠手 (鑑定),8,鑑定,331.27,OLD_REALM,2026-08-11
セラドの籠手 (鑑定),9,鑑定,533.8,OLD_REALM,2026-08-11
セラドの精霊マント (未鑑定),0,未鑑定,31.4,OLD_REALM,2026-08-11
セラドの精霊マント (鑑定),2,鑑定,544.7900000000001,OLD_REALM,2026-08-11
セラドの鎧 (未鑑定),0,未鑑定,15.7,OLD_REALM,2026-08-11
セラドの鎧 (鑑定),0,鑑定,15.7,OLD_REALM,2026-08-11
セラドの鎧 (鑑定),5,鑑定,15.7,OLD_REALM,2026-08-11
セラドの鎧 (鑑定),6,鑑定,23.55,OLD_REALM,2026-08-11
セラドの鎧 (鑑定),7,鑑定,94.2,OLD_REALM,2026-08-11
セラドの鎧 (鑑定),8,鑑定,290.45,OLD_REALM,2026-08-11
セラドの長靴 (未鑑定),0,未鑑定,15.7,OLD_REALM,2026-08-11
セラドの長靴 (鑑定),0,鑑定,15.7,OLD_REALM,2026-08-11
セラドの長靴 (鑑定),10,鑑定,438.03,OLD_REALM,2026-08-11
セラドの長靴 (鑑定),11,鑑定,628.0,OLD_REALM,2026-08-11
セラドの長靴 (鑑定),5,鑑定,15.7,OLD_REALM,2026-08-11
セラドの長靴 (鑑定),6,鑑定,18.84,OLD_REALM,2026-08-11
セラドの長靴 (鑑定),7,鑑定,157.0,OLD_REALM,2026-08-11
セラドの長靴 (鑑定),8,鑑定,1099.0,OLD_REALM,2026-08-11
セラドの長靴 (鑑定),9,鑑定,188.4,OLD_REALM,2026-08-11
セラドの革ズボン (未鑑定),0,未鑑定,15.7,OLD_REALM,2026-08-11
セラドの革ズボン (鑑定),0,鑑定,15.7,OLD_REALM,2026-08-11
セラドの革ズボン (鑑定),5,鑑定,15.7,OLD_REALM,2026-08-11
セラドの革ズボン (鑑定),6,鑑定,31.4,OLD_REALM,2026-08-11
セラドの革ズボン (鑑定),7,鑑定,157.0,OLD_REALM,2026-08-11
セラドの革ズボン (鑑定),8,鑑定,141.3,OLD_REALM,2026-08-11
セラドの革ズボン (鑑定),9,鑑定,321.85,OLD_REALM,2026-08-11
セルスのイヤリング,0,なし,1529.18,OLD_REALM,2026-08-11
セルスのイヤリング,10,なし,1993.9,OLD_REALM,2026-08-11
セルスのイヤリング,13,なし,1934.24,OLD_REALM,2026-08-11
セルスのイヤリング,16,なし,7850.0,OLD_REALM,2026-08-11
セルスのガントレット (未鑑定),0,未鑑定,75.36,OLD_REALM,2026-08-11
セルスのガントレット (鑑定),0,鑑定,47.1,OLD_REALM,2026-08-11
セルスのガントレット (鑑定),10,鑑定,3140.0,OLD_REALM,2026-08-11
セルスのガントレット (鑑定),4,鑑定,188.4,OLD_REALM,2026-08-11
セルスのガントレット (鑑定),5,鑑定,50.24,OLD_REALM,2026-08-11
セルスのガントレット (鑑定),6,鑑定,136.59,OLD_REALM,2026-08-11
セルスのガントレット (鑑定),7,鑑定,271.61,OLD_REALM,2026-08-11
セルスのガントレット (鑑定),8,鑑定,427.04,OLD_REALM,2026-08-11
セルスのガントレット (鑑定),9,鑑定,2618.76,OLD_REALM,2026-08-11
セルスのクロスボウ (未鑑定),0,未鑑定,16021.85,OLD_REALM,2026-08-11
セルスのクロスボウ (鑑定),0,鑑定,23250.13,OLD_REALM,2026-08-11
セルスのクロスボウ (鑑定),10,鑑定,23896.97,OLD_REALM,2026-08-11
セルスのクロスボウ (鑑定),8,鑑定,25842.2,OLD_REALM,2026-08-11
セルスのグリーヴ (未鑑定),0,未鑑定,114.61,OLD_REALM,2026-08-11
セルスのグリーヴ (鑑定),0,鑑定,73.78999999999999,OLD_REALM,2026-08-11
セルスのグリーヴ (鑑定),5,鑑定,64.36999999999999,OLD_REALM,2026-08-11
セルスのグリーヴ (鑑定),6,鑑定,152.29,OLD_REALM,2026-08-11
セルスのグリーヴ (鑑定),7,鑑定,392.5,OLD_REALM,2026-08-11
セルスのグリーヴ (鑑定),8,鑑定,334.41,OLD_REALM,2026-08-11
セルスのグリーヴ (鑑定),9,鑑定,1549.59,OLD_REALM,2026-08-11
セルスのグローブ (未鑑定),0,未鑑定,290.45,OLD_REALM,2026-08-11
セルスのグローブ (鑑定),0,鑑定,249.63,OLD_REALM,2026-08-11
セルスのグローブ (鑑定),4,鑑定,471.0,OLD_REALM,2026-08-11
セルスのグローブ (鑑定),5,鑑定,649.9799999999999,OLD_REALM,2026-08-11
セルスのグローブ (鑑定),6,鑑定,361.1,OLD_REALM,2026-08-11
セルスのグローブ (鑑定),7,鑑定,1290.5400000000002,OLD_REALM,2026-08-11
セルスのグローブ (鑑定),8,鑑定,1256.0,OLD_REALM,2026-08-11
セルスのグローブ (鑑定),9,鑑定,4710.0,OLD_REALM,2026-08-11
セルスのサイド (未鑑定),0,未鑑定,65274.32,OLD_REALM,2026-08-11
セルスのサイド (鑑定),10,鑑定,103569.76,OLD_REALM,2026-08-11
セルスのネックレス,12,なし,10676.0,OLD_REALM,2026-08-11
セルスのネックレス,16,なし,31400.0,OLD_REALM,2026-08-11
セルスのネックレス,17,なし,14915.0,OLD_REALM,2026-08-11
セルスのネックレス,20,なし,62800.0,OLD_REALM,2026-08-11
セルスのフード (未鑑定),0,未鑑定,238.64,OLD_REALM,2026-08-11
セルスのフード (鑑定),0,鑑定,113.04,OLD_REALM,2026-08-11
セルスのフード (鑑定),11,鑑定,36110.0,OLD_REALM,2026-08-11
セルスのフード (鑑定),4,鑑定,533.8,OLD_REALM,2026-08-11
セルスのフード (鑑定),5,鑑定,124.03,OLD_REALM,2026-08-11
セルスのフード (鑑定),6,鑑定,157.0,OLD_REALM,2026-08-11
セルスのフード (鑑定),7,鑑定,643.6999999999999,OLD_REALM,2026-08-11
セルスのフード (鑑定),8,鑑定,942.0,OLD_REALM,2026-08-11
セルスのブレスレット,0,なし,1543.31,OLD_REALM,2026-08-11
セルスのブレスレット,12,なし,2215.27,OLD_REALM,2026-08-11
セルスのブレスレット,16,なし,3100.75,OLD_REALM,2026-08-11
セルスのブレスレット,18,なし,4391.29,OLD_REALM,2026-08-11
セルスのヘルム (未鑑定),0,未鑑定,67.51,OLD_REALM,2026-08-11
セルスのヘルム (鑑定),0,鑑定,56.52,OLD_REALM,2026-08-11
セルスのヘルム (鑑定),10,鑑定,1570.0,OLD_REALM,2026-08-11
セルスのヘルム (鑑定),4,鑑定,246.49,OLD_REALM,2026-08-11
セルスのヘルム (鑑定),5,鑑定,102.05,OLD_REALM,2026-08-11
セルスのヘルム (鑑定),6,鑑定,128.73999999999998,OLD_REALM,2026-08-11
セルスのヘルム (鑑定),7,鑑定,282.6,OLD_REALM,2026-08-11
セルスのヘルム (鑑定),8,鑑定,690.8000000000001,OLD_REALM,2026-08-11
セルスのヘルム (鑑定),9,鑑定,1033.06,OLD_REALM,2026-08-11
セルスのベスト (未鑑定),0,未鑑定,153.86,OLD_REALM,2026-08-11
セルスのベスト (鑑定),0,鑑定,89.49,OLD_REALM,2026-08-11
セルスのベスト (鑑定),5,鑑定,226.08,OLD_REALM,2026-08-11
セルスのベスト (鑑定),6,鑑定,204.1,OLD_REALM,2026-08-11
セルスのベスト (鑑定),7,鑑定,916.88,OLD_REALM,2026-08-11
セルスのベスト (鑑定),8,鑑定,763.0200000000001,OLD_REALM,2026-08-11
セルスのベスト (鑑定),9,鑑定,1411.43,OLD_REALM,2026-08-11
セルスのベルト,0,なし,1711.3,OLD_REALM,2026-08-11
セルスのリング,0,なし,1877.72,OLD_REALM,2026-08-11
セルスのレガース (未鑑定),0,未鑑定,75.36,OLD_REALM,2026-08-11
セルスのレガース (鑑定),0,鑑定,39.25,OLD_REALM,2026-08-11
セルスのレガース (鑑定),11,鑑定,5181.0,OLD_REALM,2026-08-11
セルスのレガース (鑑定),4,鑑定,78.5,OLD_REALM,2026-08-11
セルスのレガース (鑑定),5,鑑定,50.24,OLD_REALM,2026-08-11
セルスのレガース (鑑定),6,鑑定,113.04,OLD_REALM,2026-08-11
セルスのレガース (鑑定),7,鑑定,314.0,OLD_REALM,2026-08-11
セルスのレガース (鑑定),8,鑑定,455.3,OLD_REALM,2026-08-11
セルスのレガース (鑑定),9,鑑定,2601.49,OLD_REALM,2026-08-11
セルスのローブ (未鑑定),0,未鑑定,102.05,OLD_REALM,2026-08-11
セルスのローブ (鑑定),0,鑑定,125.6,OLD_REALM,2026-08-11
セルスのローブ (鑑定),5,鑑定,124.03,OLD_REALM,2026-08-11
セルスのローブ (鑑定),6,鑑定,235.5,OLD_REALM,2026-08-11
セルスのローブ (鑑定),7,鑑定,549.5,OLD_REALM,2026-08-11
セルスのローブ (鑑定),8,鑑定,1141.39,OLD_REALM,2026-08-11
セルスのローブ (鑑定),9,鑑定,1219.89,OLD_REALM,2026-08-11
セルスの剣/盾 (未鑑定),0,未鑑定,17929.4,OLD_REALM,2026-08-11
セルスの剣/盾 (鑑定),10,鑑定,25835.92,OLD_REALM,2026-08-11
セルスの剣/盾 (鑑定),8,鑑定,10440.5,OLD_REALM,2026-08-11
セルスの剣/盾 (鑑定),9,鑑定,18084.83,OLD_REALM,2026-08-11
セルスの勇猛マント (鑑定),2,鑑定,1549.59,OLD_REALM,2026-08-11
セルスの勇猛マント (鑑定),5,鑑定,34540.0,OLD_REALM,2026-08-11
セルスの大剣 (未鑑定),0,未鑑定,9451.4,OLD_REALM,2026-08-11
セルスの大剣 (鑑定),10,鑑定,14444.0,OLD_REALM,2026-08-11
セルスの大剣 (鑑定),8,鑑定,14257.17,OLD_REALM,2026-08-11
セルスの大剣 (鑑定),9,鑑定,27134.31,OLD_REALM,2026-08-11
セルスの布ズボン (未鑑定),0,未鑑定,73.78999999999999,OLD_REALM,2026-08-11
セルスの布ズボン (鑑定),0,鑑定,54.95,OLD_REALM,2026-08-11
セルスの布ズボン (鑑定),10,鑑定,1458.53,OLD_REALM,2026-08-11
セルスの布ズボン (鑑定),4,鑑定,65.94,OLD_REALM,2026-08-11
セルスの布ズボン (鑑定),5,鑑定,50.24,OLD_REALM,2026-08-11
セルスの布ズボン (鑑定),6,鑑定,51.81,OLD_REALM,2026-08-11
セルスの布ズボン (鑑定),7,鑑定,312.43,OLD_REALM,2026-08-11
セルスの布ズボン (鑑定),8,鑑定,254.34,OLD_REALM,2026-08-11
セルスの布ズボン (鑑定),9,鑑定,1256.0,OLD_REALM,2026-08-11
セルスの帽子 (未鑑定),0,未鑑定,91.06,OLD_REALM,2026-08-11
セルスの帽子 (鑑定),0,鑑定,59.66,OLD_REALM,2026-08-11
セルスの帽子 (鑑定),4,鑑定,218.23,OLD_REALM,2026-08-11
セルスの帽子 (鑑定),5,鑑定,67.51,OLD_REALM,2026-08-11
セルスの帽子 (鑑定),6,鑑定,157.0,OLD_REALM,2026-08-11
セルスの帽子 (鑑定),7,鑑定,219.8,OLD_REALM,2026-08-11
セルスの帽子 (鑑定),8,鑑定,324.98999999999995,OLD_REALM,2026-08-11
セルスの帽子 (鑑定),9,鑑定,645.2700000000001,OLD_REALM,2026-08-11
セルスの弓 (未鑑定),0,未鑑定,14444.0,OLD_REALM,2026-08-11
セルスの弓 (鑑定),10,鑑定,28762.4,OLD_REALM,2026-08-11
セルスの弓 (鑑定),8,鑑定,12545.87,OLD_REALM,2026-08-11
セルスの弓 (鑑定),9,鑑定,28260.0,OLD_REALM,2026-08-11
セルスの戦棒 (未鑑定),0,未鑑定,17270.0,OLD_REALM,2026-08-11
セルスの戦棒 (鑑定),10,鑑定,24027.28,OLD_REALM,2026-08-11
セルスの戦棒 (鑑定),8,鑑定,15543.0,OLD_REALM,2026-08-11
セルスの戦闘マント (鑑定),0,鑑定,3058.36,OLD_REALM,2026-08-11
セルスの戦闘マント (鑑定),2,鑑定,2986.14,OLD_REALM,2026-08-11
セルスの戦闘盾 (未鑑定),0,未鑑定,10676.0,OLD_REALM,2026-08-11
セルスの戦闘盾 (鑑定),10,鑑定,16711.079999999998,OLD_REALM,2026-08-11
セルスの戦闘盾 (鑑定),8,鑑定,7898.67,OLD_REALM,2026-08-11
セルスの手甲 (未鑑定),0,未鑑定,102.05,OLD_REALM,2026-08-11
セルスの手甲 (鑑定),0,鑑定,48.67,OLD_REALM,2026-08-11
セルスの手甲 (鑑定),10,鑑定,4601.67,OLD_REALM,2026-08-11
セルスの手甲 (鑑定),4,鑑定,53.38,OLD_REALM,2026-08-11
セルスの手甲 (鑑定),5,鑑定,94.2,OLD_REALM,2026-08-11
セルスの手甲 (鑑定),6,鑑定,78.5,OLD_REALM,2026-08-11
セルスの手甲 (鑑定),7,鑑定,157.0,OLD_REALM,2026-08-11
セルスの手甲 (鑑定),8,鑑定,314.0,OLD_REALM,2026-08-11
セルスの手甲 (鑑定),9,鑑定,785.0,OLD_REALM,2026-08-11
セルスの杖 (鑑定),0,鑑定,21980.0,OLD_REALM,2026-08-11
セルスの杖 (鑑定),10,鑑定,11947.7,OLD_REALM,2026-08-11
セルスの杖 (鑑定),8,鑑定,6458.9800000000005,OLD_REALM,2026-08-11
セルスの杖 (鑑定),9,鑑定,13412.51,OLD_REALM,2026-08-11
セルスの短剣 (鑑定),10,鑑定,20410.0,OLD_REALM,2026-08-11
セルスの短剣 (鑑定),8,鑑定,18117.8,OLD_REALM,2026-08-11
セルスの短剣 (鑑定),9,鑑定,31400.0,OLD_REALM,2026-08-11
セルスの短靴 (未鑑定),0,未鑑定,183.69,OLD_REALM,2026-08-11
セルスの短靴 (鑑定),0,鑑定,131.88,OLD_REALM,2026-08-11
セルスの短靴 (鑑定),5,鑑定,124.03,OLD_REALM,2026-08-11
セルスの短靴 (鑑定),6,鑑定,157.0,OLD_REALM,2026-08-11
セルスの短靴 (鑑定),7,鑑定,412.91,OLD_REALM,2026-08-11
セルスの短靴 (鑑定),8,鑑定,626.4300000000001,OLD_REALM,2026-08-11
セルスの短靴 (鑑定),9,鑑定,2179.1600000000003,OLD_REALM,2026-08-11
セルスの籠手 (未鑑定),0,未鑑定,3885.75,OLD_REALM,2026-08-11
セルスの籠手 (鑑定),8,鑑定,6729.02,OLD_REALM,2026-08-11
セルスの精霊マント (未鑑定),0,未鑑定,1334.5,OLD_REALM,2026-08-11
セルスの精霊マント (鑑定),6,鑑定,23878.13,OLD_REALM,2026-08-11
セルスの鎧 (未鑑定),0,未鑑定,64.36999999999999,OLD_REALM,2026-08-11
セルスの鎧 (鑑定),0,鑑定,59.66,OLD_REALM,2026-08-11
セルスの鎧 (鑑定),10,鑑定,1727.0,OLD_REALM,2026-08-11
セルスの鎧 (鑑定),4,鑑定,62.8,OLD_REALM,2026-08-11
セルスの鎧 (鑑定),5,鑑定,116.18,OLD_REALM,2026-08-11
セルスの鎧 (鑑定),6,鑑定,127.17,OLD_REALM,2026-08-11
セルスの鎧 (鑑定),7,鑑定,284.17,OLD_REALM,2026-08-11
セルスの鎧 (鑑定),8,鑑定,596.6,OLD_REALM,2026-08-11
セルスの鎧 (鑑定),9,鑑定,863.5,OLD_REALM,2026-08-11
セルスの長靴 (未鑑定),0,未鑑定,89.49,OLD_REALM,2026-08-11
セルスの長靴 (鑑定),0,鑑定,50.24,OLD_REALM,2026-08-11
セルスの長靴 (鑑定),10,鑑定,2198.0,OLD_REALM,2026-08-11
セルスの長靴 (鑑定),4,鑑定,141.3,OLD_REALM,2026-08-11
セルスの長靴 (鑑定),5,鑑定,64.36999999999999,OLD_REALM,2026-08-11
セルスの長靴 (鑑定),6,鑑定,157.0,OLD_REALM,2026-08-11
セルスの長靴 (鑑定),7,鑑定,233.93,OLD_REALM,2026-08-11
セルスの長靴 (鑑定),8,鑑定,345.40000000000003,OLD_REALM,2026-08-11
セルスの長靴 (鑑定),9,鑑定,513.39,OLD_REALM,2026-08-11
セルスの革ズボン (未鑑定),0,未鑑定,119.32,OLD_REALM,2026-08-11
セルスの革ズボン (鑑定),0,鑑定,91.06,OLD_REALM,2026-08-11
セルスの革ズボン (鑑定),5,鑑定,218.23,OLD_REALM,2026-08-11
セルスの革ズボン (鑑定),6,鑑定,157.0,OLD_REALM,2026-08-11
セルスの革ズボン (鑑定),7,鑑定,715.92,OLD_REALM,2026-08-11
セルスの革ズボン (鑑定),8,鑑定,475.71,OLD_REALM,2026-08-11
セルスの革ズボン (鑑定),9,鑑定,1020.5,OLD_REALM,2026-08-11
セルビスのイヤリング,0,なし,45.53,OLD_REALM,2026-08-11
セルビスのイヤリング,1,なし,149.15,OLD_REALM,2026-08-11
セルビスのイヤリング,10,なし,254.34,OLD_REALM,2026-08-11
セルビスのイヤリング,12,なし,141.3,OLD_REALM,2026-08-11
セルビスのイヤリング,13,なし,157.0,OLD_REALM,2026-08-11
セルビスのイヤリング,15,なし,155.43,OLD_REALM,2026-08-11
セルビスのイヤリング,16,なし,268.47,OLD_REALM,2026-08-11
セルビスのイヤリング,2,なし,2565.38,OLD_REALM,2026-08-11
セルビスのイヤリング,5,なし,180.55,OLD_REALM,2026-08-11
セルビスのガントレット (未鑑定),0,未鑑定,15.7,OLD_REALM,2026-08-11
セルビスのガントレット (鑑定),0,鑑定,15.7,OLD_REALM,2026-08-11
セルビスのガントレット (鑑定),10,鑑定,560.49,OLD_REALM,2026-08-11
セルビスのガントレット (鑑定),12,鑑定,4840.31,OLD_REALM,2026-08-11
セルビスのガントレット (鑑定),5,鑑定,15.7,OLD_REALM,2026-08-11
セルビスのガントレット (鑑定),6,鑑定,37.68,OLD_REALM,2026-08-11
セルビスのガントレット (鑑定),7,鑑定,227.65,OLD_REALM,2026-08-11
セルビスのガントレット (鑑定),8,鑑定,310.86,OLD_REALM,2026-08-11
セルビスのガントレット (鑑定),9,鑑定,301.44,OLD_REALM,2026-08-11
セルビスのクロスボウ (未鑑定),0,未鑑定,1177.5,OLD_REALM,2026-08-11
セルビスのクロスボウ (鑑定),6,鑑定,1334.5,OLD_REALM,2026-08-11
セルビスのクロスボウ (鑑定),7,鑑定,952.99,OLD_REALM,2026-08-11
セルビスのクロスボウ (鑑定),8,鑑定,1146.1,OLD_REALM,2026-08-11
セルビスのグリーヴ (鑑定),0,鑑定,28.26,OLD_REALM,2026-08-11
セルビスのグリーヴ (鑑定),5,鑑定,127.17,OLD_REALM,2026-08-11
セルビスのグリーヴ (鑑定),6,鑑定,314.0,OLD_REALM,2026-08-11
セルビスのグリーヴ (鑑定),8,鑑定,235.5,OLD_REALM,2026-08-11
セルビスのグリーヴ (鑑定),9,鑑定,430.18,OLD_REALM,2026-08-11
セルビスのグローブ (鑑定),0,鑑定,138.16,OLD_REALM,2026-08-11
セルビスのグローブ (鑑定),10,鑑定,314.0,OLD_REALM,2026-08-11
セルビスのグローブ (鑑定),5,鑑定,138.16,OLD_REALM,2026-08-11
セルビスのグローブ (鑑定),6,鑑定,157.0,OLD_REALM,2026-08-11
セルビスのグローブ (鑑定),8,鑑定,306.15,OLD_REALM,2026-08-11
セルビスのサイド (未鑑定),0,未鑑定,514.9599999999999,OLD_REALM,2026-08-11
セルビスのサイド (鑑定),0,鑑定,737.9,OLD_REALM,2026-08-11
セルビスのサイド (鑑定),10,鑑定,6280.0,OLD_REALM,2026-08-11
セルビスのサイド (鑑定),11,鑑定,3140.0,OLD_REALM,2026-08-11
セルビスのサイド (鑑定),12,鑑定,7771.5,OLD_REALM,2026-08-11
セルビスのサイド (鑑定),6,鑑定,1177.5,OLD_REALM,2026-08-11
セルビスのサイド (鑑定),7,鑑定,5174.72,OLD_REALM,2026-08-11
セルビスのサイド (鑑定),8,鑑定,1413.0,OLD_REALM,2026-08-11
セルビスのサイド (鑑定),9,鑑定,2826.0,OLD_REALM,2026-08-11
セルビスのネックレス,0,なし,136.59,OLD_REALM,2026-08-11
セルビスのネックレス,12,なし,314.0,OLD_REALM,2026-08-11
セルビスのネックレス,13,なし,942.0,OLD_REALM,2026-08-11
セルビスのネックレス,14,なし,392.5,OLD_REALM,2026-08-11
セルビスのネックレス,15,なし,431.75,OLD_REALM,2026-08-11
セルビスのネックレス,18,なし,571.48,OLD_REALM,2026-08-11
セルビスのネックレス,19,なし,1554.3,OLD_REALM,2026-08-11
セルビスのネックレス,20,なし,2276.5,OLD_REALM,2026-08-11
セルビスのフード (未鑑定),0,未鑑定,67.51,OLD_REALM,2026-08-11
セルビスのフード (鑑定),0,鑑定,43.96,OLD_REALM,2026-08-11
セルビスのフード (鑑定),5,鑑定,128.73999999999998,OLD_REALM,2026-08-11
セルビスのフード (鑑定),6,鑑定,257.48,OLD_REALM,2026-08-11
セルビスのフード (鑑定),7,鑑定,310.86,OLD_REALM,2026-08-11
セルビスのフード (鑑定),8,鑑定,624.86,OLD_REALM,2026-08-11
セルビスのブレスレット,0,なし,45.53,OLD_REALM,2026-08-11
セルビスのヘルム (未鑑定),0,未鑑定,15.7,OLD_REALM,2026-08-11
セルビスのヘルム (鑑定),0,鑑定,15.7,OLD_REALM,2026-08-11
セルビスのヘルム (鑑定),10,鑑定,549.5,OLD_REALM,2026-08-11
セルビスのヘルム (鑑定),4,鑑定,25.12,OLD_REALM,2026-08-11
セルビスのヘルム (鑑定),5,鑑定,15.7,OLD_REALM,2026-08-11
セルビスのヘルム (鑑定),6,鑑定,78.5,OLD_REALM,2026-08-11
セルビスのヘルム (鑑定),8,鑑定,188.4,OLD_REALM,2026-08-11
セルビスのヘルム (鑑定),9,鑑定,471.0,OLD_REALM,2026-08-11
セルビスのベスト (未鑑定),0,未鑑定,15.7,OLD_REALM,2026-08-11
セルビスのベスト (鑑定),0,鑑定,15.7,OLD_REALM,2026-08-11
セルビスのベスト (鑑定),10,鑑定,628.0,OLD_REALM,2026-08-11
セルビスのベスト (鑑定),5,鑑定,21.98,OLD_REALM,2026-08-11
セルビスのベスト (鑑定),6,鑑定,83.21000000000001,OLD_REALM,2026-08-11
セルビスのベスト (鑑定),8,鑑定,163.28,OLD_REALM,2026-08-11
セルビスのベルト,0,なし,40.82,OLD_REALM,2026-08-11
セルビスのリング,0,なし,45.53,OLD_REALM,2026-08-11
セルビスのリング,12,なし,282.6,OLD_REALM,2026-08-11
セルビスのリング,15,なし,785.0,OLD_REALM,2026-08-11
セルビスのレガース (未鑑定),0,未鑑定,43.96,OLD_REALM,2026-08-11
セルビスのレガース (鑑定),5,鑑定,157.0,OLD_REALM,2026-08-11
セルビスのレガース (鑑定),7,鑑定,469.43,OLD_REALM,2026-08-11
セルビスのレガース (鑑定),8,鑑定,638.99,OLD_REALM,2026-08-11
セルビスのローブ (未鑑定),0,未鑑定,15.7,OLD_REALM,2026-08-11
セルビスのローブ (鑑定),0,鑑定,15.7,OLD_REALM,2026-08-11
セルビスのローブ (鑑定),10,鑑定,640.5600000000001,OLD_REALM,2026-08-11
セルビスのローブ (鑑定),5,鑑定,25.12,OLD_REALM,2026-08-11
セルビスのローブ (鑑定),6,鑑定,109.9,OLD_REALM,2026-08-11
セルビスのローブ (鑑定),7,鑑定,139.73,OLD_REALM,2026-08-11
セルビスのローブ (鑑定),8,鑑定,204.1,OLD_REALM,2026-08-11
セルビスのローブ (鑑定),9,鑑定,412.91,OLD_REALM,2026-08-11
セルビスの剣/盾 (未鑑定),0,未鑑定,379.94,OLD_REALM,2026-08-11
セルビスの剣/盾 (鑑定),0,鑑定,471.0,OLD_REALM,2026-08-11
セルビスの剣/盾 (鑑定),10,鑑定,2315.75,OLD_REALM,2026-08-11
セルビスの剣/盾 (鑑定),11,鑑定,2370.7,OLD_REALM,2026-08-11
セルビスの剣/盾 (鑑定),12,鑑定,7749.519999999999,OLD_REALM,2026-08-11
セルビスの剣/盾 (鑑定),6,鑑定,596.6,OLD_REALM,2026-08-11
セルビスの剣/盾 (鑑定),8,鑑定,1334.5,OLD_REALM,2026-08-11
セルビスの剣/盾 (鑑定),9,鑑定,785.0,OLD_REALM,2026-08-11
セルビスの勇猛マント (未鑑定),0,未鑑定,28.26,OLD_REALM,2026-08-11
セルビスの勇猛マント (鑑定),0,鑑定,43.96,OLD_REALM,2026-08-11
セルビスの勇猛マント (鑑定),1,鑑定,282.6,OLD_REALM,2026-08-11
セルビスの勇猛マント (鑑定),3,鑑定,84.78,OLD_REALM,2026-08-11
セルビスの勇猛マント (鑑定),5,鑑定,401.92,OLD_REALM,2026-08-11
セルビスの勇猛マント (鑑定),6,鑑定,2198.0,OLD_REALM,2026-08-11
セルビスの大剣 (未鑑定),0,未鑑定,196.25,OLD_REALM,2026-08-11
セルビスの大剣 (鑑定),0,鑑定,706.5,OLD_REALM,2026-08-11
セルビスの大剣 (鑑定),10,鑑定,1164.94,OLD_REALM,2026-08-11
セルビスの大剣 (鑑定),11,鑑定,3815.1,OLD_REALM,2026-08-11
セルビスの大剣 (鑑定),13,鑑定,9418.43,OLD_REALM,2026-08-11
セルビスの大剣 (鑑定),6,鑑定,502.4,OLD_REALM,2026-08-11
セルビスの大剣 (鑑定),7,鑑定,315.57,OLD_REALM,2026-08-11
セルビスの大剣 (鑑定),8,鑑定,783.4300000000001,OLD_REALM,2026-08-11
セルビスの布ズボン (未鑑定),0,未鑑定,15.7,OLD_REALM,2026-08-11
セルビスの布ズボン (鑑定),0,鑑定,31.4,OLD_REALM,2026-08-11
セルビスの布ズボン (鑑定),10,鑑定,471.0,OLD_REALM,2026-08-11
セルビスの布ズボン (鑑定),5,鑑定,127.17,OLD_REALM,2026-08-11
セルビスの布ズボン (鑑定),6,鑑定,157.0,OLD_REALM,2026-08-11
セルビスの布ズボン (鑑定),7,鑑定,310.86,OLD_REALM,2026-08-11
セルビスの布ズボン (鑑定),8,鑑定,547.9300000000001,OLD_REALM,2026-08-11
セルビスの帽子 (未鑑定),0,未鑑定,15.7,OLD_REALM,2026-08-11
セルビスの帽子 (鑑定),0,鑑定,15.7,OLD_REALM,2026-08-11
セルビスの帽子 (鑑定),5,鑑定,15.7,OLD_REALM,2026-08-11
セルビスの帽子 (鑑定),6,鑑定,25.12,OLD_REALM,2026-08-11
セルビスの帽子 (鑑定),9,鑑定,332.84000000000003,OLD_REALM,2026-08-11
セルビスの弓 (未鑑定),0,未鑑定,299.87,OLD_REALM,2026-08-11
セルビスの弓 (鑑定),0,鑑定,1007.94,OLD_REALM,2026-08-11
セルビスの弓 (鑑定),10,鑑定,1006.37,OLD_REALM,2026-08-11
セルビスの弓 (鑑定),12,鑑定,4386.58,OLD_REALM,2026-08-11
セルビスの弓 (鑑定),13,鑑定,9675.91,OLD_REALM,2026-08-11
セルビスの弓 (鑑定),7,鑑定,383.08,OLD_REALM,2026-08-11
セルビスの弓 (鑑定),8,鑑定,628.0,OLD_REALM,2026-08-11
セルビスの弓 (鑑定),9,鑑定,770.87,OLD_REALM,2026-08-11
セルビスの戦棒 (未鑑定),0,未鑑定,335.98,OLD_REALM,2026-08-11
セルビスの戦棒 (鑑定),10,鑑定,2669.0,OLD_REALM,2026-08-11
セルビスの戦棒 (鑑定),7,鑑定,1570.0,OLD_REALM,2026-08-11
セルビスの戦棒 (鑑定),8,鑑定,942.0,OLD_REALM,2026-08-11
セルビスの戦闘マント (未鑑定),0,未鑑定,56.52,OLD_REALM,2026-08-11
セルビスの戦闘マント (鑑定),0,鑑定,45.53,OLD_REALM,2026-08-11
セルビスの戦闘マント (鑑定),2,鑑定,196.25,OLD_REALM,2026-08-11
セルビスの戦闘マント (鑑定),3,鑑定,141.3,OLD_REALM,2026-08-11
セルビスの戦闘マント (鑑定),4,鑑定,785.0,OLD_REALM,2026-08-11
セルビスの戦闘マント (鑑定),5,鑑定,401.92,OLD_REALM,2026-08-11
セルビスの戦闘マント (鑑定),6,鑑定,2355.0,OLD_REALM,2026-08-11
セルビスの戦闘盾 (未鑑定),0,未鑑定,124.03,OLD_REALM,2026-08-11
セルビスの戦闘盾 (鑑定),0,鑑定,157.0,OLD_REALM,2026-08-11
セルビスの戦闘盾 (鑑定),10,鑑定,1067.6,OLD_REALM,2026-08-11
セルビスの戦闘盾 (鑑定),12,鑑定,5179.43,OLD_REALM,2026-08-11
セルビスの戦闘盾 (鑑定),7,鑑定,279.46,OLD_REALM,2026-08-11
セルビスの戦闘盾 (鑑定),8,鑑定,471.0,OLD_REALM,2026-08-11
セルビスの戦闘盾 (鑑定),9,鑑定,533.8,OLD_REALM,2026-08-11
セルビスの手甲 (鑑定),0,鑑定,389.36,OLD_REALM,2026-08-11
セルビスの手甲 (鑑定),8,鑑定,389.36,OLD_REALM,2026-08-11
セルビスの手甲 (鑑定),9,鑑定,783.4300000000001,OLD_REALM,2026-08-11
セルビスの杖 (未鑑定),0,未鑑定,196.25,OLD_REALM,2026-08-11
セルビスの杖 (鑑定),0,鑑定,565.2,OLD_REALM,2026-08-11
セルビスの杖 (鑑定),10,鑑定,926.3,OLD_REALM,2026-08-11
セルビスの杖 (鑑定),11,鑑定,2844.84,OLD_REALM,2026-08-11
セルビスの杖 (鑑定),12,鑑定,3408.4700000000003,OLD_REALM,2026-08-11
セルビスの杖 (鑑定),13,鑑定,7536.0,OLD_REALM,2026-08-11
セルビスの杖 (鑑定),7,鑑定,172.70000000000002,OLD_REALM,2026-08-11
セルビスの杖 (鑑定),8,鑑定,596.6,OLD_REALM,2026-08-11
セルビスの杖 (鑑定),9,鑑定,1097.43,OLD_REALM,2026-08-11
セルビスの短剣 (未鑑定),0,未鑑定,282.6,OLD_REALM,2026-08-11
セルビスの短剣 (鑑定),0,鑑定,489.84,OLD_REALM,2026-08-11
セルビスの短剣 (鑑定),10,鑑定,2199.57,OLD_REALM,2026-08-11
セルビスの短剣 (鑑定),12,鑑定,2826.0,OLD_REALM,2026-08-11
セルビスの短剣 (鑑定),7,鑑定,1570.0,OLD_REALM,2026-08-11
セルビスの短剣 (鑑定),8,鑑定,706.5,OLD_REALM,2026-08-11
セルビスの短靴 (未鑑定),0,未鑑定,15.7,OLD_REALM,2026-08-11
セルビスの短靴 (鑑定),0,鑑定,15.7,OLD_REALM,2026-08-11
セルビスの短靴 (鑑定),10,鑑定,628.0,OLD_REALM,2026-08-11
セルビスの短靴 (鑑定),11,鑑定,1099.0,OLD_REALM,2026-08-11
セルビスの短靴 (鑑定),5,鑑定,15.7,OLD_REALM,2026-08-11
セルビスの短靴 (鑑定),6,鑑定,78.5,OLD_REALM,2026-08-11
セルビスの短靴 (鑑定),8,鑑定,345.40000000000003,OLD_REALM,2026-08-11
セルビスの短靴 (鑑定),9,鑑定,392.5,OLD_REALM,2026-08-11
セルビスの破壊マント (未鑑定),0,未鑑定,31.4,OLD_REALM,2026-08-11
セルビスの破壊マント (鑑定),0,鑑定,39.25,OLD_REALM,2026-08-11
セルビスの破壊マント (鑑定),1,鑑定,202.53,OLD_REALM,2026-08-11
セルビスの破壊マント (鑑定),3,鑑定,141.3,OLD_REALM,2026-08-11
セルビスの破壊マント (鑑定),4,鑑定,307.72,OLD_REALM,2026-08-11
セルビスの破壊マント (鑑定),5,鑑定,284.17,OLD_REALM,2026-08-11
セルビスの破壊マント (鑑定),6,鑑定,1570.0,OLD_REALM,2026-08-11
セルビスの籠手 (未鑑定),0,未鑑定,200.96,OLD_REALM,2026-08-11
セルビスの籠手 (鑑定),0,鑑定,282.6,OLD_REALM,2026-08-11
セルビスの籠手 (鑑定),10,鑑定,942.0,OLD_REALM,2026-08-11
セルビスの籠手 (鑑定),7,鑑定,281.03000000000003,OLD_REALM,2026-08-11
セルビスの籠手 (鑑定),8,鑑定,645.2700000000001,OLD_REALM,2026-08-11
セルビスの精霊マント (未鑑定),0,未鑑定,32.97,OLD_REALM,2026-08-11
セルビスの精霊マント (鑑定),0,鑑定,31.4,OLD_REALM,2026-08-11
セルビスの精霊マント (鑑定),1,鑑定,255.91,OLD_REALM,2026-08-11
セルビスの精霊マント (鑑定),2,鑑定,257.48,OLD_REALM,2026-08-11
セルビスの精霊マント (鑑定),3,鑑定,205.67,OLD_REALM,2026-08-11
セルビスの精霊マント (鑑定),4,鑑定,166.42000000000002,OLD_REALM,2026-08-11
セルビスの精霊マント (鑑定),5,鑑定,279.46,OLD_REALM,2026-08-11
セルビスの精霊マント (鑑定),6,鑑定,1570.0,OLD_REALM,2026-08-11
セルビスの鎧 (未鑑定),0,未鑑定,15.7,OLD_REALM,2026-08-11
セルビスの鎧 (鑑定),0,鑑定,15.7,OLD_REALM,2026-08-11
セルビスの鎧 (鑑定),12,鑑定,1549.59,OLD_REALM,2026-08-11
セルビスの鎧 (鑑定),5,鑑定,15.7,OLD_REALM,2026-08-11
セルビスの鎧 (鑑定),6,鑑定,78.5,OLD_REALM,2026-08-11
セルビスの鎧 (鑑定),8,鑑定,471.0,OLD_REALM,2026-08-11
セルビスの鎧 (鑑定),9,鑑定,392.5,OLD_REALM,2026-08-11
セルビスの長靴 (未鑑定),0,未鑑定,15.7,OLD_REALM,2026-08-11
セルビスの長靴 (鑑定),0,鑑定,45.53,OLD_REALM,2026-08-11
セルビスの長靴 (鑑定),5,鑑定,84.78,OLD_REALM,2026-08-11
セルビスの長靴 (鑑定),6,鑑定,42.39,OLD_REALM,2026-08-11
セルビスの長靴 (鑑定),7,鑑定,282.6,OLD_REALM,2026-08-11
セルビスの長靴 (鑑定),8,鑑定,469.43,OLD_REALM,2026-08-11
セルビスの革ズボン (未鑑定),0,未鑑定,15.7,OLD_REALM,2026-08-11
セルビスの革ズボン (鑑定),0,鑑定,15.7,OLD_REALM,2026-08-11
セルビスの革ズボン (鑑定),10,鑑定,314.0,OLD_REALM,2026-08-11
セルビスの革ズボン (鑑定),5,鑑定,62.8,OLD_REALM,2026-08-11
セルビスの革ズボン (鑑定),6,鑑定,157.0,OLD_REALM,2026-08-11
セルビスの革ズボン (鑑定),7,鑑定,266.9,OLD_REALM,2026-08-11
セルビスの革ズボン (鑑定),8,鑑定,471.0,OLD_REALM,2026-08-11
ソムニウムのサドル,0,なし,2582.65,OLD_REALM,2026-08-11
テレノスのガントレット (未鑑定),0,未鑑定,11775.0,OLD_REALM,2026-08-11
テレノスのガントレット (鑑定),0,鑑定,12560.0,OLD_REALM,2026-08-11
テレノスのクロスボウ (鑑定),10,鑑定,1413000.0,OLD_REALM,2026-08-11
テレノスのグリーヴ (未鑑定),0,未鑑定,11930.429999999998,OLD_REALM,2026-08-11
テレノスのフード (未鑑定),0,未鑑定,27176.7,OLD_REALM,2026-08-11
テレノスのフード (鑑定),7,鑑定,77652.2,OLD_REALM,2026-08-11
テレノスのレガース (鑑定),6,鑑定,15700.0,OLD_REALM,2026-08-11
テレノスのローブ (未鑑定),0,未鑑定,39250.0,OLD_REALM,2026-08-11
テレノスの剣/盾 (鑑定),10,鑑定,911149.5,OLD_REALM,2026-08-11
テレノスの勇猛マント (未鑑定),0,未鑑定,26660.17,OLD_REALM,2026-08-11
テレノスの大剣 (未鑑定),0,未鑑定,517683.95,OLD_REALM,2026-08-11
テレノスの戦闘マント (鑑定),2,鑑定,13715.52,OLD_REALM,2026-08-11
テレノスの戦闘盾 (未鑑定),0,未鑑定,203943.0,OLD_REALM,2026-08-11
テレノスの短靴 (鑑定),8,鑑定,164850.0,OLD_REALM,2026-08-11
テレノスの破壊マント (鑑定),3,鑑定,19654.83,OLD_REALM,2026-08-11
テレノスの籠手 (未鑑定),0,未鑑定,314000.0,OLD_REALM,2026-08-11
テレノスの精霊マント (未鑑定),0,未鑑定,17270.0,OLD_REALM,2026-08-11
テレノスの精霊マント (鑑定),3,鑑定,23251.7,OLD_REALM,2026-08-11
テレノスの鎧 (未鑑定),0,未鑑定,12525.46,OLD_REALM,2026-08-11
テレノスの長靴 (未鑑定),0,未鑑定,37523.0,OLD_REALM,2026-08-11
テレノスの長靴 (鑑定),8,鑑定,72639.19,OLD_REALM,2026-08-11
テレノスの革ズボン (未鑑定),0,未鑑定,28260.0,OLD_REALM,2026-08-11
テレノスの革ズボン (鑑定),8,鑑定,72639.19,OLD_REALM,2026-08-11
デルフォンのサドル,0,なし,816.4,OLD_REALM,2026-08-11
ドラカスのサドル,0,なし,34.54,OLD_REALM,2026-08-11
ネドラのネックレス,16,なし,9418.43,OLD_REALM,2026-08-11
バフォンのサドル,0,なし,1334.5,OLD_REALM,2026-08-11
パルトのリング,0,なし,328.13,OLD_REALM,2026-08-11
ブルカヌスのサドル,0,なし,2950.03,OLD_REALM,2026-08-11
ペルトロフのサドル,0,なし,194.68,OLD_REALM,2026-08-11
ペルノクスのイヤリング,0,なし,1413.0,OLD_REALM,2026-08-11
ペルノクスのイヤリング,13,なし,6280.0,OLD_REALM,2026-08-11
ペルノクスのイヤリング,16,なし,3454.0,OLD_REALM,2026-08-11
ペルノクスのイヤリング,17,なし,5972.28,OLD_REALM,2026-08-11
ペルノクスのイヤリング,18,なし,3876.33,OLD_REALM,2026-08-11
ペルノクスのイヤリング,20,なし,54165.0,OLD_REALM,2026-08-11
ペルノクスのガントレット (未鑑定),0,未鑑定,155.43,OLD_REALM,2026-08-11
ペルノクスのガントレット (鑑定),0,鑑定,188.4,OLD_REALM,2026-08-11
ペルノクスのガントレット (鑑定),5,鑑定,785.0,OLD_REALM,2026-08-11
ペルノクスのガントレット (鑑定),7,鑑定,292.02000000000004,OLD_REALM,2026-08-11
ペルノクスのガントレット (鑑定),9,鑑定,1570.0,OLD_REALM,2026-08-11
ペルノクスのクロスボウ (鑑定),10,鑑定,35953.0,OLD_REALM,2026-08-11
ペルノクスのグリーヴ (未鑑定),0,未鑑定,169.56,OLD_REALM,2026-08-11
ペルノクスのグリーヴ (鑑定),0,鑑定,813.26,OLD_REALM,2026-08-11
ペルノクスのグローブ (未鑑定),0,未鑑定,353.25,OLD_REALM,2026-08-11
ペルノクスのグローブ (鑑定),0,鑑定,314.0,OLD_REALM,2026-08-11
ペルノクスのグローブ (鑑定),4,鑑定,314.0,OLD_REALM,2026-08-11
ペルノクスのグローブ (鑑定),6,鑑定,525.95,OLD_REALM,2026-08-11
ペルノクスのネックレス,0,なし,11304.0,OLD_REALM,2026-08-11
ペルノクスのネックレス,18,なし,23890.69,OLD_REALM,2026-08-11
ペルノクスのフード (未鑑定),0,未鑑定,514.9599999999999,OLD_REALM,2026-08-11
ペルノクスのフード (鑑定),0,鑑定,471.0,OLD_REALM,2026-08-11
ペルノクスのフード (鑑定),7,鑑定,1138.25,OLD_REALM,2026-08-11
ペルノクスのブレスレット,0,なし,1570.0,OLD_REALM,2026-08-11
ペルノクスのブレスレット,14,なし,6367.92,OLD_REALM,2026-08-11
ペルノクスのブレスレット,15,なし,3103.89,OLD_REALM,2026-08-11
ペルノクスのブレスレット,16,なし,11504.96,OLD_REALM,2026-08-11
ペルノクスのブレスレット,18,なし,6437.0,OLD_REALM,2026-08-11
ペルノクスのヘルム (未鑑定),0,未鑑定,116.18,OLD_REALM,2026-08-11
ペルノクスのヘルム (鑑定),0,鑑定,114.61,OLD_REALM,2026-08-11
ペルノクスのヘルム (鑑定),10,鑑定,2276.5,OLD_REALM,2026-08-11
ペルノクスのヘルム (鑑定),6,鑑定,314.0,OLD_REALM,2026-08-11
ペルノクスのベスト (未鑑定),0,未鑑定,412.91,OLD_REALM,2026-08-11
ペルノクスのベスト (鑑定),0,鑑定,562.0600000000001,OLD_REALM,2026-08-11
ペルノクスのベルト,15,なし,3614.14,OLD_REALM,2026-08-11
ペルノクスのベルト,16,なし,11690.22,OLD_REALM,2026-08-11
ペルノクスのベルト,18,なし,3876.33,OLD_REALM,2026-08-11
ペルノクスのベルト,4,なし,4815.1900000000005,OLD_REALM,2026-08-11
ペルノクスのリング,20,なし,47100.0,OLD_REALM,2026-08-11
ペルノクスのレガース (未鑑定),0,未鑑定,328.13,OLD_REALM,2026-08-11
ペルノクスのレガース (鑑定),10,鑑定,2069.26,OLD_REALM,2026-08-11
ペルノクスのレガース (鑑定),6,鑑定,229.22,OLD_REALM,2026-08-11
ペルノクスのローブ (未鑑定),0,未鑑定,208.81,OLD_REALM,2026-08-11
ペルノクスのローブ (鑑定),0,鑑定,188.4,OLD_REALM,2026-08-11
ペルノクスのローブ (鑑定),6,鑑定,942.0,OLD_REALM,2026-08-11
ペルノクスの勇猛マント (未鑑定),0,未鑑定,2276.5,OLD_REALM,2026-08-11
ペルノクスの布ズボン (未鑑定),0,未鑑定,298.3,OLD_REALM,2026-08-11
ペルノクスの布ズボン (鑑定),6,鑑定,408.2,OLD_REALM,2026-08-11
ペルノクスの帽子 (未鑑定),0,未鑑定,277.89,OLD_REALM,2026-08-11
ペルノクスの帽子 (鑑定),0,鑑定,314.0,OLD_REALM,2026-08-11
ペルノクスの帽子 (鑑定),5,鑑定,910.6,OLD_REALM,2026-08-11
ペルノクスの帽子 (鑑定),6,鑑定,282.6,OLD_REALM,2026-08-11
ペルノクスの帽子 (鑑定),8,鑑定,2826.0,OLD_REALM,2026-08-11
ペルノクスの戦棒 (鑑定),10,鑑定,46629.0,OLD_REALM,2026-08-11
ペルノクスの戦棒 (鑑定),8,鑑定,90428.86,OLD_REALM,2026-08-11
ペルノクスの戦闘マント (鑑定),0,鑑定,1552.73,OLD_REALM,2026-08-11
ペルノクスの戦闘マント (鑑定),2,鑑定,7848.43,OLD_REALM,2026-08-11
ペルノクスの戦闘マント (鑑定),3,鑑定,5495.0,OLD_REALM,2026-08-11
ペルノクスの戦闘マント (鑑定),4,鑑定,8635.0,OLD_REALM,2026-08-11
ペルノクスの戦闘盾 (未鑑定),0,未鑑定,16601.18,OLD_REALM,2026-08-11
ペルノクスの戦闘盾 (鑑定),10,鑑定,23251.7,OLD_REALM,2026-08-11
ペルノクスの手甲 (未鑑定),0,未鑑定,157.0,OLD_REALM,2026-08-11
ペルノクスの手甲 (鑑定),5,鑑定,314.0,OLD_REALM,2026-08-11
ペルノクスの手甲 (鑑定),7,鑑定,703.36,OLD_REALM,2026-08-11
ペルノクスの短剣 (鑑定),10,鑑定,39250.0,OLD_REALM,2026-08-11
ペルノクスの短靴 (未鑑定),0,未鑑定,298.3,OLD_REALM,2026-08-11
ペルノクスの短靴 (鑑定),7,鑑定,1099.0,OLD_REALM,2026-08-11
ペルノクスの破壊マント (未鑑定),0,未鑑定,2394.25,OLD_REALM,2026-08-11
ペルノクスの破壊マント (鑑定),4,鑑定,15930.79,OLD_REALM,2026-08-11
ペルノクスの籠手 (鑑定),8,鑑定,5966.0,OLD_REALM,2026-08-11
ペルノクスの精霊マント (未鑑定),0,未鑑定,1570.0,OLD_REALM,2026-08-11
ペルノクスの精霊マント (鑑定),4,鑑定,7619.21,OLD_REALM,2026-08-11
ペルノクスの鎧 (未鑑定),0,未鑑定,312.43,OLD_REALM,2026-08-11
ペルノクスの鎧 (鑑定),6,鑑定,764.59,OLD_REALM,2026-08-11
ペルノクスの長靴 (未鑑定),0,未鑑定,153.86,OLD_REALM,2026-08-11
ペルノクスの長靴 (鑑定),0,鑑定,125.6,OLD_REALM,2026-08-11
ペルノクスの長靴 (鑑定),8,鑑定,2669.0,OLD_REALM,2026-08-11
ペルノクスの革ズボン (未鑑定),0,未鑑定,200.96,OLD_REALM,2026-08-11
ペルノクスの革ズボン (鑑定),0,鑑定,314.0,OLD_REALM,2026-08-11
ペルノクスの革ズボン (鑑定),6,鑑定,942.0,OLD_REALM,2026-08-11
ラバトニスのサドル,0,なし,326.56,OLD_REALM,2026-08-11
ラベスのサドル,0,なし,2824.43,OLD_REALM,2026-08-11
ランフォンのサドル,0,なし,167.99,OLD_REALM,2026-08-11
リバティのサドル,0,なし,83.21000000000001,OLD_REALM,2026-08-11
レア装飾品強化箱(100個),0,なし,15.7,OLD_REALM,2026-08-11
レプティリスのサドル,0,なし,1061.32,OLD_REALM,2026-08-11
ロディのサドル,0,なし,1433.41,OLD_REALM,2026-08-11
光の戦闘馬のサドル,0,なし,26.69,OLD_REALM,2026-08-11
剣と盾：戦場の先駆者,0,なし,2669.0,OLD_REALM,2026-08-11
剣と盾：機会捕捉,0,なし,15.7,OLD_REALM,2026-08-11
剣と盾：防御修練,0,なし,152.29,OLD_REALM,2026-08-11
大剣：極限の力,0,なし,130.31,OLD_REALM,2026-08-11
大剣：狂戦士の誇り,0,なし,2041.0,OLD_REALM,2026-08-11
大剣：鋭い剣,0,なし,15.7,OLD_REALM,2026-08-11
審判の水晶球 (未鑑定),0,未鑑定,6592.43,OLD_REALM,2026-08-11
審判の水晶球 (鑑定),0,鑑定,3140.0,OLD_REALM,2026-08-11
審判の水晶球 (鑑定),10,鑑定,7850.0,OLD_REALM,2026-08-11
審判の水晶球 (鑑定),7,鑑定,2488.45,OLD_REALM,2026-08-11
審判の王しゃく (未鑑定),0,未鑑定,5652.0,OLD_REALM,2026-08-11
審判の王しゃく (鑑定),0,鑑定,3140.0,OLD_REALM,2026-08-11
審判の聖杯 (鑑定),0,鑑定,2826.0,OLD_REALM,2026-08-11
審判の聖杯 (鑑定),7,鑑定,2826.0,OLD_REALM,2026-08-11
審判の聖杯 (鑑定),8,鑑定,2480.6,OLD_REALM,2026-08-11
弓：品質の良い矢,0,なし,61.23,OLD_REALM,2026-08-11
弓：完璧な狙撃手,0,なし,7061.86,OLD_REALM,2026-08-11
弓：標的照準,0,なし,149.15,OLD_REALM,2026-08-11
戦棒：均衡,0,なし,15.7,OLD_REALM,2026-08-11
戦棒：軽やかな身のこなし,0,なし,172.70000000000002,OLD_REALM,2026-08-11
戦棒：魔法武術の境地,0,なし,16824.12,OLD_REALM,2026-08-11
戦闘盾：光の守護者,0,なし,3532.5,OLD_REALM,2026-08-11
戦闘盾：堅固な鎧,0,なし,15.7,OLD_REALM,2026-08-11
戦闘盾：忍耐力,0,なし,39.25,OLD_REALM,2026-08-11
手懐けられたモネタ狼のサドル,0,なし,86.35000000000001,OLD_REALM,2026-08-11
杖：元素覚醒,0,なし,2512.0,OLD_REALM,2026-08-11
杖：魔力無視,0,なし,15.7,OLD_REALM,2026-08-11
杖：黒オール,0,なし,15.7,OLD_REALM,2026-08-11
武装したバイランの軍馬のサドル,0,なし,36.11,OLD_REALM,2026-08-11
流浪狼のサドル,0,なし,18.84,OLD_REALM,2026-08-11
灰色の夜明けのイヤリング,0,なし,67.51,OLD_REALM,2026-08-11
灰色の夜明けのイヤリング,1,なし,1884.0,OLD_REALM,2026-08-11
灰色の夜明けのイヤリング,12,なし,471.0,OLD_REALM,2026-08-11
灰色の夜明けのガントレット (未鑑定),0,未鑑定,15.7,OLD_REALM,2026-08-11
灰色の夜明けのガントレット (鑑定),0,鑑定,15.7,OLD_REALM,2026-08-11
灰色の夜明けのガントレット (鑑定),10,鑑定,205.67,OLD_REALM,2026-08-11
灰色の夜明けのガントレット (鑑定),5,鑑定,15.7,OLD_REALM,2026-08-11
灰色の夜明けのガントレット (鑑定),6,鑑定,45.53,OLD_REALM,2026-08-11
灰色の夜明けのガントレット (鑑定),7,鑑定,61.23,OLD_REALM,2026-08-11
灰色の夜明けのガントレット (鑑定),8,鑑定,157.0,OLD_REALM,2026-08-11
灰色の夜明けのガントレット (鑑定),9,鑑定,381.5100000000001,OLD_REALM,2026-08-11
灰色の夜明けのクロスボウ (未鑑定),0,未鑑定,175.84,OLD_REALM,2026-08-11
灰色の夜明けのクロスボウ (鑑定),0,鑑定,139.73,OLD_REALM,2026-08-11
灰色の夜明けのクロスボウ (鑑定),10,鑑定,546.36,OLD_REALM,2026-08-11
灰色の夜明けのクロスボウ (鑑定),12,鑑定,2380.12,OLD_REALM,2026-08-11
灰色の夜明けのクロスボウ (鑑定),13,鑑定,6469.97,OLD_REALM,2026-08-11
灰色の夜明けのクロスボウ (鑑定),6,鑑定,259.05,OLD_REALM,2026-08-11
灰色の夜明けのクロスボウ (鑑定),7,鑑定,120.89,OLD_REALM,2026-08-11
灰色の夜明けのクロスボウ (鑑定),8,鑑定,254.34,OLD_REALM,2026-08-11
灰色の夜明けのクロスボウ (鑑定),9,鑑定,284.17,OLD_REALM,2026-08-11
灰色の夜明けのグリーヴ (未鑑定),0,未鑑定,15.7,OLD_REALM,2026-08-11
灰色の夜明けのグリーヴ (鑑定),0,鑑定,31.4,OLD_REALM,2026-08-11
灰色の夜明けのグリーヴ (鑑定),4,鑑定,54.95,OLD_REALM,2026-08-11
灰色の夜明けのグリーヴ (鑑定),5,鑑定,39.25,OLD_REALM,2026-08-11
灰色の夜明けのグリーヴ (鑑定),6,鑑定,34.54,OLD_REALM,2026-08-11
灰色の夜明けのグリーヴ (鑑定),7,鑑定,229.22,OLD_REALM,2026-08-11
灰色の夜明けのグリーヴ (鑑定),8,鑑定,314.0,OLD_REALM,2026-08-11
灰色の夜明けのグローブ (未鑑定),0,未鑑定,15.7,OLD_REALM,2026-08-11
灰色の夜明けのグローブ (鑑定),0,鑑定,15.7,OLD_REALM,2026-08-11
灰色の夜明けのグローブ (鑑定),10,鑑定,309.29,OLD_REALM,2026-08-11
灰色の夜明けのグローブ (鑑定),5,鑑定,155.43,OLD_REALM,2026-08-11
灰色の夜明けのグローブ (鑑定),6,鑑定,25.12,OLD_REALM,2026-08-11
灰色の夜明けのグローブ (鑑定),7,鑑定,125.6,OLD_REALM,2026-08-11
灰色の夜明けのグローブ (鑑定),8,鑑定,282.6,OLD_REALM,2026-08-11
灰色の夜明けのグローブ (鑑定),9,鑑定,306.15,OLD_REALM,2026-08-11
灰色の夜明けのサイド (未鑑定),0,未鑑定,675.1,OLD_REALM,2026-08-11
灰色の夜明けのサイド (鑑定),0,鑑定,973.4,OLD_REALM,2026-08-11
灰色の夜明けのサイド (鑑定),10,鑑定,5495.0,OLD_REALM,2026-08-11
灰色の夜明けのサイド (鑑定),12,鑑定,9972.64,OLD_REALM,2026-08-11
灰色の夜明けのサイド (鑑定),6,鑑定,931.01,OLD_REALM,2026-08-11
灰色の夜明けのサイド (鑑定),7,鑑定,1309.38,OLD_REALM,2026-08-11
灰色の夜明けのサイド (鑑定),8,鑑定,1185.35,OLD_REALM,2026-08-11
灰色の夜明けのサイド (鑑定),9,鑑定,2669.0,OLD_REALM,2026-08-11
灰色の夜明けのネックレス,0,なし,149.15,OLD_REALM,2026-08-11
灰色の夜明けのネックレス,13,なし,431.75,OLD_REALM,2026-08-11
灰色の夜明けのネックレス,16,なし,450.59,OLD_REALM,2026-08-11
灰色の夜明けのネックレス,17,なし,775.58,OLD_REALM,2026-08-11
灰色の夜明けのネックレス,18,なし,711.21,OLD_REALM,2026-08-11
灰色の夜明けのネックレス,20,なし,5089.9400000000005,OLD_REALM,2026-08-11
灰色の夜明けのフード (未鑑定),0,未鑑定,120.89,OLD_REALM,2026-08-11
灰色の夜明けのフード (鑑定),0,鑑定,51.81,OLD_REALM,2026-08-11
灰色の夜明けのフード (鑑定),10,鑑定,785.0,OLD_REALM,2026-08-11
灰色の夜明けのフード (鑑定),5,鑑定,23.55,OLD_REALM,2026-08-11
灰色の夜明けのフード (鑑定),6,鑑定,157.0,OLD_REALM,2026-08-11
灰色の夜明けのフード (鑑定),7,鑑定,471.0,OLD_REALM,2026-08-11
灰色の夜明けのフード (鑑定),9,鑑定,405.06,OLD_REALM,2026-08-11
灰色の夜明けのブレスレット,0,なし,42.39,OLD_REALM,2026-08-11
灰色の夜明けのブレスレット,12,なし,282.6,OLD_REALM,2026-08-11
灰色の夜明けのブレスレット,14,なし,471.0,OLD_REALM,2026-08-11
灰色の夜明けのブレスレット,15,なし,224.51,OLD_REALM,2026-08-11
灰色の夜明けのブレスレット,16,なし,257.48,OLD_REALM,2026-08-11
灰色の夜明けのブレスレット,17,なし,471.0,OLD_REALM,2026-08-11
灰色の夜明けのブレスレット,18,なし,722.1999999999999,OLD_REALM,2026-08-11
灰色の夜明けのブレスレット,9,なし,193.11,OLD_REALM,2026-08-11
灰色の夜明けのヘルム (未鑑定),0,未鑑定,50.24,OLD_REALM,2026-08-11
灰色の夜明けのヘルム (鑑定),0,鑑定,15.7,OLD_REALM,2026-08-11
灰色の夜明けのヘルム (鑑定),5,鑑定,73.78999999999999,OLD_REALM,2026-08-11
灰色の夜明けのヘルム (鑑定),6,鑑定,157.0,OLD_REALM,2026-08-11
灰色の夜明けのベスト (未鑑定),0,未鑑定,15.7,OLD_REALM,2026-08-11
灰色の夜明けのベスト (鑑定),0,鑑定,15.7,OLD_REALM,2026-08-11
灰色の夜明けのベスト (鑑定),11,鑑定,1570.0,OLD_REALM,2026-08-11
灰色の夜明けのベスト (鑑定),5,鑑定,235.5,OLD_REALM,2026-08-11
灰色の夜明けのベスト (鑑定),6,鑑定,47.1,OLD_REALM,2026-08-11
灰色の夜明けのベスト (鑑定),7,鑑定,172.70000000000002,OLD_REALM,2026-08-11
灰色の夜明けのベスト (鑑定),8,鑑定,204.1,OLD_REALM,2026-08-11
灰色の夜明けのベスト (鑑定),9,鑑定,365.81,OLD_REALM,2026-08-11
灰色の夜明けのベルト,0,なし,45.53,OLD_REALM,2026-08-11
灰色の夜明けのベルト,12,なし,471.0,OLD_REALM,2026-08-11
灰色の夜明けのベルト,14,なし,235.5,OLD_REALM,2026-08-11
灰色の夜明けのベルト,15,なし,255.91,OLD_REALM,2026-08-11
灰色の夜明けのベルト,16,なし,254.34,OLD_REALM,2026-08-11
灰色の夜明けのベルト,17,なし,865.0699999999999,OLD_REALM,2026-08-11
灰色の夜明けのベルト,2,なし,2565.38,OLD_REALM,2026-08-11
灰色の夜明けのベルト,3,なし,64.36999999999999,OLD_REALM,2026-08-11
灰色の夜明けのリング,0,なし,42.39,OLD_REALM,2026-08-11
灰色の夜明けのリング,14,なし,186.83,OLD_REALM,2026-08-11
灰色の夜明けのリング,15,なし,138.16,OLD_REALM,2026-08-11
灰色の夜明けのリング,17,なし,314.0,OLD_REALM,2026-08-11
灰色の夜明けのリング,20,なし,4377.16,OLD_REALM,2026-08-11
灰色の夜明けのリング,8,なし,304.58,OLD_REALM,2026-08-11
灰色の夜明けのレガース (未鑑定),0,未鑑定,15.7,OLD_REALM,2026-08-11
灰色の夜明けのレガース (鑑定),0,鑑定,15.7,OLD_REALM,2026-08-11
灰色の夜明けのレガース (鑑定),5,鑑定,15.7,OLD_REALM,2026-08-11
灰色の夜明けのレガース (鑑定),6,鑑定,15.7,OLD_REALM,2026-08-11
灰色の夜明けのレガース (鑑定),7,鑑定,78.5,OLD_REALM,2026-08-11
灰色の夜明けのレガース (鑑定),8,鑑定,109.9,OLD_REALM,2026-08-11
灰色の夜明けのレガース (鑑定),9,鑑定,469.43,OLD_REALM,2026-08-11
灰色の夜明けのローブ (未鑑定),0,未鑑定,15.7,OLD_REALM,2026-08-11
灰色の夜明けのローブ (鑑定),0,鑑定,15.7,OLD_REALM,2026-08-11
灰色の夜明けのローブ (鑑定),1,鑑定,50.24,OLD_REALM,2026-08-11
灰色の夜明けのローブ (鑑定),5,鑑定,15.7,OLD_REALM,2026-08-11
灰色の夜明けのローブ (鑑定),6,鑑定,75.36,OLD_REALM,2026-08-11
灰色の夜明けのローブ (鑑定),7,鑑定,78.5,OLD_REALM,2026-08-11
灰色の夜明けのローブ (鑑定),8,鑑定,309.29,OLD_REALM,2026-08-11
灰色の夜明けのローブ (鑑定),9,鑑定,401.92,OLD_REALM,2026-08-11
灰色の夜明けの剣/盾 (未鑑定),0,未鑑定,202.53,OLD_REALM,2026-08-11
灰色の夜明けの剣/盾 (鑑定),0,鑑定,549.5,OLD_REALM,2026-08-11
灰色の夜明けの剣/盾 (鑑定),10,鑑定,1099.0,OLD_REALM,2026-08-11
灰色の夜明けの剣/盾 (鑑定),11,鑑定,5168.4400000000005,OLD_REALM,2026-08-11
灰色の夜明けの剣/盾 (鑑定),12,鑑定,4710.0,OLD_REALM,2026-08-11
灰色の夜明けの剣/盾 (鑑定),6,鑑定,752.03,OLD_REALM,2026-08-11
灰色の夜明けの剣/盾 (鑑定),7,鑑定,172.70000000000002,OLD_REALM,2026-08-11
灰色の夜明けの剣/盾 (鑑定),8,鑑定,513.39,OLD_REALM,2026-08-11
灰色の夜明けの剣/盾 (鑑定),9,鑑定,1099.0,OLD_REALM,2026-08-11
灰色の夜明けの勇猛マント (未鑑定),0,未鑑定,32.97,OLD_REALM,2026-08-11
灰色の夜明けの勇猛マント (鑑定),0,鑑定,31.4,OLD_REALM,2026-08-11
灰色の夜明けの勇猛マント (鑑定),1,鑑定,94.2,OLD_REALM,2026-08-11
灰色の夜明けの勇猛マント (鑑定),2,鑑定,218.23,OLD_REALM,2026-08-11
灰色の夜明けの勇猛マント (鑑定),3,鑑定,86.35000000000001,OLD_REALM,2026-08-11
灰色の夜明けの勇猛マント (鑑定),4,鑑定,387.79,OLD_REALM,2026-08-11
灰色の夜明けの勇猛マント (鑑定),5,鑑定,514.9599999999999,OLD_REALM,2026-08-11
灰色の夜明けの勇猛マント (鑑定),6,鑑定,1099.0,OLD_REALM,2026-08-11
灰色の夜明けの大剣 (未鑑定),0,未鑑定,180.55,OLD_REALM,2026-08-11
灰色の夜明けの大剣 (鑑定),0,鑑定,314.0,OLD_REALM,2026-08-11
灰色の夜明けの大剣 (鑑定),10,鑑定,1552.73,OLD_REALM,2026-08-11
灰色の夜明けの大剣 (鑑定),12,鑑定,2198.0,OLD_REALM,2026-08-11
灰色の夜明けの大剣 (鑑定),7,鑑定,1256.0,OLD_REALM,2026-08-11
灰色の夜明けの大剣 (鑑定),8,鑑定,769.3000000000001,OLD_REALM,2026-08-11
灰色の夜明けの布ズボン (未鑑定),0,未鑑定,15.7,OLD_REALM,2026-08-11
灰色の夜明けの布ズボン (鑑定),0,鑑定,15.7,OLD_REALM,2026-08-11
灰色の夜明けの布ズボン (鑑定),10,鑑定,458.44,OLD_REALM,2026-08-11
灰色の夜明けの布ズボン (鑑定),5,鑑定,15.7,OLD_REALM,2026-08-11
灰色の夜明けの布ズボン (鑑定),6,鑑定,54.95,OLD_REALM,2026-08-11
灰色の夜明けの布ズボン (鑑定),7,鑑定,78.5,OLD_REALM,2026-08-11
灰色の夜明けの布ズボン (鑑定),8,鑑定,348.54,OLD_REALM,2026-08-11
灰色の夜明けの布ズボン (鑑定),9,鑑定,549.5,OLD_REALM,2026-08-11
灰色の夜明けの帽子 (未鑑定),0,未鑑定,15.7,OLD_REALM,2026-08-11
灰色の夜明けの帽子 (鑑定),0,鑑定,15.7,OLD_REALM,2026-08-11
灰色の夜明けの帽子 (鑑定),4,鑑定,18.84,OLD_REALM,2026-08-11
灰色の夜明けの帽子 (鑑定),5,鑑定,257.48,OLD_REALM,2026-08-11
灰色の夜明けの帽子 (鑑定),6,鑑定,114.61,OLD_REALM,2026-08-11
灰色の夜明けの帽子 (鑑定),7,鑑定,157.0,OLD_REALM,2026-08-11
灰色の夜明けの帽子 (鑑定),8,鑑定,568.34,OLD_REALM,2026-08-11
灰色の夜明けの帽子 (鑑定),9,鑑定,296.73,OLD_REALM,2026-08-11
灰色の夜明けの弓 (未鑑定),0,未鑑定,324.98999999999995,OLD_REALM,2026-08-11
灰色の夜明けの弓 (鑑定),0,鑑定,298.3,OLD_REALM,2026-08-11
灰色の夜明けの弓 (鑑定),10,鑑定,1727.0,OLD_REALM,2026-08-11
灰色の夜明けの弓 (鑑定),11,鑑定,2582.65,OLD_REALM,2026-08-11
灰色の夜明けの弓 (鑑定),7,鑑定,295.16,OLD_REALM,2026-08-11
灰色の夜明けの弓 (鑑定),8,鑑定,825.8199999999999,OLD_REALM,2026-08-11
灰色の夜明けの弓 (鑑定),9,鑑定,1334.5,OLD_REALM,2026-08-11
灰色の夜明けの戦棒 (未鑑定),0,未鑑定,357.96,OLD_REALM,2026-08-11
灰色の夜明けの戦棒 (鑑定),0,鑑定,549.5,OLD_REALM,2026-08-11
灰色の夜明けの戦棒 (鑑定),10,鑑定,1552.73,OLD_REALM,2026-08-11
灰色の夜明けの戦棒 (鑑定),12,鑑定,5171.58,OLD_REALM,2026-08-11
灰色の夜明けの戦棒 (鑑定),7,鑑定,549.5,OLD_REALM,2026-08-11
灰色の夜明けの戦棒 (鑑定),8,鑑定,549.5,OLD_REALM,2026-08-11
灰色の夜明けの戦棒 (鑑定),9,鑑定,949.85,OLD_REALM,2026-08-11
灰色の夜明けの戦闘マント (未鑑定),0,未鑑定,40.82,OLD_REALM,2026-08-11
灰色の夜明けの戦闘マント (鑑定),0,鑑定,62.8,OLD_REALM,2026-08-11
灰色の夜明けの戦闘マント (鑑定),1,鑑定,146.01000000000002,OLD_REALM,2026-08-11
灰色の夜明けの戦闘マント (鑑定),2,鑑定,128.73999999999998,OLD_REALM,2026-08-11
灰色の夜明けの戦闘マント (鑑定),3,鑑定,211.95,OLD_REALM,2026-08-11
灰色の夜明けの戦闘マント (鑑定),4,鑑定,549.5,OLD_REALM,2026-08-11
灰色の夜明けの戦闘マント (鑑定),5,鑑定,563.63,OLD_REALM,2026-08-11
灰色の夜明けの戦闘マント (鑑定),7,鑑定,2041.0,OLD_REALM,2026-08-11
灰色の夜明けの戦闘盾 (未鑑定),0,未鑑定,204.1,OLD_REALM,2026-08-11
灰色の夜明けの戦闘盾 (鑑定),0,鑑定,314.0,OLD_REALM,2026-08-11
灰色の夜明けの戦闘盾 (鑑定),10,鑑定,628.0,OLD_REALM,2026-08-11
灰色の夜明けの戦闘盾 (鑑定),11,鑑定,882.34,OLD_REALM,2026-08-11
灰色の夜明けの戦闘盾 (鑑定),12,鑑定,3140.0,OLD_REALM,2026-08-11
灰色の夜明けの戦闘盾 (鑑定),7,鑑定,314.0,OLD_REALM,2026-08-11
灰色の夜明けの戦闘盾 (鑑定),8,鑑定,571.48,OLD_REALM,2026-08-11
灰色の夜明けの戦闘盾 (鑑定),9,鑑定,628.0,OLD_REALM,2026-08-11
灰色の夜明けの手甲 (未鑑定),0,未鑑定,15.7,OLD_REALM,2026-08-11
灰色の夜明けの手甲 (鑑定),0,鑑定,15.7,OLD_REALM,2026-08-11
灰色の夜明けの手甲 (鑑定),10,鑑定,596.6,OLD_REALM,2026-08-11
灰色の夜明けの手甲 (鑑定),11,鑑定,2355.0,OLD_REALM,2026-08-11
灰色の夜明けの手甲 (鑑定),5,鑑定,15.7,OLD_REALM,2026-08-11
灰色の夜明けの手甲 (鑑定),6,鑑定,39.25,OLD_REALM,2026-08-11
灰色の夜明けの手甲 (鑑定),7,鑑定,56.52,OLD_REALM,2026-08-11
灰色の夜明けの手甲 (鑑定),8,鑑定,76.92999999999999,OLD_REALM,2026-08-11
灰色の夜明けの手甲 (鑑定),9,鑑定,117.75,OLD_REALM,2026-08-11
灰色の夜明けの杖 (未鑑定),0,未鑑定,196.25,OLD_REALM,2026-08-11
灰色の夜明けの杖 (鑑定),0,鑑定,216.66,OLD_REALM,2026-08-11
灰色の夜明けの杖 (鑑定),10,鑑定,706.5,OLD_REALM,2026-08-11
灰色の夜明けの杖 (鑑定),11,鑑定,2066.12,OLD_REALM,2026-08-11
灰色の夜明けの杖 (鑑定),12,鑑定,2838.56,OLD_REALM,2026-08-11
灰色の夜明けの杖 (鑑定),7,鑑定,218.23,OLD_REALM,2026-08-11
灰色の夜明けの杖 (鑑定),8,鑑定,516.53,OLD_REALM,2026-08-11
灰色の夜明けの杖 (鑑定),9,鑑定,549.5,OLD_REALM,2026-08-11
灰色の夜明けの短剣 (未鑑定),0,未鑑定,222.94,OLD_REALM,2026-08-11
灰色の夜明けの短剣 (鑑定),0,鑑定,204.1,OLD_REALM,2026-08-11
灰色の夜明けの短剣 (鑑定),10,鑑定,1538.6,OLD_REALM,2026-08-11
灰色の夜明けの短剣 (鑑定),11,鑑定,4907.820000000001,OLD_REALM,2026-08-11
灰色の夜明けの短剣 (鑑定),12,鑑定,2232.54,OLD_REALM,2026-08-11
灰色の夜明けの短剣 (鑑定),7,鑑定,221.37,OLD_REALM,2026-08-11
灰色の夜明けの短剣 (鑑定),8,鑑定,516.53,OLD_REALM,2026-08-11
灰色の夜明けの短剣 (鑑定),9,鑑定,706.5,OLD_REALM,2026-08-11
灰色の夜明けの短靴 (未鑑定),0,未鑑定,15.7,OLD_REALM,2026-08-11
灰色の夜明けの短靴 (鑑定),0,鑑定,15.7,OLD_REALM,2026-08-11
灰色の夜明けの短靴 (鑑定),10,鑑定,202.53,OLD_REALM,2026-08-11
灰色の夜明けの短靴 (鑑定),5,鑑定,29.83,OLD_REALM,2026-08-11
灰色の夜明けの短靴 (鑑定),6,鑑定,47.1,OLD_REALM,2026-08-11
灰色の夜明けの短靴 (鑑定),7,鑑定,109.9,OLD_REALM,2026-08-11
灰色の夜明けの短靴 (鑑定),8,鑑定,282.6,OLD_REALM,2026-08-11
灰色の夜明けの破壊マント (未鑑定),0,未鑑定,28.26,OLD_REALM,2026-08-11
灰色の夜明けの破壊マント (鑑定),0,鑑定,31.4,OLD_REALM,2026-08-11
灰色の夜明けの破壊マント (鑑定),2,鑑定,3140.0,OLD_REALM,2026-08-11
灰色の夜明けの破壊マント (鑑定),3,鑑定,235.5,OLD_REALM,2026-08-11
灰色の夜明けの破壊マント (鑑定),4,鑑定,596.6,OLD_REALM,2026-08-11
灰色の夜明けの破壊マント (鑑定),5,鑑定,282.6,OLD_REALM,2026-08-11
灰色の夜明けの破壊マント (鑑定),6,鑑定,2857.4,OLD_REALM,2026-08-11
灰色の夜明けの籠手 (未鑑定),0,未鑑定,125.6,OLD_REALM,2026-08-11
灰色の夜明けの籠手 (鑑定),0,鑑定,128.73999999999998,OLD_REALM,2026-08-11
灰色の夜明けの籠手 (鑑定),10,鑑定,392.5,OLD_REALM,2026-08-11
灰色の夜明けの籠手 (鑑定),11,鑑定,3768.0,OLD_REALM,2026-08-11
灰色の夜明けの籠手 (鑑定),12,鑑定,3611.0,OLD_REALM,2026-08-11
灰色の夜明けの籠手 (鑑定),7,鑑定,142.87,OLD_REALM,2026-08-11
灰色の夜明けの籠手 (鑑定),8,鑑定,516.53,OLD_REALM,2026-08-11
灰色の夜明けの籠手 (鑑定),9,鑑定,1405.15,OLD_REALM,2026-08-11
灰色の夜明けの精霊マント (未鑑定),0,未鑑定,28.26,OLD_REALM,2026-08-11
灰色の夜明けの精霊マント (鑑定),0,鑑定,32.97,OLD_REALM,2026-08-11
灰色の夜明けの精霊マント (鑑定),1,鑑定,235.5,OLD_REALM,2026-08-11
灰色の夜明けの精霊マント (鑑定),2,鑑定,235.5,OLD_REALM,2026-08-11
灰色の夜明けの精霊マント (鑑定),3,鑑定,102.05,OLD_REALM,2026-08-11
灰色の夜明けの精霊マント (鑑定),4,鑑定,321.85,OLD_REALM,2026-08-11
灰色の夜明けの精霊マント (鑑定),5,鑑定,309.29,OLD_REALM,2026-08-11
灰色の夜明けの精霊マント (鑑定),6,鑑定,785.0,OLD_REALM,2026-08-11
灰色の夜明けの鎧 (未鑑定),0,未鑑定,15.7,OLD_REALM,2026-08-11
灰色の夜明けの鎧 (鑑定),0,鑑定,15.7,OLD_REALM,2026-08-11
灰色の夜明けの鎧 (鑑定),10,鑑定,235.5,OLD_REALM,2026-08-11
灰色の夜明けの鎧 (鑑定),4,鑑定,37.68,OLD_REALM,2026-08-11
灰色の夜明けの鎧 (鑑定),5,鑑定,29.83,OLD_REALM,2026-08-11
灰色の夜明けの鎧 (鑑定),6,鑑定,15.7,OLD_REALM,2026-08-11
灰色の夜明けの鎧 (鑑定),7,鑑定,36.11,OLD_REALM,2026-08-11
灰色の夜明けの鎧 (鑑定),8,鑑定,109.9,OLD_REALM,2026-08-11
灰色の夜明けの鎧 (鑑定),9,鑑定,180.55,OLD_REALM,2026-08-11
灰色の夜明けの長靴 (未鑑定),0,未鑑定,15.7,OLD_REALM,2026-08-11
灰色の夜明けの長靴 (鑑定),0,鑑定,15.7,OLD_REALM,2026-08-11
灰色の夜明けの長靴 (鑑定),10,鑑定,262.19,OLD_REALM,2026-08-11
灰色の夜明けの長靴 (鑑定),11,鑑定,761.4499999999999,OLD_REALM,2026-08-11
灰色の夜明けの長靴 (鑑定),5,鑑定,15.7,OLD_REALM,2026-08-11
灰色の夜明けの長靴 (鑑定),6,鑑定,18.84,OLD_REALM,2026-08-11
灰色の夜明けの長靴 (鑑定),7,鑑定,76.92999999999999,OLD_REALM,2026-08-11
灰色の夜明けの長靴 (鑑定),8,鑑定,109.9,OLD_REALM,2026-08-11
灰色の夜明けの長靴 (鑑定),9,鑑定,185.26,OLD_REALM,2026-08-11
灰色の夜明けの革ズボン (未鑑定),0,未鑑定,15.7,OLD_REALM,2026-08-11
灰色の夜明けの革ズボン (鑑定),0,鑑定,15.7,OLD_REALM,2026-08-11
灰色の夜明けの革ズボン (鑑定),10,鑑定,471.0,OLD_REALM,2026-08-11
灰色の夜明けの革ズボン (鑑定),11,鑑定,580.9,OLD_REALM,2026-08-11
灰色の夜明けの革ズボン (鑑定),12,鑑定,1869.87,OLD_REALM,2026-08-11
灰色の夜明けの革ズボン (鑑定),5,鑑定,15.7,OLD_REALM,2026-08-11
灰色の夜明けの革ズボン (鑑定),6,鑑定,47.1,OLD_REALM,2026-08-11
灰色の夜明けの革ズボン (鑑定),7,鑑定,69.08,OLD_REALM,2026-08-11
灰色の夜明けの革ズボン (鑑定),8,鑑定,61.23,OLD_REALM,2026-08-11
灰色の夜明けの革ズボン (鑑定),9,鑑定,194.68,OLD_REALM,2026-08-11
白い戦闘馬のサドル,0,なし,69.08,OLD_REALM,2026-08-11
真理の聖杯 (鑑定),7,鑑定,76145.0,OLD_REALM,2026-08-11
短剣：再整備,0,なし,3351.9500000000003,OLD_REALM,2026-08-11
短剣：暗殺者の印,0,なし,89.49,OLD_REALM,2026-08-11
短剣：素早さ,0,なし,15.7,OLD_REALM,2026-08-11
素手：武術修練,0,なし,546.36,OLD_REALM,2026-08-11
聖戦士の軍馬のサドル,0,なし,34.54,OLD_REALM,2026-08-11
荒ぶる戦闘狼のサドル,0,なし,15.7,OLD_REALM,2026-08-11
青い戦闘馬のサドル,0,なし,50.24,OLD_REALM,2026-08-11
魔法使いの駿馬のサドル,0,なし,65.94,OLD_REALM,2026-08-11
黒い戦闘馬のサドル,0,なし,73.78999999999999,OLD_REALM,2026-08-11
黒棘のガントレット (未鑑定),0,未鑑定,15.7,OLD_REALM,2026-08-11
黒棘のガントレット (鑑定),0,鑑定,15.7,OLD_REALM,2026-08-11
黒棘のガントレット (鑑定),10,鑑定,593.4599999999999,OLD_REALM,2026-08-11
黒棘のガントレット (鑑定),5,鑑定,15.7,OLD_REALM,2026-08-11
黒棘のガントレット (鑑定),6,鑑定,15.7,OLD_REALM,2026-08-11
黒棘のガントレット (鑑定),7,鑑定,113.04,OLD_REALM,2026-08-11
黒棘のガントレット (鑑定),8,鑑定,306.15,OLD_REALM,2026-08-11
黒棘のガントレット (鑑定),9,鑑定,471.0,OLD_REALM,2026-08-11
黒棘のクロスボウ (未鑑定),0,未鑑定,830.53,OLD_REALM,2026-08-11
黒棘のクロスボウ (鑑定),0,鑑定,777.15,OLD_REALM,2026-08-11
黒棘のクロスボウ (鑑定),10,鑑定,5212.400000000001,OLD_REALM,2026-08-11
黒棘のクロスボウ (鑑定),12,鑑定,15543.0,OLD_REALM,2026-08-11
黒棘のクロスボウ (鑑定),7,鑑定,785.0,OLD_REALM,2026-08-11
黒棘のクロスボウ (鑑定),8,鑑定,2355.0,OLD_REALM,2026-08-11
黒棘のクロスボウ (鑑定),9,鑑定,3874.76,OLD_REALM,2026-08-11
黒棘のグリーヴ (未鑑定),0,未鑑定,17.27,OLD_REALM,2026-08-11
黒棘のグリーヴ (鑑定),0,鑑定,15.7,OLD_REALM,2026-08-11
黒棘のグリーヴ (鑑定),10,鑑定,1780.38,OLD_REALM,2026-08-11
黒棘のグリーヴ (鑑定),5,鑑定,292.02000000000004,OLD_REALM,2026-08-11
黒棘のグリーヴ (鑑定),6,鑑定,188.4,OLD_REALM,2026-08-11
黒棘のグリーヴ (鑑定),7,鑑定,438.03,OLD_REALM,2026-08-11
黒棘のグリーヴ (鑑定),8,鑑定,416.05,OLD_REALM,2026-08-11
黒棘のグリーヴ (鑑定),9,鑑定,785.0,OLD_REALM,2026-08-11
黒棘のグローブ (未鑑定),0,未鑑定,36.11,OLD_REALM,2026-08-11
黒棘のグローブ (鑑定),0,鑑定,31.4,OLD_REALM,2026-08-11
黒棘のグローブ (鑑定),10,鑑定,384.65,OLD_REALM,2026-08-11
黒棘のグローブ (鑑定),5,鑑定,157.0,OLD_REALM,2026-08-11
黒棘のグローブ (鑑定),6,鑑定,157.0,OLD_REALM,2026-08-11
黒棘のグローブ (鑑定),7,鑑定,188.4,OLD_REALM,2026-08-11
黒棘のグローブ (鑑定),8,鑑定,645.2700000000001,OLD_REALM,2026-08-11
黒棘のサイド (未鑑定),0,未鑑定,1365.9,OLD_REALM,2026-08-11
黒棘のサイド (鑑定),0,鑑定,1808.64,OLD_REALM,2026-08-11
黒棘のサイド (鑑定),10,鑑定,6975.51,OLD_REALM,2026-08-11
黒棘のサイド (鑑定),12,鑑定,42390.0,OLD_REALM,2026-08-11
黒棘のサイド (鑑定),7,鑑定,1292.11,OLD_REALM,2026-08-11
黒棘のサイド (鑑定),8,鑑定,2512.0,OLD_REALM,2026-08-11
黒棘のサイド (鑑定),9,鑑定,5495.0,OLD_REALM,2026-08-11
黒棘のネックレス,17,なし,1033.06,OLD_REALM,2026-08-11
黒棘のネックレス,18,なし,565.2,OLD_REALM,2026-08-11
黒棘のネックレス,20,なし,3229.49,OLD_REALM,2026-08-11
黒棘のフード (未鑑定),0,未鑑定,15.7,OLD_REALM,2026-08-11
黒棘のフード (鑑定),0,鑑定,28.26,OLD_REALM,2026-08-11
黒棘のフード (鑑定),10,鑑定,180.55,OLD_REALM,2026-08-11
黒棘のフード (鑑定),11,鑑定,2512.0,OLD_REALM,2026-08-11
黒棘のフード (鑑定),5,鑑定,15.7,OLD_REALM,2026-08-11
黒棘のフード (鑑定),6,鑑定,78.5,OLD_REALM,2026-08-11
黒棘のフード (鑑定),7,鑑定,296.73,OLD_REALM,2026-08-11
黒棘のフード (鑑定),8,鑑定,204.1,OLD_REALM,2026-08-11
黒棘のフード (鑑定),9,鑑定,141.3,OLD_REALM,2026-08-11
黒棘のブレスレット,0,なし,40.82,OLD_REALM,2026-08-11
黒棘のブレスレット,10,なし,314.0,OLD_REALM,2026-08-11
黒棘のブレスレット,12,なし,204.1,OLD_REALM,2026-08-11
黒棘のブレスレット,13,なし,730.0500000000001,OLD_REALM,2026-08-11
黒棘のブレスレット,14,なし,628.0,OLD_REALM,2026-08-11
黒棘のブレスレット,15,なし,205.67,OLD_REALM,2026-08-11
黒棘のブレスレット,16,なし,266.9,OLD_REALM,2026-08-11
黒棘のブレスレット,17,なし,392.5,OLD_REALM,2026-08-11
黒棘のブレスレット,18,なし,942.0,OLD_REALM,2026-08-11
黒棘のブレスレット,20,なし,3665.95,OLD_REALM,2026-08-11
黒棘のヘルム (未鑑定),0,未鑑定,15.7,OLD_REALM,2026-08-11
黒棘のヘルム (鑑定),0,鑑定,15.7,OLD_REALM,2026-08-11
黒棘のヘルム (鑑定),10,鑑定,785.0,OLD_REALM,2026-08-11
黒棘のヘルム (鑑定),5,鑑定,28.26,OLD_REALM,2026-08-11
黒棘のヘルム (鑑定),6,鑑定,61.23,OLD_REALM,2026-08-11
黒棘のヘルム (鑑定),7,鑑定,259.05,OLD_REALM,2026-08-11
黒棘のヘルム (鑑定),8,鑑定,235.5,OLD_REALM,2026-08-11
黒棘のヘルム (鑑定),9,鑑定,439.6,OLD_REALM,2026-08-11
黒棘のベスト (未鑑定),0,未鑑定,15.7,OLD_REALM,2026-08-11
黒棘のベスト (鑑定),0,鑑定,15.7,OLD_REALM,2026-08-11
黒棘のベスト (鑑定),10,鑑定,464.72,OLD_REALM,2026-08-11
黒棘のベスト (鑑定),11,鑑定,942.0,OLD_REALM,2026-08-11
黒棘のベスト (鑑定),5,鑑定,15.7,OLD_REALM,2026-08-11
黒棘のベスト (鑑定),6,鑑定,127.17,OLD_REALM,2026-08-11
黒棘のベスト (鑑定),7,鑑定,312.43,OLD_REALM,2026-08-11
黒棘のベスト (鑑定),8,鑑定,392.5,OLD_REALM,2026-08-11
黒棘のベスト (鑑定),9,鑑定,1006.37,OLD_REALM,2026-08-11
黒棘のベルト,0,なし,73.78999999999999,OLD_REALM,2026-08-11
黒棘のベルト,15,なし,785.0,OLD_REALM,2026-08-11
黒棘のベルト,16,なし,471.0,OLD_REALM,2026-08-11
黒棘のベルト,18,なし,516.53,OLD_REALM,2026-08-11
黒棘のベルト,4,なし,69.08,OLD_REALM,2026-08-11
黒棘のベルト,5,なし,87.92,OLD_REALM,2026-08-11
黒棘のリング,0,なし,62.8,OLD_REALM,2026-08-11
黒棘のリング,12,なし,235.5,OLD_REALM,2026-08-11
黒棘のリング,15,なし,241.78,OLD_REALM,2026-08-11
黒棘のリング,17,なし,310.86,OLD_REALM,2026-08-11
黒棘のレガース (未鑑定),0,未鑑定,15.7,OLD_REALM,2026-08-11
黒棘のレガース (鑑定),0,鑑定,15.7,OLD_REALM,2026-08-11
黒棘のレガース (鑑定),10,鑑定,392.5,OLD_REALM,2026-08-11
黒棘のレガース (鑑定),11,鑑定,1099.0,OLD_REALM,2026-08-11
黒棘のレガース (鑑定),5,鑑定,23.55,OLD_REALM,2026-08-11
黒棘のレガース (鑑定),6,鑑定,62.8,OLD_REALM,2026-08-11
黒棘のレガース (鑑定),7,鑑定,463.15,OLD_REALM,2026-08-11
黒棘のレガース (鑑定),8,鑑定,141.3,OLD_REALM,2026-08-11
黒棘のレガース (鑑定),9,鑑定,471.0,OLD_REALM,2026-08-11
黒棘のローブ (未鑑定),0,未鑑定,15.7,OLD_REALM,2026-08-11
黒棘のローブ (鑑定),0,鑑定,157.0,OLD_REALM,2026-08-11
黒棘のローブ (鑑定),5,鑑定,31.4,OLD_REALM,2026-08-11
黒棘のローブ (鑑定),6,鑑定,296.73,OLD_REALM,2026-08-11
黒棘のローブ (鑑定),7,鑑定,455.3,OLD_REALM,2026-08-11
黒棘のローブ (鑑定),8,鑑定,547.9300000000001,OLD_REALM,2026-08-11
黒棘の剣/盾 (未鑑定),0,未鑑定,502.4,OLD_REALM,2026-08-11
黒棘の剣/盾 (鑑定),0,鑑定,628.0,OLD_REALM,2026-08-11
黒棘の剣/盾 (鑑定),10,鑑定,3053.65,OLD_REALM,2026-08-11
黒棘の剣/盾 (鑑定),7,鑑定,942.0,OLD_REALM,2026-08-11
黒棘の剣/盾 (鑑定),8,鑑定,943.57,OLD_REALM,2026-08-11
黒棘の勇猛マント (未鑑定),0,未鑑定,61.23,OLD_REALM,2026-08-11
黒棘の勇猛マント (鑑定),0,鑑定,94.2,OLD_REALM,2026-08-11
黒棘の勇猛マント (鑑定),1,鑑定,80.07000000000001,OLD_REALM,2026-08-11
黒棘の勇猛マント (鑑定),2,鑑定,139.73,OLD_REALM,2026-08-11
黒棘の勇猛マント (鑑定),3,鑑定,157.0,OLD_REALM,2026-08-11
黒棘の勇猛マント (鑑定),4,鑑定,172.70000000000002,OLD_REALM,2026-08-11
黒棘の勇猛マント (鑑定),5,鑑定,471.0,OLD_REALM,2026-08-11
黒棘の大剣 (未鑑定),0,未鑑定,259.05,OLD_REALM,2026-08-11
黒棘の大剣 (鑑定),0,鑑定,329.7,OLD_REALM,2026-08-11
黒棘の大剣 (鑑定),10,鑑定,2618.76,OLD_REALM,2026-08-11
黒棘の大剣 (鑑定),12,鑑定,9106.0,OLD_REALM,2026-08-11
黒棘の大剣 (鑑定),7,鑑定,335.98,OLD_REALM,2026-08-11
黒棘の大剣 (鑑定),8,鑑定,516.53,OLD_REALM,2026-08-11
黒棘の大剣 (鑑定),9,鑑定,1268.56,OLD_REALM,2026-08-11
黒棘の布ズボン (未鑑定),0,未鑑定,15.7,OLD_REALM,2026-08-11
黒棘の布ズボン (鑑定),0,鑑定,15.7,OLD_REALM,2026-08-11
黒棘の布ズボン (鑑定),10,鑑定,640.5600000000001,OLD_REALM,2026-08-11
黒棘の布ズボン (鑑定),5,鑑定,15.7,OLD_REALM,2026-08-11
黒棘の布ズボン (鑑定),6,鑑定,157.0,OLD_REALM,2026-08-11
黒棘の布ズボン (鑑定),7,鑑定,125.6,OLD_REALM,2026-08-11
黒棘の布ズボン (鑑定),8,鑑定,232.36,OLD_REALM,2026-08-11
黒棘の布ズボン (鑑定),9,鑑定,368.95,OLD_REALM,2026-08-11
黒棘の帽子 (未鑑定),0,未鑑定,15.7,OLD_REALM,2026-08-11
黒棘の帽子 (鑑定),0,鑑定,15.7,OLD_REALM,2026-08-11
黒棘の帽子 (鑑定),10,鑑定,314.0,OLD_REALM,2026-08-11
黒棘の帽子 (鑑定),11,鑑定,458.44,OLD_REALM,2026-08-11
黒棘の帽子 (鑑定),5,鑑定,20.41,OLD_REALM,2026-08-11
黒棘の帽子 (鑑定),6,鑑定,128.73999999999998,OLD_REALM,2026-08-11
黒棘の帽子 (鑑定),7,鑑定,368.95,OLD_REALM,2026-08-11
黒棘の帽子 (鑑定),8,鑑定,235.5,OLD_REALM,2026-08-11
黒棘の帽子 (鑑定),9,鑑定,304.58,OLD_REALM,2026-08-11
黒棘の弓 (未鑑定),0,未鑑定,527.52,OLD_REALM,2026-08-11
黒棘の弓 (鑑定),0,鑑定,513.39,OLD_REALM,2026-08-11
黒棘の弓 (鑑定),10,鑑定,3873.19,OLD_REALM,2026-08-11
黒棘の弓 (鑑定),12,鑑定,12560.0,OLD_REALM,2026-08-11
黒棘の弓 (鑑定),6,鑑定,1256.0,OLD_REALM,2026-08-11
黒棘の弓 (鑑定),7,鑑定,648.41,OLD_REALM,2026-08-11
黒棘の弓 (鑑定),8,鑑定,549.5,OLD_REALM,2026-08-11
黒棘の弓 (鑑定),9,鑑定,2117.93,OLD_REALM,2026-08-11
黒棘の戦棒 (未鑑定),0,未鑑定,604.45,OLD_REALM,2026-08-11
黒棘の戦棒 (鑑定),0,鑑定,1256.0,OLD_REALM,2026-08-11
黒棘の戦棒 (鑑定),10,鑑定,2355.0,OLD_REALM,2026-08-11
黒棘の戦棒 (鑑定),6,鑑定,1518.19,OLD_REALM,2026-08-11
黒棘の戦棒 (鑑定),7,鑑定,1084.87,OLD_REALM,2026-08-11
黒棘の戦棒 (鑑定),8,鑑定,628.0,OLD_REALM,2026-08-11
黒棘の戦棒 (鑑定),9,鑑定,3100.75,OLD_REALM,2026-08-11
黒棘の戦闘マント (未鑑定),0,未鑑定,157.0,OLD_REALM,2026-08-11
黒棘の戦闘マント (鑑定),0,鑑定,153.86,OLD_REALM,2026-08-11
黒棘の戦闘マント (鑑定),2,鑑定,628.0,OLD_REALM,2026-08-11
黒棘の戦闘マント (鑑定),3,鑑定,157.0,OLD_REALM,2026-08-11
黒棘の戦闘マント (鑑定),4,鑑定,617.01,OLD_REALM,2026-08-11
黒棘の戦闘マント (鑑定),5,鑑定,329.7,OLD_REALM,2026-08-11
黒棘の戦闘マント (鑑定),6,鑑定,1570.0,OLD_REALM,2026-08-11
黒棘の戦闘盾 (未鑑定),0,未鑑定,241.78,OLD_REALM,2026-08-11
黒棘の戦闘盾 (鑑定),0,鑑定,288.88,OLD_REALM,2026-08-11
黒棘の戦闘盾 (鑑定),10,鑑定,2069.26,OLD_REALM,2026-08-11
黒棘の戦闘盾 (鑑定),12,鑑定,12560.0,OLD_REALM,2026-08-11
黒棘の戦闘盾 (鑑定),13,鑑定,9041.63,OLD_REALM,2026-08-11
黒棘の戦闘盾 (鑑定),7,鑑定,274.75,OLD_REALM,2026-08-11
黒棘の戦闘盾 (鑑定),8,鑑定,522.8100000000001,OLD_REALM,2026-08-11
黒棘の戦闘盾 (鑑定),9,鑑定,1097.43,OLD_REALM,2026-08-11
黒棘の手甲 (未鑑定),0,未鑑定,15.7,OLD_REALM,2026-08-11
黒棘の手甲 (鑑定),0,鑑定,15.7,OLD_REALM,2026-08-11
黒棘の手甲 (鑑定),10,鑑定,390.93,OLD_REALM,2026-08-11
黒棘の手甲 (鑑定),5,鑑定,15.7,OLD_REALM,2026-08-11
黒棘の手甲 (鑑定),6,鑑定,62.8,OLD_REALM,2026-08-11
黒棘の手甲 (鑑定),7,鑑定,155.43,OLD_REALM,2026-08-11
黒棘の手甲 (鑑定),8,鑑定,777.15,OLD_REALM,2026-08-11
黒棘の手甲 (鑑定),9,鑑定,288.88,OLD_REALM,2026-08-11
黒棘の杖 (未鑑定),0,未鑑定,314.0,OLD_REALM,2026-08-11
黒棘の杖 (鑑定),0,鑑定,439.6,OLD_REALM,2026-08-11
黒棘の杖 (鑑定),10,鑑定,1993.9,OLD_REALM,2026-08-11
黒棘の杖 (鑑定),12,鑑定,8562.78,OLD_REALM,2026-08-11
黒棘の杖 (鑑定),7,鑑定,455.3,OLD_REALM,2026-08-11
黒棘の杖 (鑑定),8,鑑定,816.4,OLD_REALM,2026-08-11
黒棘の杖 (鑑定),9,鑑定,1962.5,OLD_REALM,2026-08-11
黒棘の短剣 (未鑑定),0,未鑑定,565.2,OLD_REALM,2026-08-11
黒棘の短剣 (鑑定),0,鑑定,1532.32,OLD_REALM,2026-08-11
黒棘の短剣 (鑑定),10,鑑定,2841.7000000000003,OLD_REALM,2026-08-11
黒棘の短剣 (鑑定),6,鑑定,1172.79,OLD_REALM,2026-08-11
黒棘の短剣 (鑑定),7,鑑定,785.0,OLD_REALM,2026-08-11
黒棘の短剣 (鑑定),8,鑑定,1648.5,OLD_REALM,2026-08-11
黒棘の短靴 (未鑑定),0,未鑑定,15.7,OLD_REALM,2026-08-11
黒棘の短靴 (鑑定),0,鑑定,15.7,OLD_REALM,2026-08-11
黒棘の短靴 (鑑定),10,鑑定,392.5,OLD_REALM,2026-08-11
黒棘の短靴 (鑑定),5,鑑定,15.7,OLD_REALM,2026-08-11
黒棘の短靴 (鑑定),6,鑑定,157.0,OLD_REALM,2026-08-11
黒棘の短靴 (鑑定),7,鑑定,353.25,OLD_REALM,2026-08-11
黒棘の破壊マント (鑑定),0,鑑定,133.45,OLD_REALM,2026-08-11
黒棘の破壊マント (鑑定),1,鑑定,138.16,OLD_REALM,2026-08-11
黒棘の破壊マント (鑑定),2,鑑定,125.6,OLD_REALM,2026-08-11
黒棘の破壊マント (鑑定),3,鑑定,282.6,OLD_REALM,2026-08-11
黒棘の破壊マント (鑑定),4,鑑定,290.45,OLD_REALM,2026-08-11
黒棘の破壊マント (鑑定),5,鑑定,628.0,OLD_REALM,2026-08-11
黒棘の破壊マント (鑑定),6,鑑定,3140.0,OLD_REALM,2026-08-11
黒棘の籠手 (未鑑定),0,未鑑定,122.46,OLD_REALM,2026-08-11
黒棘の籠手 (鑑定),0,鑑定,139.73,OLD_REALM,2026-08-11
黒棘の籠手 (鑑定),10,鑑定,1292.11,OLD_REALM,2026-08-11
黒棘の籠手 (鑑定),12,鑑定,3097.61,OLD_REALM,2026-08-11
黒棘の籠手 (鑑定),6,鑑定,1422.42,OLD_REALM,2026-08-11
黒棘の籠手 (鑑定),7,鑑定,138.16,OLD_REALM,2026-08-11
黒棘の籠手 (鑑定),8,鑑定,361.1,OLD_REALM,2026-08-11
黒棘の籠手 (鑑定),9,鑑定,1524.47,OLD_REALM,2026-08-11
黒棘の精霊マント (未鑑定),0,未鑑定,62.8,OLD_REALM,2026-08-11
黒棘の精霊マント (鑑定),0,鑑定,62.8,OLD_REALM,2026-08-11
黒棘の精霊マント (鑑定),1,鑑定,1411.43,OLD_REALM,2026-08-11
黒棘の精霊マント (鑑定),3,鑑定,141.3,OLD_REALM,2026-08-11
黒棘の精霊マント (鑑定),4,鑑定,516.53,OLD_REALM,2026-08-11
黒棘の精霊マント (鑑定),5,鑑定,453.73,OLD_REALM,2026-08-11
黒棘の精霊マント (鑑定),6,鑑定,1256.0,OLD_REALM,2026-08-11
黒棘の鎧 (未鑑定),0,未鑑定,15.7,OLD_REALM,2026-08-11
黒棘の鎧 (鑑定),0,鑑定,15.7,OLD_REALM,2026-08-11
黒棘の鎧 (鑑定),10,鑑定,266.9,OLD_REALM,2026-08-11
黒棘の鎧 (鑑定),5,鑑定,15.7,OLD_REALM,2026-08-11
黒棘の鎧 (鑑定),6,鑑定,32.97,OLD_REALM,2026-08-11
黒棘の鎧 (鑑定),7,鑑定,125.6,OLD_REALM,2026-08-11
黒棘の鎧 (鑑定),8,鑑定,147.57999999999998,OLD_REALM,2026-08-11
黒棘の鎧 (鑑定),9,鑑定,775.58,OLD_REALM,2026-08-11
黒棘の長靴 (未鑑定),0,未鑑定,15.7,OLD_REALM,2026-08-11
黒棘の長靴 (鑑定),0,鑑定,15.7,OLD_REALM,2026-08-11
黒棘の長靴 (鑑定),10,鑑定,310.86,OLD_REALM,2026-08-11
黒棘の長靴 (鑑定),5,鑑定,15.7,OLD_REALM,2026-08-11
黒棘の長靴 (鑑定),6,鑑定,86.35000000000001,OLD_REALM,2026-08-11
黒棘の長靴 (鑑定),7,鑑定,332.84000000000003,OLD_REALM,2026-08-11
黒棘の長靴 (鑑定),8,鑑定,155.43,OLD_REALM,2026-08-11
黒棘の長靴 (鑑定),9,鑑定,306.15,OLD_REALM,2026-08-11
黒棘の革ズボン (未鑑定),0,未鑑定,15.7,OLD_REALM,2026-08-11
黒棘の革ズボン (鑑定),0,鑑定,15.7,OLD_REALM,2026-08-11
黒棘の革ズボン (鑑定),10,鑑定,314.0,OLD_REALM,2026-08-11
黒棘の革ズボン (鑑定),5,鑑定,15.7,OLD_REALM,2026-08-11
黒棘の革ズボン (鑑定),6,鑑定,78.5,OLD_REALM,2026-08-11
黒棘の革ズボン (鑑定),7,鑑定,117.75,OLD_REALM,2026-08-11
黒棘の革ズボン (鑑定),8,鑑定,251.2,OLD_REALM,2026-08-11
黒棘の革ズボン (鑑定),9,鑑定,375.23,OLD_REALM,2026-08-11
1段階10番培養細胞箱(10個),0,なし,133.45,NEW_REALM_2,2026-08-11
1段階11番培養細胞箱(10個),0,なし,1568.43,NEW_REALM_2,2026-08-11
1段階12番培養細胞箱(10個),0,なし,3829.23,NEW_REALM_2,2026-08-11
1段階1番培養細胞箱(10個),0,なし,15.7,NEW_REALM_2,2026-08-11
1段階2番培養細胞箱(10個),0,なし,15.7,NEW_REALM_2,2026-08-11
1段階3番培養細胞箱(10個),0,なし,15.7,NEW_REALM_2,2026-08-11
1段階4番培養細胞箱(10個),0,なし,15.7,NEW_REALM_2,2026-08-11
1段階5番培養細胞箱(10個),0,なし,15.7,NEW_REALM_2,2026-08-11
1段階6番培養細胞箱(10個),0,なし,15.7,NEW_REALM_2,2026-08-11
1段階7番培養細胞箱(10個),0,なし,15.7,NEW_REALM_2,2026-08-11
1段階8番培養細胞箱(10個),0,なし,28.26,NEW_REALM_2,2026-08-11
1段階9番培養細胞箱(10個),0,なし,75.36,NEW_REALM_2,2026-08-11
1段階エピック装飾品強化箱(10個),0,なし,750.46,NEW_REALM_2,2026-08-11
1段階レジェンド装飾品強化箱(10個),0,なし,2510.43,NEW_REALM_2,2026-08-11
"1段階時の欠片箱(1,000個)",0,なし,76.92999999999999,NEW_REALM_2,2026-08-11
1段階錬金術触媒箱(100個),0,なし,26.69,NEW_REALM_2,2026-08-11
1段階黒オール箱(100個),0,なし,97.34,NEW_REALM_2,2026-08-11
2段階1番培養細胞箱(50個),0,なし,15.7,NEW_REALM_2,2026-08-11
2段階2番培養細胞箱(50個),0,なし,15.7,NEW_REALM_2,2026-08-11
2段階6番培養細胞箱(50個),0,なし,98.91,NEW_REALM_2,2026-08-11
2段階レジェンド装飾品強化箱(100個),0,なし,34383.0,NEW_REALM_2,2026-08-11
"2段階時の欠片箱(5,000個)",0,なし,455.3,NEW_REALM_2,2026-08-11
2段階錬金術触媒箱(500個),0,なし,257.48,NEW_REALM_2,2026-08-11
3段階1番培養細胞箱(100個),0,なし,15.7,NEW_REALM_2,2026-08-11
3段階4番培養細胞箱(100個),0,なし,383.08,NEW_REALM_2,2026-08-11
"3段階時の欠片箱(10,000個)",0,なし,1012.65,NEW_REALM_2,2026-08-11
"3段階黒オール箱(1,000個)",0,なし,942.0,NEW_REALM_2,2026-08-11
"4段階時の欠片箱(50,000個)",0,なし,6262.7300000000005,NEW_REALM_2,2026-08-11
"5段階時の欠片箱(100,000個)",0,なし,15637.2,NEW_REALM_2,2026-08-11
アザム・ヒサンのガントレット (未鑑定),0,未鑑定,65.94,NEW_REALM_2,2026-08-11
アザム・ヒサンのガントレット (鑑定),0,鑑定,78.5,NEW_REALM_2,2026-08-11
アザム・ヒサンのクロスボウ (未鑑定),0,未鑑定,3768.0,NEW_REALM_2,2026-08-11
アザム・ヒサンのクロスボウ (鑑定),7,鑑定,1413.0,NEW_REALM_2,2026-08-11
アザム・ヒサンのクロスボウ (鑑定),8,鑑定,1807.07,NEW_REALM_2,2026-08-11
アザム・ヒサンのグリーヴ (未鑑定),0,未鑑定,26.69,NEW_REALM_2,2026-08-11
アザム・ヒサンのグリーヴ (鑑定),0,鑑定,40.82,NEW_REALM_2,2026-08-11
アザム・ヒサンのグリーヴ (鑑定),10,鑑定,1570.0,NEW_REALM_2,2026-08-11
アザム・ヒサンのグリーヴ (鑑定),4,鑑定,94.2,NEW_REALM_2,2026-08-11
アザム・ヒサンのグリーヴ (鑑定),5,鑑定,155.43,NEW_REALM_2,2026-08-11
アザム・ヒサンのグリーヴ (鑑定),6,鑑定,233.93,NEW_REALM_2,2026-08-11
アザム・ヒサンのグリーヴ (鑑定),7,鑑定,321.85,NEW_REALM_2,2026-08-11
アザム・ヒサンのグリーヴ (鑑定),8,鑑定,471.0,NEW_REALM_2,2026-08-11
アザム・ヒサンのグローブ (未鑑定),0,未鑑定,50.24,NEW_REALM_2,2026-08-11
アザム・ヒサンのグローブ (鑑定),0,鑑定,36.11,NEW_REALM_2,2026-08-11
アザム・ヒサンのグローブ (鑑定),10,鑑定,2066.12,NEW_REALM_2,2026-08-11
アザム・ヒサンのグローブ (鑑定),4,鑑定,51.81,NEW_REALM_2,2026-08-11
アザム・ヒサンのグローブ (鑑定),5,鑑定,125.6,NEW_REALM_2,2026-08-11
アザム・ヒサンのグローブ (鑑定),8,鑑定,753.6,NEW_REALM_2,2026-08-11
アザム・ヒサンのサイド (未鑑定),0,未鑑定,4535.7300000000005,NEW_REALM_2,2026-08-11
アザム・ヒサンのサイド (鑑定),10,鑑定,18574.67,NEW_REALM_2,2026-08-11
アザム・ヒサンのサイド (鑑定),8,鑑定,4396.0,NEW_REALM_2,2026-08-11
アザム・ヒサンのフード (未鑑定),0,未鑑定,23.55,NEW_REALM_2,2026-08-11
アザム・ヒサンのフード (鑑定),0,鑑定,31.4,NEW_REALM_2,2026-08-11
アザム・ヒサンのフード (鑑定),5,鑑定,45.53,NEW_REALM_2,2026-08-11
アザム・ヒサンのフード (鑑定),6,鑑定,62.8,NEW_REALM_2,2026-08-11
アザム・ヒサンのフード (鑑定),7,鑑定,219.8,NEW_REALM_2,2026-08-11
アザム・ヒサンのフード (鑑定),8,鑑定,423.9,NEW_REALM_2,2026-08-11
アザム・ヒサンのフード (鑑定),9,鑑定,1884.0,NEW_REALM_2,2026-08-11
アザム・ヒサンのブレスレット,0,なし,942.0,NEW_REALM_2,2026-08-11
アザム・ヒサンのヘルム (未鑑定),0,未鑑定,39.25,NEW_REALM_2,2026-08-11
アザム・ヒサンのヘルム (鑑定),0,鑑定,47.1,NEW_REALM_2,2026-08-11
アザム・ヒサンのヘルム (鑑定),5,鑑定,109.9,NEW_REALM_2,2026-08-11
アザム・ヒサンのヘルム (鑑定),6,鑑定,157.0,NEW_REALM_2,2026-08-11
アザム・ヒサンのヘルム (鑑定),7,鑑定,309.29,NEW_REALM_2,2026-08-11
アザム・ヒサンのヘルム (鑑定),8,鑑定,1290.5400000000002,NEW_REALM_2,2026-08-11
アザム・ヒサンのベスト (未鑑定),0,未鑑定,39.25,NEW_REALM_2,2026-08-11
アザム・ヒサンのベスト (鑑定),0,鑑定,37.68,NEW_REALM_2,2026-08-11
アザム・ヒサンのベスト (鑑定),10,鑑定,1256.0,NEW_REALM_2,2026-08-11
アザム・ヒサンのベスト (鑑定),4,鑑定,78.5,NEW_REALM_2,2026-08-11
アザム・ヒサンのベスト (鑑定),5,鑑定,54.95,NEW_REALM_2,2026-08-11
アザム・ヒサンのベスト (鑑定),6,鑑定,128.73999999999998,NEW_REALM_2,2026-08-11
アザム・ヒサンのベスト (鑑定),7,鑑定,384.65,NEW_REALM_2,2026-08-11
アザム・ヒサンのベスト (鑑定),8,鑑定,516.53,NEW_REALM_2,2026-08-11
アザム・ヒサンのレガース (未鑑定),0,未鑑定,194.68,NEW_REALM_2,2026-08-11
アザム・ヒサンのレガース (鑑定),0,鑑定,345.40000000000003,NEW_REALM_2,2026-08-11
アザム・ヒサンのローブ (未鑑定),0,未鑑定,36.11,NEW_REALM_2,2026-08-11
アザム・ヒサンのローブ (鑑定),0,鑑定,47.1,NEW_REALM_2,2026-08-11
アザム・ヒサンのローブ (鑑定),4,鑑定,69.08,NEW_REALM_2,2026-08-11
アザム・ヒサンのローブ (鑑定),5,鑑定,87.92,NEW_REALM_2,2026-08-11
アザム・ヒサンのローブ (鑑定),6,鑑定,172.70000000000002,NEW_REALM_2,2026-08-11
アザム・ヒサンのローブ (鑑定),7,鑑定,384.65,NEW_REALM_2,2026-08-11
アザム・ヒサンの剣/盾 (未鑑定),0,未鑑定,2198.0,NEW_REALM_2,2026-08-11
アザム・ヒサンの剣/盾 (鑑定),0,鑑定,1727.0,NEW_REALM_2,2026-08-11
アザム・ヒサンの剣/盾 (鑑定),10,鑑定,5495.0,NEW_REALM_2,2026-08-11
アザム・ヒサンの剣/盾 (鑑定),7,鑑定,1599.83,NEW_REALM_2,2026-08-11
アザム・ヒサンの剣/盾 (鑑定),8,鑑定,3768.0,NEW_REALM_2,2026-08-11
アザム・ヒサンの大剣 (未鑑定),0,未鑑定,3155.7000000000003,NEW_REALM_2,2026-08-11
アザム・ヒサンの布ズボン (未鑑定),0,未鑑定,31.4,NEW_REALM_2,2026-08-11
アザム・ヒサンの布ズボン (鑑定),0,鑑定,36.11,NEW_REALM_2,2026-08-11
アザム・ヒサンの布ズボン (鑑定),5,鑑定,48.67,NEW_REALM_2,2026-08-11
アザム・ヒサンの布ズボン (鑑定),6,鑑定,282.6,NEW_REALM_2,2026-08-11
アザム・ヒサンの布ズボン (鑑定),8,鑑定,774.01,NEW_REALM_2,2026-08-11
アザム・ヒサンの布ズボン (鑑定),9,鑑定,2355.0,NEW_REALM_2,2026-08-11
アザム・ヒサンの帽子 (未鑑定),0,未鑑定,31.4,NEW_REALM_2,2026-08-11
アザム・ヒサンの帽子 (鑑定),0,鑑定,17.27,NEW_REALM_2,2026-08-11
アザム・ヒサンの帽子 (鑑定),10,鑑定,1568.43,NEW_REALM_2,2026-08-11
アザム・ヒサンの帽子 (鑑定),4,鑑定,65.94,NEW_REALM_2,2026-08-11
アザム・ヒサンの帽子 (鑑定),5,鑑定,36.11,NEW_REALM_2,2026-08-11
アザム・ヒサンの帽子 (鑑定),6,鑑定,157.0,NEW_REALM_2,2026-08-11
アザム・ヒサンの帽子 (鑑定),7,鑑定,257.48,NEW_REALM_2,2026-08-11
アザム・ヒサンの帽子 (鑑定),8,鑑定,516.53,NEW_REALM_2,2026-08-11
アザム・ヒサンの帽子 (鑑定),9,鑑定,1499.35,NEW_REALM_2,2026-08-11
アザム・ヒサンの弓 (未鑑定),0,未鑑定,4229.58,NEW_REALM_2,2026-08-11
アザム・ヒサンの弓 (鑑定),0,鑑定,10336.88,NEW_REALM_2,2026-08-11
アザム・ヒサンの戦棒 (未鑑定),0,未鑑定,2989.28,NEW_REALM_2,2026-08-11
アザム・ヒサンの戦棒 (鑑定),10,鑑定,16668.69,NEW_REALM_2,2026-08-11
アザム・ヒサンの戦棒 (鑑定),7,鑑定,7850.0,NEW_REALM_2,2026-08-11
アザム・ヒサンの戦闘盾 (未鑑定),0,未鑑定,1256.0,NEW_REALM_2,2026-08-11
アザム・ヒサンの戦闘盾 (鑑定),0,鑑定,6614.410000000001,NEW_REALM_2,2026-08-11
アザム・ヒサンの戦闘盾 (鑑定),11,鑑定,21428.93,NEW_REALM_2,2026-08-11
アザム・ヒサンの戦闘盾 (鑑定),7,鑑定,2355.0,NEW_REALM_2,2026-08-11
アザム・ヒサンの戦闘盾 (鑑定),9,鑑定,3089.76,NEW_REALM_2,2026-08-11
アザム・ヒサンの手甲 (未鑑定),0,未鑑定,36.11,NEW_REALM_2,2026-08-11
アザム・ヒサンの手甲 (鑑定),0,鑑定,40.82,NEW_REALM_2,2026-08-11
アザム・ヒサンの手甲 (鑑定),4,鑑定,1099.0,NEW_REALM_2,2026-08-11
アザム・ヒサンの手甲 (鑑定),5,鑑定,76.92999999999999,NEW_REALM_2,2026-08-11
アザム・ヒサンの手甲 (鑑定),6,鑑定,153.86,NEW_REALM_2,2026-08-11
アザム・ヒサンの手甲 (鑑定),7,鑑定,312.43,NEW_REALM_2,2026-08-11
アザム・ヒサンの手甲 (鑑定),8,鑑定,1050.3300000000002,NEW_REALM_2,2026-08-11
アザム・ヒサンの杖 (未鑑定),0,未鑑定,3703.63,NEW_REALM_2,2026-08-11
アザム・ヒサンの杖 (鑑定),6,鑑定,2975.15,NEW_REALM_2,2026-08-11
アザム・ヒサンの短剣 (未鑑定),0,未鑑定,1896.56,NEW_REALM_2,2026-08-11
アザム・ヒサンの短剣 (鑑定),0,鑑定,2198.0,NEW_REALM_2,2026-08-11
アザム・ヒサンの短剣 (鑑定),7,鑑定,2826.0,NEW_REALM_2,2026-08-11
アザム・ヒサンの短剣 (鑑定),8,鑑定,3808.82,NEW_REALM_2,2026-08-11
アザム・ヒサンの短靴 (未鑑定),0,未鑑定,172.70000000000002,NEW_REALM_2,2026-08-11
アザム・ヒサンの短靴 (鑑定),0,鑑定,208.81,NEW_REALM_2,2026-08-11
アザム・ヒサンの短靴 (鑑定),6,鑑定,207.24,NEW_REALM_2,2026-08-11
アザム・ヒサンの籠手 (未鑑定),0,未鑑定,657.83,NEW_REALM_2,2026-08-11
アザム・ヒサンの籠手 (鑑定),10,鑑定,2453.9100000000003,NEW_REALM_2,2026-08-11
アザム・ヒサンの籠手 (鑑定),8,鑑定,2844.84,NEW_REALM_2,2026-08-11
アザム・ヒサンの鎧 (未鑑定),0,未鑑定,50.24,NEW_REALM_2,2026-08-11
アザム・ヒサンの鎧 (鑑定),0,鑑定,54.95,NEW_REALM_2,2026-08-11
アザム・ヒサンの鎧 (鑑定),5,鑑定,224.51,NEW_REALM_2,2026-08-11
アザム・ヒサンの鎧 (鑑定),6,鑑定,549.5,NEW_REALM_2,2026-08-11
アザム・ヒサンの鎧 (鑑定),8,鑑定,1554.3,NEW_REALM_2,2026-08-11
アザム・ヒサンの長靴 (未鑑定),0,未鑑定,89.49,NEW_REALM_2,2026-08-11
アザム・ヒサンの長靴 (鑑定),0,鑑定,108.33,NEW_REALM_2,2026-08-11
アザム・ヒサンの長靴 (鑑定),5,鑑定,125.6,NEW_REALM_2,2026-08-11
アザム・ヒサンの長靴 (鑑定),6,鑑定,221.37,NEW_REALM_2,2026-08-11
アザム・ヒサンの革ズボン (未鑑定),0,未鑑定,75.36,NEW_REALM_2,2026-08-11
アザム・ヒサンの革ズボン (鑑定),0,鑑定,80.07000000000001,NEW_REALM_2,2026-08-11
アザム・ヒサンの革ズボン (鑑定),5,鑑定,125.6,NEW_REALM_2,2026-08-11
アザム・ヒサンの革ズボン (鑑定),6,鑑定,204.1,NEW_REALM_2,2026-08-11
アザム・ヒサンの革ズボン (鑑定),8,鑑定,785.0,NEW_REALM_2,2026-08-11
アビリティ:カリオンの洞察【呪文】,0,なし,1256.0,NEW_REALM_2,2026-08-11
アビリティ:ギャンブル【補助】,0,なし,31400.0,NEW_REALM_2,2026-08-11
アビリティ:セクレタの才能【偵察】,0,なし,607.59,NEW_REALM_2,2026-08-11
アビリティ:テレノスの力【戦闘】,0,なし,36.11,NEW_REALM_2,2026-08-11
アビリティ:必殺の一撃【強化】,0,なし,47100.0,NEW_REALM_2,2026-08-11
アビリティ:慎重な攻撃【補助】,0,なし,36.11,NEW_REALM_2,2026-08-11
アビリティ:浄化【技巧】,0,なし,7810.75,NEW_REALM_2,2026-08-11
アビリティ:破壊の武器【技巧】,0,なし,9416.86,NEW_REALM_2,2026-08-11
アビリティ:磁場生成【呪文】,0,なし,9302.25,NEW_REALM_2,2026-08-11
アビリティ:純粋なマナ回復薬【活力】,0,なし,15.7,NEW_REALM_2,2026-08-11
アビリティ:結界形成【防御】,0,なし,18840.0,NEW_REALM_2,2026-08-11
アビリティ:解剖学【補助】,0,なし,33441.0,NEW_REALM_2,2026-08-11
アビリティ:超感覚【偵察】,0,なし,14130.0,NEW_REALM_2,2026-08-11
アビリティ:酷寒の武器【呪文】,0,なし,7813.89,NEW_REALM_2,2026-08-11
アビリティ:雷精霊【強化】,0,なし,7850.0,NEW_REALM_2,2026-08-11
アンコモン装飾品強化箱(100個),0,なし,43.96,NEW_REALM_2,2026-08-11
アンデミックのサドル,0,なし,785.0,NEW_REALM_2,2026-08-11
イニスのネックレス ,0,なし,188400.0,NEW_REALM_2,2026-08-11
イニスの鎧 (未鑑定),0,未鑑定,26690.0,NEW_REALM_2,2026-08-11
エオスのリング,0,なし,47100.0,NEW_REALM_2,2026-08-11
エオスのローブ (未鑑定),0,未鑑定,31400.0,NEW_REALM_2,2026-08-11
エオスの大剣 (未鑑定),0,未鑑定,310042.03,NEW_REALM_2,2026-08-11
エオスの短靴 (未鑑定),0,未鑑定,34540.0,NEW_REALM_2,2026-08-11
エル・セラのイヤリング,0,なし,1805.5,NEW_REALM_2,2026-08-11
エル・セラのガントレット (未鑑定),0,未鑑定,861.9300000000001,NEW_REALM_2,2026-08-11
エル・セラのガントレット (鑑定),5,鑑定,785.0,NEW_REALM_2,2026-08-11
エル・セラのガントレット (鑑定),7,鑑定,1570.0,NEW_REALM_2,2026-08-11
エル・セラのグリーヴ (未鑑定),0,未鑑定,785.0,NEW_REALM_2,2026-08-11
エル・セラのグリーヴ (鑑定),8,鑑定,6908.0,NEW_REALM_2,2026-08-11
エル・セラのグローブ (鑑定),10,鑑定,9418.43,NEW_REALM_2,2026-08-11
エル・セラのネックレス,0,なし,25875.17,NEW_REALM_2,2026-08-11
エル・セラのブレスレット,0,なし,2355.0,NEW_REALM_2,2026-08-11
エル・セラのヘルム (未鑑定),0,未鑑定,785.0,NEW_REALM_2,2026-08-11
エル・セラのベルト,0,なし,1554.3,NEW_REALM_2,2026-08-11
エル・セラのリング,0,なし,1805.5,NEW_REALM_2,2026-08-11
エル・セラのローブ (鑑定),0,鑑定,2067.69,NEW_REALM_2,2026-08-11
エル・セラのローブ (鑑定),5,鑑定,596.6,NEW_REALM_2,2026-08-11
エル・セラの剣/盾 (未鑑定),0,未鑑定,15543.0,NEW_REALM_2,2026-08-11
エル・セラの布ズボン (未鑑定),0,未鑑定,1256.0,NEW_REALM_2,2026-08-11
エル・セラの帽子 (未鑑定),0,未鑑定,549.5,NEW_REALM_2,2026-08-11
エル・セラの弓 (未鑑定),0,未鑑定,23550.0,NEW_REALM_2,2026-08-11
エル・セラの手甲 (未鑑定),0,未鑑定,1570.0,NEW_REALM_2,2026-08-11
エル・セラの短剣 (未鑑定),0,未鑑定,18083.26,NEW_REALM_2,2026-08-11
エル・セラの短靴 (未鑑定),0,未鑑定,1099.0,NEW_REALM_2,2026-08-11
エル・セラの短靴 (鑑定),6,鑑定,1568.43,NEW_REALM_2,2026-08-11
エル・セラの破壊マント (未鑑定),0,未鑑定,3454.0,NEW_REALM_2,2026-08-11
エル・セラの籠手 (未鑑定),0,未鑑定,2199.57,NEW_REALM_2,2026-08-11
エル・セラの精霊マント (未鑑定),0,未鑑定,6280.0,NEW_REALM_2,2026-08-11
エル・セラの鎧 (鑑定),0,鑑定,1570.0,NEW_REALM_2,2026-08-11
オペルタのベルト,0,なし,62643.0,NEW_REALM_2,2026-08-11
オペルタのレガース (未鑑定),0,未鑑定,18840.0,NEW_REALM_2,2026-08-11
ガルバのサドル,0,なし,274.75,NEW_REALM_2,2026-08-11
クランシアのガントレット (未鑑定),0,未鑑定,1727.0,NEW_REALM_2,2026-08-11
クランシアのグリーヴ (未鑑定),0,未鑑定,1099.0,NEW_REALM_2,2026-08-11
クランシアのブレスレット,0,なし,4710.0,NEW_REALM_2,2026-08-11
クランシアのヘルム (未鑑定),0,未鑑定,2355.0,NEW_REALM_2,2026-08-11
クランシアのリング,0,なし,3140.0,NEW_REALM_2,2026-08-11
クランシアのレガース (未鑑定),0,未鑑定,1570.0,NEW_REALM_2,2026-08-11
クランシアの帽子 (鑑定),5,鑑定,1323.51,NEW_REALM_2,2026-08-11
クランシアの破壊マント (未鑑定),0,未鑑定,12560.0,NEW_REALM_2,2026-08-11
クロスボウ：ハンターの証,0,なし,28260.0,NEW_REALM_2,2026-08-11
クロスボウ：距離調節,0,なし,142.87,NEW_REALM_2,2026-08-11
クロスボウ：鋭い矢,0,なし,39.25,NEW_REALM_2,2026-08-11
グレイシスのサドル,0,なし,1099.0,NEW_REALM_2,2026-08-11
ケルサのサドル,0,なし,141.3,NEW_REALM_2,2026-08-11
サイド：処刑準備,0,なし,172.70000000000002,NEW_REALM_2,2026-08-11
サイド：魂の循環,0,なし,372.09,NEW_REALM_2,2026-08-11
セラドのイヤリング,0,なし,2339.3,NEW_REALM_2,2026-08-11
セラドのガントレット (未鑑定),0,未鑑定,48.67,NEW_REALM_2,2026-08-11
セラドのガントレット (鑑定),0,鑑定,75.36,NEW_REALM_2,2026-08-11
セラドのガントレット (鑑定),4,鑑定,235.5,NEW_REALM_2,2026-08-11
セラドのガントレット (鑑定),5,鑑定,78.5,NEW_REALM_2,2026-08-11
セラドのクロスボウ (未鑑定),0,未鑑定,3454.0,NEW_REALM_2,2026-08-11
セラドのクロスボウ (鑑定),8,鑑定,4521.6,NEW_REALM_2,2026-08-11
セラドのグリーヴ (未鑑定),0,未鑑定,72.22,NEW_REALM_2,2026-08-11
セラドのグリーヴ (鑑定),0,鑑定,144.44,NEW_REALM_2,2026-08-11
セラドのグローブ (未鑑定),0,未鑑定,51.81,NEW_REALM_2,2026-08-11
セラドのグローブ (鑑定),0,鑑定,62.8,NEW_REALM_2,2026-08-11
セラドのグローブ (鑑定),5,鑑定,774.01,NEW_REALM_2,2026-08-11
セラドのサイド (未鑑定),0,未鑑定,7058.72,NEW_REALM_2,2026-08-11
セラドのフード (未鑑定),0,未鑑定,106.76,NEW_REALM_2,2026-08-11
セラドのフード (鑑定),0,鑑定,80.07000000000001,NEW_REALM_2,2026-08-11
セラドのフード (鑑定),5,鑑定,139.73,NEW_REALM_2,2026-08-11
セラドのブレスレット,0,なし,1570.0,NEW_REALM_2,2026-08-11
セラドのヘルム (未鑑定),0,未鑑定,102.05,NEW_REALM_2,2026-08-11
セラドのヘルム (鑑定),0,鑑定,117.75,NEW_REALM_2,2026-08-11
セラドのヘルム (鑑定),4,鑑定,266.9,NEW_REALM_2,2026-08-11
セラドのヘルム (鑑定),5,鑑定,254.34,NEW_REALM_2,2026-08-11
セラドのベスト (未鑑定),0,未鑑定,45.53,NEW_REALM_2,2026-08-11
セラドのベスト (鑑定),0,鑑定,91.06,NEW_REALM_2,2026-08-11
セラドのベスト (鑑定),5,鑑定,298.3,NEW_REALM_2,2026-08-11
セラドのベルト,0,なし,1240.3,NEW_REALM_2,2026-08-11
セラドのリング,0,なし,1568.43,NEW_REALM_2,2026-08-11
セラドのレガース (未鑑定),0,未鑑定,208.81,NEW_REALM_2,2026-08-11
セラドのレガース (鑑定),0,鑑定,290.45,NEW_REALM_2,2026-08-11
セラドのローブ (未鑑定),0,未鑑定,124.03,NEW_REALM_2,2026-08-11
セラドのローブ (鑑定),0,鑑定,157.0,NEW_REALM_2,2026-08-11
セラドのローブ (鑑定),8,鑑定,905.89,NEW_REALM_2,2026-08-11
セラドの大剣 (未鑑定),0,未鑑定,3058.36,NEW_REALM_2,2026-08-11
セラドの大剣 (鑑定),0,鑑定,3355.09,NEW_REALM_2,2026-08-11
セラドの大剣 (鑑定),7,鑑定,7143.5,NEW_REALM_2,2026-08-11
セラドの大剣 (鑑定),8,鑑定,3873.19,NEW_REALM_2,2026-08-11
セラドの布ズボン (未鑑定),0,未鑑定,69.08,NEW_REALM_2,2026-08-11
セラドの布ズボン (鑑定),0,鑑定,94.2,NEW_REALM_2,2026-08-11
セラドの布ズボン (鑑定),5,鑑定,105.19,NEW_REALM_2,2026-08-11
セラドの帽子 (未鑑定),0,未鑑定,62.8,NEW_REALM_2,2026-08-11
セラドの帽子 (鑑定),0,鑑定,87.92,NEW_REALM_2,2026-08-11
セラドの帽子 (鑑定),6,鑑定,205.67,NEW_REALM_2,2026-08-11
セラドの戦闘盾 (未鑑定),0,未鑑定,2339.3,NEW_REALM_2,2026-08-11
セラドの手甲 (未鑑定),0,未鑑定,40.82,NEW_REALM_2,2026-08-11
セラドの手甲 (鑑定),0,鑑定,116.18,NEW_REALM_2,2026-08-11
セラドの手甲 (鑑定),8,鑑定,1036.2,NEW_REALM_2,2026-08-11
セラドの短剣 (未鑑定),0,未鑑定,3140.0,NEW_REALM_2,2026-08-11
セラドの短剣 (鑑定),8,鑑定,3022.25,NEW_REALM_2,2026-08-11
セラドの短靴 (未鑑定),0,未鑑定,224.51,NEW_REALM_2,2026-08-11
セラドの短靴 (鑑定),0,鑑定,252.77,NEW_REALM_2,2026-08-11
セラドの短靴 (鑑定),4,鑑定,871.35,NEW_REALM_2,2026-08-11
セラドの短靴 (鑑定),6,鑑定,251.2,NEW_REALM_2,2026-08-11
セラドの籠手 (鑑定),8,鑑定,3099.18,NEW_REALM_2,2026-08-11
セラドの鎧 (未鑑定),0,未鑑定,45.53,NEW_REALM_2,2026-08-11
セラドの鎧 (鑑定),0,鑑定,78.5,NEW_REALM_2,2026-08-11
セラドの鎧 (鑑定),4,鑑定,628.0,NEW_REALM_2,2026-08-11
セラドの鎧 (鑑定),5,鑑定,211.95,NEW_REALM_2,2026-08-11
セラドの鎧 (鑑定),6,鑑定,235.5,NEW_REALM_2,2026-08-11
セラドの長靴 (未鑑定),0,未鑑定,108.33,NEW_REALM_2,2026-08-11
セラドの長靴 (鑑定),5,鑑定,704.9300000000001,NEW_REALM_2,2026-08-11
セラドの長靴 (鑑定),6,鑑定,785.0,NEW_REALM_2,2026-08-11
セラドの革ズボン (未鑑定),0,未鑑定,149.15,NEW_REALM_2,2026-08-11
セラドの革ズボン (鑑定),0,鑑定,125.6,NEW_REALM_2,2026-08-11
セラドの革ズボン (鑑定),6,鑑定,2041.0,NEW_REALM_2,2026-08-11
セルスのブレスレット,0,なし,46504.97,NEW_REALM_2,2026-08-11
セルスのヘルム (未鑑定),0,未鑑定,14140.99,NEW_REALM_2,2026-08-11
セルスのリング,0,なし,46943.0,NEW_REALM_2,2026-08-11
セルスの帽子 (未鑑定),0,未鑑定,7065.0,NEW_REALM_2,2026-08-11
セルスの手甲 (未鑑定),0,未鑑定,27946.0,NEW_REALM_2,2026-08-11
セルスの革ズボン (未鑑定),0,未鑑定,28417.0,NEW_REALM_2,2026-08-11
セルビスのイヤリング,0,なし,2747.5,NEW_REALM_2,2026-08-11
セルビスのガントレット (未鑑定),0,未鑑定,204.1,NEW_REALM_2,2026-08-11
セルビスのガントレット (鑑定),5,鑑定,1413.0,NEW_REALM_2,2026-08-11
セルビスのグリーヴ (未鑑定),0,未鑑定,235.5,NEW_REALM_2,2026-08-11
セルビスのグリーヴ (鑑定),0,鑑定,312.43,NEW_REALM_2,2026-08-11
セルビスのグローブ (未鑑定),0,未鑑定,995.38,NEW_REALM_2,2026-08-11
セルビスのグローブ (鑑定),8,鑑定,2353.43,NEW_REALM_2,2026-08-11
セルビスのフード (未鑑定),0,未鑑定,706.5,NEW_REALM_2,2026-08-11
セルビスのフード (鑑定),0,鑑定,310.86,NEW_REALM_2,2026-08-11
セルビスのブレスレット,0,なし,1288.97,NEW_REALM_2,2026-08-11
セルビスのヘルム (未鑑定),0,未鑑定,155.43,NEW_REALM_2,2026-08-11
セルビスのヘルム (鑑定),0,鑑定,257.48,NEW_REALM_2,2026-08-11
セルビスのベスト (未鑑定),0,未鑑定,257.48,NEW_REALM_2,2026-08-11
セルビスのベスト (鑑定),5,鑑定,445.88,NEW_REALM_2,2026-08-11
セルビスのリング,0,なし,1880.86,NEW_REALM_2,2026-08-11
セルビスのローブ (未鑑定),0,未鑑定,471.0,NEW_REALM_2,2026-08-11
セルビスのローブ (鑑定),0,鑑定,628.0,NEW_REALM_2,2026-08-11
セルビスの大剣 (鑑定),8,鑑定,6123.0,NEW_REALM_2,2026-08-11
セルビスの布ズボン (鑑定),0,鑑定,861.9300000000001,NEW_REALM_2,2026-08-11
セルビスの帽子 (未鑑定),0,未鑑定,133.45,NEW_REALM_2,2026-08-11
セルビスの帽子 (鑑定),0,鑑定,314.0,NEW_REALM_2,2026-08-11
セルビスの帽子 (鑑定),5,鑑定,235.5,NEW_REALM_2,2026-08-11
セルビスの帽子 (鑑定),6,鑑定,471.0,NEW_REALM_2,2026-08-11
セルビスの戦闘盾 (未鑑定),0,未鑑定,3138.43,NEW_REALM_2,2026-08-11
セルビスの手甲 (未鑑定),0,未鑑定,219.8,NEW_REALM_2,2026-08-11
セルビスの手甲 (鑑定),8,鑑定,1884.0,NEW_REALM_2,2026-08-11
セルビスの短剣 (未鑑定),0,未鑑定,5416.5,NEW_REALM_2,2026-08-11
セルビスの短靴 (鑑定),0,鑑定,942.0,NEW_REALM_2,2026-08-11
セルビスの鎧 (未鑑定),0,未鑑定,157.0,NEW_REALM_2,2026-08-11
セルビスの鎧 (鑑定),5,鑑定,314.0,NEW_REALM_2,2026-08-11
セルビスの鎧 (鑑定),8,鑑定,1491.5,NEW_REALM_2,2026-08-11
セルビスの鎧 (鑑定),9,鑑定,863.5,NEW_REALM_2,2026-08-11
セルビスの長靴 (未鑑定),0,未鑑定,309.29,NEW_REALM_2,2026-08-11
セルビスの長靴 (鑑定),5,鑑定,706.5,NEW_REALM_2,2026-08-11
セルビスの革ズボン (未鑑定),0,未鑑定,298.3,NEW_REALM_2,2026-08-11
セルビスの革ズボン (鑑定),8,鑑定,890.1899999999999,NEW_REALM_2,2026-08-11
ソムニウムのサドル,0,なし,4708.429999999999,NEW_REALM_2,2026-08-11
デルフォンのサドル,0,なし,3140.0,NEW_REALM_2,2026-08-11
ドラカスのサドル,0,なし,471.0,NEW_REALM_2,2026-08-11
バフォンのサドル,0,なし,1381.6,NEW_REALM_2,2026-08-11
ブルカヌスのサドル,0,なし,2039.43,NEW_REALM_2,2026-08-11
ペルトロフのサドル,0,なし,628.0,NEW_REALM_2,2026-08-11
ペルノクスのグリーヴ (未鑑定),0,未鑑定,23550.0,NEW_REALM_2,2026-08-11
ペルノクスのヘルム (未鑑定),0,未鑑定,17270.0,NEW_REALM_2,2026-08-11
ペルノクスのレガース (未鑑定),0,未鑑定,17113.0,NEW_REALM_2,2026-08-11
ペルノクスの鎧 (未鑑定),0,未鑑定,24335.0,NEW_REALM_2,2026-08-11
ラバトニスのサドル,0,なし,1441.26,NEW_REALM_2,2026-08-11
ラベスのサドル,0,なし,5333.29,NEW_REALM_2,2026-08-11
ランフォンのサドル,0,なし,2339.3,NEW_REALM_2,2026-08-11
リバティのサドル,0,なし,942.0,NEW_REALM_2,2026-08-11
レア装飾品強化箱(100個),0,なし,533.8,NEW_REALM_2,2026-08-11
ロディのサドル,0,なし,1884.0,NEW_REALM_2,2026-08-11
光の戦闘馬のサドル,0,なし,157.0,NEW_REALM_2,2026-08-11
剣と盾：戦場の先駆者,0,なし,21205.99,NEW_REALM_2,2026-08-11
剣と盾：機会捕捉,0,なし,97.34,NEW_REALM_2,2026-08-11
剣と盾：防御修練,0,なし,200.96,NEW_REALM_2,2026-08-11
大剣：極限の力,0,なし,109.9,NEW_REALM_2,2026-08-11
大剣：狂戦士の誇り,0,なし,8790.43,NEW_REALM_2,2026-08-11
大剣：鋭い剣,0,なし,15.7,NEW_REALM_2,2026-08-11
弓：品質の良い矢,0,なし,75.36,NEW_REALM_2,2026-08-11
弓：標的照準,0,なし,196.25,NEW_REALM_2,2026-08-11
戦棒：均衡,0,なし,15.7,NEW_REALM_2,2026-08-11
戦棒：軽やかな身のこなし,0,なし,80.07000000000001,NEW_REALM_2,2026-08-11
戦闘盾：光の守護者,0,なし,17270.0,NEW_REALM_2,2026-08-11
戦闘盾：堅固な鎧,0,なし,83.21000000000001,NEW_REALM_2,2026-08-11
戦闘盾：忍耐力,0,なし,343.83,NEW_REALM_2,2026-08-11
手懐けられたモネタ狼のサドル,0,なし,259.05,NEW_REALM_2,2026-08-11
杖：元素覚醒,0,なし,8790.43,NEW_REALM_2,2026-08-11
杖：魔力無視,0,なし,15.7,NEW_REALM_2,2026-08-11
杖：黒オール,0,なし,48.67,NEW_REALM_2,2026-08-11
武装したバイランの軍馬のサドル,0,なし,169.56,NEW_REALM_2,2026-08-11
流浪狼のサドル,0,なし,235.5,NEW_REALM_2,2026-08-11
灰色の夜明けのガントレット (未鑑定),0,未鑑定,213.52,NEW_REALM_2,2026-08-11
灰色の夜明けのガントレット (鑑定),0,鑑定,64.36999999999999,NEW_REALM_2,2026-08-11
灰色の夜明けのガントレット (鑑定),8,鑑定,1570.0,NEW_REALM_2,2026-08-11
灰色の夜明けのクロスボウ (未鑑定),0,未鑑定,4859.15,NEW_REALM_2,2026-08-11
灰色の夜明けのグリーヴ (鑑定),0,鑑定,3140.0,NEW_REALM_2,2026-08-11
灰色の夜明けのグリーヴ (鑑定),5,鑑定,3611.0,NEW_REALM_2,2026-08-11
灰色の夜明けのグローブ (未鑑定),0,未鑑定,387.79,NEW_REALM_2,2026-08-11
灰色の夜明けのグローブ (鑑定),0,鑑定,314.0,NEW_REALM_2,2026-08-11
灰色の夜明けのサイド (未鑑定),0,未鑑定,9420.0,NEW_REALM_2,2026-08-11
灰色の夜明けのネックレス,0,なし,10990.0,NEW_REALM_2,2026-08-11
灰色の夜明けのフード (鑑定),0,鑑定,183.69,NEW_REALM_2,2026-08-11
灰色の夜明けのブレスレット,0,なし,942.0,NEW_REALM_2,2026-08-11
灰色の夜明けのブレスレット,6,なし,1884.0,NEW_REALM_2,2026-08-11
灰色の夜明けのヘルム (未鑑定),0,未鑑定,345.40000000000003,NEW_REALM_2,2026-08-11
灰色の夜明けのヘルム (鑑定),0,鑑定,471.0,NEW_REALM_2,2026-08-11
灰色の夜明けのベスト (未鑑定),0,未鑑定,343.83,NEW_REALM_2,2026-08-11
灰色の夜明けのベスト (鑑定),0,鑑定,2041.0,NEW_REALM_2,2026-08-11
灰色の夜明けのベルト,0,なし,1256.0,NEW_REALM_2,2026-08-11
灰色の夜明けのリング,0,なし,1411.43,NEW_REALM_2,2026-08-11
灰色の夜明けのレガース (未鑑定),0,未鑑定,455.3,NEW_REALM_2,2026-08-11
灰色の夜明けのレガース (鑑定),5,鑑定,332.84000000000003,NEW_REALM_2,2026-08-11
灰色の夜明けのローブ (未鑑定),0,未鑑定,219.8,NEW_REALM_2,2026-08-11
灰色の夜明けのローブ (鑑定),0,鑑定,274.75,NEW_REALM_2,2026-08-11
灰色の夜明けの剣/盾 (未鑑定),0,未鑑定,4553.0,NEW_REALM_2,2026-08-11
灰色の夜明けの勇猛マント (未鑑定),0,未鑑定,3136.86,NEW_REALM_2,2026-08-11
灰色の夜明けの大剣 (未鑑定),0,未鑑定,7564.26,NEW_REALM_2,2026-08-11
灰色の夜明けの布ズボン (未鑑定),0,未鑑定,471.0,NEW_REALM_2,2026-08-11
灰色の夜明けの布ズボン (鑑定),4,鑑定,628.0,NEW_REALM_2,2026-08-11
灰色の夜明けの布ズボン (鑑定),5,鑑定,1293.68,NEW_REALM_2,2026-08-11
灰色の夜明けの帽子 (未鑑定),0,未鑑定,471.0,NEW_REALM_2,2026-08-11
灰色の夜明けの弓 (未鑑定),0,未鑑定,12246.0,NEW_REALM_2,2026-08-11
灰色の夜明けの戦闘マント (未鑑定),0,未鑑定,4863.86,NEW_REALM_2,2026-08-11
灰色の夜明けの戦闘マント (鑑定),0,鑑定,3140.0,NEW_REALM_2,2026-08-11
灰色の夜明けの戦闘盾 (鑑定),0,鑑定,9420.0,NEW_REALM_2,2026-08-11
灰色の夜明けの手甲 (未鑑定),0,未鑑定,155.43,NEW_REALM_2,2026-08-11
灰色の夜明けの手甲 (鑑定),0,鑑定,157.0,NEW_REALM_2,2026-08-11
灰色の夜明けの手甲 (鑑定),5,鑑定,235.5,NEW_REALM_2,2026-08-11
灰色の夜明けの短剣 (未鑑定),0,未鑑定,6977.08,NEW_REALM_2,2026-08-11
灰色の夜明けの短剣 (鑑定),0,鑑定,3140.0,NEW_REALM_2,2026-08-11
灰色の夜明けの短靴 (未鑑定),0,未鑑定,361.1,NEW_REALM_2,2026-08-11
灰色の夜明けの短靴 (鑑定),5,鑑定,1331.36,NEW_REALM_2,2026-08-11
灰色の夜明けの破壊マント (未鑑定),0,未鑑定,3136.86,NEW_REALM_2,2026-08-11
灰色の夜明けの籠手 (未鑑定),0,未鑑定,2983.0,NEW_REALM_2,2026-08-11
灰色の夜明けの籠手 (鑑定),6,鑑定,3488.54,NEW_REALM_2,2026-08-11
灰色の夜明けの籠手 (鑑定),7,鑑定,2826.0,NEW_REALM_2,2026-08-11
灰色の夜明けの精霊マント (未鑑定),0,未鑑定,3297.0,NEW_REALM_2,2026-08-11
灰色の夜明けの精霊マント (鑑定),1,鑑定,8635.0,NEW_REALM_2,2026-08-11
灰色の夜明けの鎧 (未鑑定),0,未鑑定,202.53,NEW_REALM_2,2026-08-11
灰色の夜明けの鎧 (鑑定),0,鑑定,471.0,NEW_REALM_2,2026-08-11
灰色の夜明けの鎧 (鑑定),5,鑑定,392.5,NEW_REALM_2,2026-08-11
灰色の夜明けの鎧 (鑑定),6,鑑定,312.43,NEW_REALM_2,2026-08-11
灰色の夜明けの鎧 (鑑定),7,鑑定,1288.97,NEW_REALM_2,2026-08-11
灰色の夜明けの鎧 (鑑定),8,鑑定,1810.21,NEW_REALM_2,2026-08-11
灰色の夜明けの長靴 (未鑑定),0,未鑑定,188.4,NEW_REALM_2,2026-08-11
灰色の夜明けの革ズボン (未鑑定),0,未鑑定,499.2600000000001,NEW_REALM_2,2026-08-11
白い戦闘馬のサドル,0,なし,147.57999999999998,NEW_REALM_2,2026-08-11
短剣：暗殺者の印,0,なし,47.1,NEW_REALM_2,2026-08-11
短剣：素早さ,0,なし,15.7,NEW_REALM_2,2026-08-11
素手：武術修練,0,なし,1882.43,NEW_REALM_2,2026-08-11
聖戦士の軍馬のサドル,0,なし,376.8,NEW_REALM_2,2026-08-11
荒ぶる戦闘狼のサドル,0,なし,98.91,NEW_REALM_2,2026-08-11
青い戦闘馬のサドル,0,なし,133.45,NEW_REALM_2,2026-08-11
魔法使いの駿馬のサドル,0,なし,213.52,NEW_REALM_2,2026-08-11
黒棘のガントレット (未鑑定),0,未鑑定,1128.8300000000002,NEW_REALM_2,2026-08-11
黒棘のガントレット (鑑定),6,鑑定,1884.0,NEW_REALM_2,2026-08-11
黒棘のグリーヴ (鑑定),4,鑑定,3140.0,NEW_REALM_2,2026-08-11
黒棘のグローブ (未鑑定),0,未鑑定,1099.0,NEW_REALM_2,2026-08-11
黒棘のネックレス,0,なし,10990.0,NEW_REALM_2,2026-08-11
黒棘のフード (鑑定),0,鑑定,471.0,NEW_REALM_2,2026-08-11
黒棘のブレスレット,0,なし,2978.29,NEW_REALM_2,2026-08-11
黒棘のブレスレット,14,なし,9263.0,NEW_REALM_2,2026-08-11
黒棘のヘルム (未鑑定),0,未鑑定,472.57,NEW_REALM_2,2026-08-11
黒棘のベスト (未鑑定),0,未鑑定,706.5,NEW_REALM_2,2026-08-11
黒棘のベスト (鑑定),5,鑑定,2326.74,NEW_REALM_2,2026-08-11
黒棘のベルト,0,なし,1256.0,NEW_REALM_2,2026-08-11
黒棘のレガース (未鑑定),0,未鑑定,628.0,NEW_REALM_2,2026-08-11
黒棘のレガース (鑑定),6,鑑定,942.0,NEW_REALM_2,2026-08-11
黒棘のローブ (未鑑定),0,未鑑定,1177.5,NEW_REALM_2,2026-08-11
黒棘のローブ (鑑定),0,鑑定,4710.0,NEW_REALM_2,2026-08-11
黒棘の剣/盾 (未鑑定),0,未鑑定,10988.429999999998,NEW_REALM_2,2026-08-11
黒棘の勇猛マント (未鑑定),0,未鑑定,3452.43,NEW_REALM_2,2026-08-11
黒棘の布ズボン (未鑑定),0,未鑑定,372.09,NEW_REALM_2,2026-08-11
黒棘の布ズボン (鑑定),0,鑑定,345.40000000000003,NEW_REALM_2,2026-08-11
黒棘の布ズボン (鑑定),5,鑑定,2355.0,NEW_REALM_2,2026-08-11
黒棘の帽子 (未鑑定),0,未鑑定,282.6,NEW_REALM_2,2026-08-11
黒棘の戦闘マント (未鑑定),0,未鑑定,6908.0,NEW_REALM_2,2026-08-11
黒棘の手甲 (未鑑定),0,未鑑定,2826.0,NEW_REALM_2,2026-08-11
黒棘の手甲 (鑑定),5,鑑定,314.0,NEW_REALM_2,2026-08-11
黒棘の短剣 (未鑑定),0,未鑑定,18083.26,NEW_REALM_2,2026-08-11
黒棘の破壊マント (未鑑定),0,未鑑定,3350.38,NEW_REALM_2,2026-08-11
黒棘の籠手 (鑑定),7,鑑定,4655.05,NEW_REALM_2,2026-08-11
黒棘の籠手 (鑑定),8,鑑定,3611.0,NEW_REALM_2,2026-08-11
黒棘の精霊マント (未鑑定),0,未鑑定,3611.0,NEW_REALM_2,2026-08-11
黒棘の鎧 (鑑定),0,鑑定,392.5,NEW_REALM_2,2026-08-11
黒棘の鎧 (鑑定),6,鑑定,376.8,NEW_REALM_2,2026-08-11
黒棘の長靴 (未鑑定),0,未鑑定,471.0,NEW_REALM_2,2026-08-11
黒棘の長靴 (鑑定),0,鑑定,196.25,NEW_REALM_2,2026-08-11
黒棘の革ズボン (未鑑定),0,未鑑定,703.36,NEW_REALM_2,2026-08-11
黒棘の革ズボン (鑑定),0,鑑定,471.0,NEW_REALM_2,2026-08-11
黒棘の革ズボン (鑑定),5,鑑定,593.4599999999999,NEW_REALM_2,2026-08-11
1段階10番培養細胞箱(10個),0,なし,18.84,NEW_REALM,2026-08-12
1段階11番培養細胞箱(10個),0,なし,149.15,NEW_REALM,2026-08-12
1段階12番培養細胞箱(10個),0,なし,260.62,NEW_REALM,2026-08-12
1段階13番培養細胞箱(10個),0,なし,547.9300000000001,NEW_REALM,2026-08-12
1段階14番培養細胞箱(10個),0,なし,2339.3,NEW_REALM,2026-08-12
1段階15番培養細胞箱(10個),0,なし,15555.56,NEW_REALM,2026-08-12
1段階16番培養細胞箱(5個),0,なし,29539.55,NEW_REALM,2026-08-12
1段階1番培養細胞箱(10個),0,なし,15.7,NEW_REALM,2026-08-12
1段階2番培養細胞箱(10個),0,なし,15.7,NEW_REALM,2026-08-12
1段階3番培養細胞箱(10個),0,なし,15.7,NEW_REALM,2026-08-12
1段階4番培養細胞箱(10個),0,なし,15.7,NEW_REALM,2026-08-12
1段階5番培養細胞箱(10個),0,なし,15.7,NEW_REALM,2026-08-12
1段階6番培養細胞箱(10個),0,なし,15.7,NEW_REALM,2026-08-12
1段階7番培養細胞箱(10個),0,なし,15.7,NEW_REALM,2026-08-12
1段階8番培養細胞箱(10個),0,なし,15.7,NEW_REALM,2026-08-12
1段階9番培養細胞箱(10個),0,なし,15.7,NEW_REALM,2026-08-12
1段階エピック装飾品強化箱(10個),0,なし,76.92999999999999,NEW_REALM,2026-08-12
1段階レジェンド装飾品強化箱(10個),0,なし,303.01,NEW_REALM,2026-08-12
"1段階時の欠片箱(1,000個)",0,なし,29.83,NEW_REALM,2026-08-12
"1段階没落の残滓(100,000個)",0,なし,50.24,NEW_REALM,2026-08-12
1段階錬金術触媒箱(100個),0,なし,15.7,NEW_REALM,2026-08-12
1段階黒オール箱(100個),0,なし,15.7,NEW_REALM,2026-08-12
2段階10番培養細胞箱(50個),0,なし,116.18,NEW_REALM,2026-08-12
2段階11番培養細胞箱(50個),0,なし,1033.06,NEW_REALM,2026-08-12
2段階1番培養細胞箱(50個),0,なし,15.7,NEW_REALM,2026-08-12
2段階2番培養細胞箱(50個),0,なし,15.7,NEW_REALM,2026-08-12
2段階3番培養細胞箱(50個),0,なし,15.7,NEW_REALM,2026-08-12
2段階4番培養細胞箱(50個),0,なし,15.7,NEW_REALM,2026-08-12
2段階5番培養細胞箱(50個),0,なし,15.7,NEW_REALM,2026-08-12
2段階6番培養細胞箱(50個),0,なし,15.7,NEW_REALM,2026-08-12
2段階7番培養細胞箱(50個),0,なし,15.7,NEW_REALM,2026-08-12
2段階8番培養細胞箱(50個),0,なし,15.7,NEW_REALM,2026-08-12
2段階9番培養細胞箱(50個),0,なし,15.7,NEW_REALM,2026-08-12
2段階エピック装飾品強化箱(100個),0,なし,1084.87,NEW_REALM,2026-08-12
2段階レジェンド装飾品強化箱(100個),0,なし,3907.73,NEW_REALM,2026-08-12
"2段階時の欠片箱(5,000個)",0,なし,157.0,NEW_REALM,2026-08-12
"2段階没落の残滓(500,000個)",0,なし,196.25,NEW_REALM,2026-08-12
2段階錬金術触媒箱(500個),0,なし,102.05,NEW_REALM,2026-08-12
2段階黒オール箱(500個),0,なし,117.75,NEW_REALM,2026-08-12
3段階10番培養細胞箱(100個),0,なし,197.82,NEW_REALM,2026-08-12
3段階1番培養細胞箱(100個),0,なし,15.7,NEW_REALM,2026-08-12
3段階2番培養細胞箱(100個),0,なし,15.7,NEW_REALM,2026-08-12
3段階3番培養細胞箱(100個),0,なし,15.7,NEW_REALM,2026-08-12
3段階4番培養細胞箱(100個),0,なし,15.7,NEW_REALM,2026-08-12
3段階5番培養細胞箱(100個),0,なし,15.7,NEW_REALM,2026-08-12
3段階6番培養細胞箱(100個),0,なし,15.7,NEW_REALM,2026-08-12
3段階7番培養細胞箱(100個),0,なし,15.7,NEW_REALM,2026-08-12
3段階8番培養細胞箱(100個),0,なし,15.7,NEW_REALM,2026-08-12
3段階9番培養細胞箱(100個),0,なし,29.83,NEW_REALM,2026-08-12
"3段階時の欠片箱(10,000個)",0,なし,318.71,NEW_REALM,2026-08-12
"3段階没落の残滓(1,000,000個)",0,なし,356.39,NEW_REALM,2026-08-12
"3段階錬金術触媒箱(1,000個)",0,なし,157.0,NEW_REALM,2026-08-12
"3段階黒オール箱(1,000個)",0,なし,108.33,NEW_REALM,2026-08-12
"4段階時の欠片箱(50,000個)",0,なし,1570.0,NEW_REALM,2026-08-12
"5段階時の欠片箱(100,000個)",0,なし,3925.0,NEW_REALM,2026-08-12
アイサの勇猛マント (未鑑定),0,未鑑定,408.2,NEW_REALM,2026-08-12
アイサの戦闘マント (未鑑定),0,未鑑定,596.6,NEW_REALM,2026-08-12
アイサの戦闘マント (鑑定),0,鑑定,706.5,NEW_REALM,2026-08-12
アイサの破壊マント (未鑑定),0,未鑑定,502.4,NEW_REALM,2026-08-12
アイサの破壊マント (鑑定),1,鑑定,549.5,NEW_REALM,2026-08-12
アイサの籠手 (鑑定),7,鑑定,1544.88,NEW_REALM,2026-08-12
アイサの精霊マント (未鑑定),0,未鑑定,469.43,NEW_REALM,2026-08-12
アイサグローブ (鑑定),0,鑑定,514.9599999999999,NEW_REALM,2026-08-12
アイサグローブ (鑑定),6,鑑定,471.0,NEW_REALM,2026-08-12
アイサグローブ (鑑定),8,鑑定,1931.1,NEW_REALM,2026-08-12
アイサヘルム (未鑑定),0,未鑑定,596.6,NEW_REALM,2026-08-12
アイサヘルム (鑑定),0,鑑定,298.3,NEW_REALM,2026-08-12
アイサヘルム (鑑定),5,鑑定,314.0,NEW_REALM,2026-08-12
アイサレガース (未鑑定),0,未鑑定,157.0,NEW_REALM,2026-08-12
アイサローブ (鑑定),0,鑑定,361.1,NEW_REALM,2026-08-12
アイサ剣/盾 (未鑑定),0,未鑑定,5791.7300000000005,NEW_REALM,2026-08-12
アイサ布ズボン (未鑑定),0,未鑑定,235.5,NEW_REALM,2026-08-12
アイサ帽子 (未鑑定),0,未鑑定,392.5,NEW_REALM,2026-08-12
アイサ戦闘盾 (未鑑定),0,未鑑定,3100.75,NEW_REALM,2026-08-12
アイサ手甲 (未鑑定),0,未鑑定,249.63,NEW_REALM,2026-08-12
アイサ杖 (未鑑定),0,未鑑定,8641.28,NEW_REALM,2026-08-12
アイサ短剣 (未鑑定),0,未鑑定,4521.6,NEW_REALM,2026-08-12
アイサ短靴 (未鑑定),0,未鑑定,329.7,NEW_REALM,2026-08-12
アイサ長靴 (鑑定),6,鑑定,1570.0,NEW_REALM,2026-08-12
アイサ革ズボン (未鑑定),0,未鑑定,157.0,NEW_REALM,2026-08-12
アイサ革ズボン (鑑定),4,鑑定,1570.0,NEW_REALM,2026-08-12
アザム・ヒサンのイヤリング,0,なし,392.5,NEW_REALM,2026-08-12
アザム・ヒサンのガントレット (未鑑定),0,未鑑定,15.7,NEW_REALM,2026-08-12
アザム・ヒサンのガントレット (鑑定),0,鑑定,20.41,NEW_REALM,2026-08-12
アザム・ヒサンのガントレット (鑑定),4,鑑定,39.25,NEW_REALM,2026-08-12
アザム・ヒサンのガントレット (鑑定),6,鑑定,157.0,NEW_REALM,2026-08-12
アザム・ヒサンのガントレット (鑑定),7,鑑定,628.0,NEW_REALM,2026-08-12
アザム・ヒサンのガントレット (鑑定),9,鑑定,1570.0,NEW_REALM,2026-08-12
アザム・ヒサンのクロスボウ (未鑑定),0,未鑑定,439.6,NEW_REALM,2026-08-12
アザム・ヒサンのクロスボウ (鑑定),0,鑑定,303.01,NEW_REALM,2026-08-12
アザム・ヒサンのクロスボウ (鑑定),10,鑑定,6280.0,NEW_REALM,2026-08-12
アザム・ヒサンのクロスボウ (鑑定),11,鑑定,5232.81,NEW_REALM,2026-08-12
アザム・ヒサンのクロスボウ (鑑定),12,鑑定,13825.42,NEW_REALM,2026-08-12
アザム・ヒサンのクロスボウ (鑑定),7,鑑定,595.03,NEW_REALM,2026-08-12
アザム・ヒサンのクロスボウ (鑑定),8,鑑定,314.0,NEW_REALM,2026-08-12
アザム・ヒサンのクロスボウ (鑑定),9,鑑定,3140.0,NEW_REALM,2026-08-12
アザム・ヒサンのグリーヴ (未鑑定),0,未鑑定,15.7,NEW_REALM,2026-08-12
アザム・ヒサンのグリーヴ (鑑定),0,鑑定,15.7,NEW_REALM,2026-08-12
アザム・ヒサンのグリーヴ (鑑定),5,鑑定,18.84,NEW_REALM,2026-08-12
アザム・ヒサンのグリーヴ (鑑定),6,鑑定,78.5,NEW_REALM,2026-08-12
アザム・ヒサンのグリーヴ (鑑定),7,鑑定,94.2,NEW_REALM,2026-08-12
アザム・ヒサンのグリーヴ (鑑定),8,鑑定,157.0,NEW_REALM,2026-08-12
アザム・ヒサンのグリーヴ (鑑定),9,鑑定,533.8,NEW_REALM,2026-08-12
アザム・ヒサンのグローブ (未鑑定),0,未鑑定,15.7,NEW_REALM,2026-08-12
アザム・ヒサンのグローブ (鑑定),0,鑑定,15.7,NEW_REALM,2026-08-12
アザム・ヒサンのグローブ (鑑定),5,鑑定,23.55,NEW_REALM,2026-08-12
アザム・ヒサンのグローブ (鑑定),6,鑑定,172.70000000000002,NEW_REALM,2026-08-12
アザム・ヒサンのグローブ (鑑定),7,鑑定,471.0,NEW_REALM,2026-08-12
アザム・ヒサンのグローブ (鑑定),8,鑑定,392.5,NEW_REALM,2026-08-12
アザム・ヒサンのサイド (未鑑定),0,未鑑定,758.3100000000001,NEW_REALM,2026-08-12
アザム・ヒサンのサイド (鑑定),0,鑑定,595.03,NEW_REALM,2026-08-12
アザム・ヒサンのサイド (鑑定),10,鑑定,4650.34,NEW_REALM,2026-08-12
アザム・ヒサンのサイド (鑑定),7,鑑定,2355.0,NEW_REALM,2026-08-12
アザム・ヒサンのサイド (鑑定),8,鑑定,942.0,NEW_REALM,2026-08-12
アザム・ヒサンのネックレス,0,なし,1413.0,NEW_REALM,2026-08-12
アザム・ヒサンのネックレス,15,なし,4986.320000000001,NEW_REALM,2026-08-12
アザム・ヒサンのフード (未鑑定),0,未鑑定,15.7,NEW_REALM,2026-08-12
アザム・ヒサンのフード (鑑定),0,鑑定,15.7,NEW_REALM,2026-08-12
アザム・ヒサンのフード (鑑定),10,鑑定,593.4599999999999,NEW_REALM,2026-08-12
アザム・ヒサンのフード (鑑定),5,鑑定,18.84,NEW_REALM,2026-08-12
アザム・ヒサンのフード (鑑定),6,鑑定,89.49,NEW_REALM,2026-08-12
アザム・ヒサンのフード (鑑定),7,鑑定,157.0,NEW_REALM,2026-08-12
アザム・ヒサンのフード (鑑定),8,鑑定,141.3,NEW_REALM,2026-08-12
アザム・ヒサンのフード (鑑定),9,鑑定,254.34,NEW_REALM,2026-08-12
アザム・ヒサンのブレスレット,1,なし,549.5,NEW_REALM,2026-08-12
アザム・ヒサンのヘルム (未鑑定),0,未鑑定,15.7,NEW_REALM,2026-08-12
アザム・ヒサンのヘルム (鑑定),0,鑑定,15.7,NEW_REALM,2026-08-12
アザム・ヒサンのヘルム (鑑定),10,鑑定,942.0,NEW_REALM,2026-08-12
アザム・ヒサンのヘルム (鑑定),5,鑑定,39.25,NEW_REALM,2026-08-12
アザム・ヒサンのヘルム (鑑定),6,鑑定,31.4,NEW_REALM,2026-08-12
アザム・ヒサンのヘルム (鑑定),8,鑑定,180.55,NEW_REALM,2026-08-12
アザム・ヒサンのヘルム (鑑定),9,鑑定,753.6,NEW_REALM,2026-08-12
アザム・ヒサンのベスト (未鑑定),0,未鑑定,15.7,NEW_REALM,2026-08-12
アザム・ヒサンのベスト (鑑定),0,鑑定,20.41,NEW_REALM,2026-08-12
アザム・ヒサンのベスト (鑑定),10,鑑定,785.0,NEW_REALM,2026-08-12
アザム・ヒサンのベスト (鑑定),5,鑑定,21.98,NEW_REALM,2026-08-12
アザム・ヒサンのベスト (鑑定),6,鑑定,108.33,NEW_REALM,2026-08-12
アザム・ヒサンのベスト (鑑定),7,鑑定,219.8,NEW_REALM,2026-08-12
アザム・ヒサンのベスト (鑑定),8,鑑定,243.35,NEW_REALM,2026-08-12
アザム・ヒサンのベルト,0,なし,290.45,NEW_REALM,2026-08-12
アザム・ヒサンのレガース (未鑑定),0,未鑑定,31.4,NEW_REALM,2026-08-12
アザム・ヒサンのレガース (鑑定),0,鑑定,20.41,NEW_REALM,2026-08-12
アザム・ヒサンのレガース (鑑定),5,鑑定,138.16,NEW_REALM,2026-08-12
アザム・ヒサンのローブ (未鑑定),0,未鑑定,34.54,NEW_REALM,2026-08-12
アザム・ヒサンのローブ (鑑定),0,鑑定,17.27,NEW_REALM,2026-08-12
アザム・ヒサンのローブ (鑑定),10,鑑定,6458.9800000000005,NEW_REALM,2026-08-12
アザム・ヒサンのローブ (鑑定),5,鑑定,23.55,NEW_REALM,2026-08-12
アザム・ヒサンのローブ (鑑定),6,鑑定,47.1,NEW_REALM,2026-08-12
アザム・ヒサンのローブ (鑑定),7,鑑定,155.43,NEW_REALM,2026-08-12
アザム・ヒサンのローブ (鑑定),8,鑑定,309.29,NEW_REALM,2026-08-12
アザム・ヒサンの剣/盾 (未鑑定),0,未鑑定,420.7600000000001,NEW_REALM,2026-08-12
アザム・ヒサンの剣/盾 (鑑定),0,鑑定,329.7,NEW_REALM,2026-08-12
アザム・ヒサンの剣/盾 (鑑定),11,鑑定,10212.85,NEW_REALM,2026-08-12
アザム・ヒサンの剣/盾 (鑑定),6,鑑定,2983.0,NEW_REALM,2026-08-12
アザム・ヒサンの剣/盾 (鑑定),7,鑑定,785.0,NEW_REALM,2026-08-12
アザム・ヒサンの剣/盾 (鑑定),8,鑑定,392.5,NEW_REALM,2026-08-12
アザム・ヒサンの剣/盾 (鑑定),9,鑑定,1420.85,NEW_REALM,2026-08-12
アザム・ヒサンの大剣 (未鑑定),0,未鑑定,255.91,NEW_REALM,2026-08-12
アザム・ヒサンの大剣 (鑑定),0,鑑定,243.35,NEW_REALM,2026-08-12
アザム・ヒサンの大剣 (鑑定),10,鑑定,1570.0,NEW_REALM,2026-08-12
アザム・ヒサンの大剣 (鑑定),7,鑑定,361.1,NEW_REALM,2026-08-12
アザム・ヒサンの大剣 (鑑定),8,鑑定,1342.35,NEW_REALM,2026-08-12
アザム・ヒサンの布ズボン (未鑑定),0,未鑑定,15.7,NEW_REALM,2026-08-12
アザム・ヒサンの布ズボン (鑑定),0,鑑定,17.27,NEW_REALM,2026-08-12
アザム・ヒサンの布ズボン (鑑定),11,鑑定,2355.0,NEW_REALM,2026-08-12
アザム・ヒサンの布ズボン (鑑定),4,鑑定,47.1,NEW_REALM,2026-08-12
アザム・ヒサンの布ズボン (鑑定),5,鑑定,23.55,NEW_REALM,2026-08-12
アザム・ヒサンの布ズボン (鑑定),6,鑑定,109.9,NEW_REALM,2026-08-12
アザム・ヒサンの布ズボン (鑑定),7,鑑定,1570.0,NEW_REALM,2026-08-12
アザム・ヒサンの布ズボン (鑑定),8,鑑定,309.29,NEW_REALM,2026-08-12
アザム・ヒサンの布ズボン (鑑定),9,鑑定,767.7299999999999,NEW_REALM,2026-08-12
アザム・ヒサンの帽子 (未鑑定),0,未鑑定,15.7,NEW_REALM,2026-08-12
アザム・ヒサンの帽子 (鑑定),0,鑑定,15.7,NEW_REALM,2026-08-12
アザム・ヒサンの帽子 (鑑定),5,鑑定,23.55,NEW_REALM,2026-08-12
アザム・ヒサンの帽子 (鑑定),6,鑑定,29.83,NEW_REALM,2026-08-12
アザム・ヒサンの帽子 (鑑定),8,鑑定,213.52,NEW_REALM,2026-08-12
アザム・ヒサンの帽子 (鑑定),9,鑑定,1256.0,NEW_REALM,2026-08-12
アザム・ヒサンの弓 (未鑑定),0,未鑑定,816.4,NEW_REALM,2026-08-12
アザム・ヒサンの弓 (鑑定),0,鑑定,549.5,NEW_REALM,2026-08-12
アザム・ヒサンの弓 (鑑定),10,鑑定,5024.0,NEW_REALM,2026-08-12
アザム・ヒサンの弓 (鑑定),11,鑑定,9420.0,NEW_REALM,2026-08-12
アザム・ヒサンの弓 (鑑定),7,鑑定,471.0,NEW_REALM,2026-08-12
アザム・ヒサンの弓 (鑑定),8,鑑定,2325.17,NEW_REALM,2026-08-12
アザム・ヒサンの戦棒 (未鑑定),0,未鑑定,690.8000000000001,NEW_REALM,2026-08-12
アザム・ヒサンの戦棒 (鑑定),0,鑑定,326.56,NEW_REALM,2026-08-12
アザム・ヒサンの戦棒 (鑑定),10,鑑定,3611.0,NEW_REALM,2026-08-12
アザム・ヒサンの戦棒 (鑑定),7,鑑定,905.89,NEW_REALM,2026-08-12
アザム・ヒサンの戦棒 (鑑定),8,鑑定,1171.22,NEW_REALM,2026-08-12
アザム・ヒサンの戦闘盾 (未鑑定),0,未鑑定,420.7600000000001,NEW_REALM,2026-08-12
アザム・ヒサンの戦闘盾 (鑑定),0,鑑定,266.9,NEW_REALM,2026-08-12
アザム・ヒサンの戦闘盾 (鑑定),10,鑑定,1570.0,NEW_REALM,2026-08-12
アザム・ヒサンの戦闘盾 (鑑定),12,鑑定,5684.97,NEW_REALM,2026-08-12
アザム・ヒサンの戦闘盾 (鑑定),6,鑑定,1413.0,NEW_REALM,2026-08-12
アザム・ヒサンの戦闘盾 (鑑定),7,鑑定,271.61,NEW_REALM,2026-08-12
アザム・ヒサンの戦闘盾 (鑑定),8,鑑定,593.4599999999999,NEW_REALM,2026-08-12
アザム・ヒサンの戦闘盾 (鑑定),9,鑑定,569.91,NEW_REALM,2026-08-12
アザム・ヒサンの手甲 (未鑑定),0,未鑑定,15.7,NEW_REALM,2026-08-12
アザム・ヒサンの手甲 (鑑定),0,鑑定,23.55,NEW_REALM,2026-08-12
アザム・ヒサンの手甲 (鑑定),5,鑑定,23.55,NEW_REALM,2026-08-12
アザム・ヒサンの手甲 (鑑定),6,鑑定,102.05,NEW_REALM,2026-08-12
アザム・ヒサンの手甲 (鑑定),7,鑑定,157.0,NEW_REALM,2026-08-12
アザム・ヒサンの手甲 (鑑定),8,鑑定,235.5,NEW_REALM,2026-08-12
アザム・ヒサンの杖 (未鑑定),0,未鑑定,445.88,NEW_REALM,2026-08-12
アザム・ヒサンの杖 (鑑定),0,鑑定,471.0,NEW_REALM,2026-08-12
アザム・ヒサンの杖 (鑑定),10,鑑定,5950.3,NEW_REALM,2026-08-12
アザム・ヒサンの杖 (鑑定),7,鑑定,645.2700000000001,NEW_REALM,2026-08-12
アザム・ヒサンの杖 (鑑定),8,鑑定,593.4599999999999,NEW_REALM,2026-08-12
アザム・ヒサンの杖 (鑑定),9,鑑定,4133.81,NEW_REALM,2026-08-12
アザム・ヒサンの短剣 (未鑑定),0,未鑑定,489.84,NEW_REALM,2026-08-12
アザム・ヒサンの短剣 (鑑定),0,鑑定,361.1,NEW_REALM,2026-08-12
アザム・ヒサンの短剣 (鑑定),10,鑑定,4392.86,NEW_REALM,2026-08-12
アザム・ヒサンの短剣 (鑑定),6,鑑定,982.82,NEW_REALM,2026-08-12
アザム・ヒサンの短剣 (鑑定),7,鑑定,1177.5,NEW_REALM,2026-08-12
アザム・ヒサンの短剣 (鑑定),8,鑑定,942.0,NEW_REALM,2026-08-12
アザム・ヒサンの短剣 (鑑定),9,鑑定,1727.0,NEW_REALM,2026-08-12
アザム・ヒサンの短靴 (未鑑定),0,未鑑定,25.12,NEW_REALM,2026-08-12
アザム・ヒサンの短靴 (鑑定),0,鑑定,18.84,NEW_REALM,2026-08-12
アザム・ヒサンの短靴 (鑑定),5,鑑定,17.27,NEW_REALM,2026-08-12
アザム・ヒサンの短靴 (鑑定),6,鑑定,149.15,NEW_REALM,2026-08-12
アザム・ヒサンの籠手 (未鑑定),0,未鑑定,248.06,NEW_REALM,2026-08-12
アザム・ヒサンの籠手 (鑑定),0,鑑定,295.16,NEW_REALM,2026-08-12
アザム・ヒサンの籠手 (鑑定),10,鑑定,2198.0,NEW_REALM,2026-08-12
アザム・ヒサンの籠手 (鑑定),7,鑑定,188.4,NEW_REALM,2026-08-12
アザム・ヒサンの籠手 (鑑定),8,鑑定,295.16,NEW_REALM,2026-08-12
アザム・ヒサンの鎧 (未鑑定),0,未鑑定,15.7,NEW_REALM,2026-08-12
アザム・ヒサンの鎧 (鑑定),0,鑑定,15.7,NEW_REALM,2026-08-12
アザム・ヒサンの鎧 (鑑定),5,鑑定,31.4,NEW_REALM,2026-08-12
アザム・ヒサンの鎧 (鑑定),6,鑑定,97.34,NEW_REALM,2026-08-12
アザム・ヒサンの鎧 (鑑定),7,鑑定,549.5,NEW_REALM,2026-08-12
アザム・ヒサンの鎧 (鑑定),8,鑑定,471.0,NEW_REALM,2026-08-12
アザム・ヒサンの鎧 (鑑定),9,鑑定,471.0,NEW_REALM,2026-08-12
アザム・ヒサンの長靴 (未鑑定),0,未鑑定,125.6,NEW_REALM,2026-08-12
アザム・ヒサンの長靴 (鑑定),0,鑑定,23.55,NEW_REALM,2026-08-12
アザム・ヒサンの長靴 (鑑定),10,鑑定,2042.57,NEW_REALM,2026-08-12
アザム・ヒサンの長靴 (鑑定),5,鑑定,28.26,NEW_REALM,2026-08-12
アザム・ヒサンの長靴 (鑑定),6,鑑定,78.5,NEW_REALM,2026-08-12
アザム・ヒサンの長靴 (鑑定),8,鑑定,990.67,NEW_REALM,2026-08-12
アザム・ヒサンの長靴 (鑑定),9,鑑定,775.58,NEW_REALM,2026-08-12
アザム・ヒサンの革ズボン (未鑑定),0,未鑑定,18.84,NEW_REALM,2026-08-12
アザム・ヒサンの革ズボン (鑑定),0,鑑定,15.7,NEW_REALM,2026-08-12
アザム・ヒサンの革ズボン (鑑定),10,鑑定,785.0,NEW_REALM,2026-08-12
アザム・ヒサンの革ズボン (鑑定),11,鑑定,2198.0,NEW_REALM,2026-08-12
アザム・ヒサンの革ズボン (鑑定),4,鑑定,257.48,NEW_REALM,2026-08-12
アザム・ヒサンの革ズボン (鑑定),5,鑑定,18.84,NEW_REALM,2026-08-12
アザム・ヒサンの革ズボン (鑑定),6,鑑定,109.9,NEW_REALM,2026-08-12
アザム・ヒサンの革ズボン (鑑定),7,鑑定,266.9,NEW_REALM,2026-08-12
アザム・ヒサンの革ズボン (鑑定),8,鑑定,240.21,NEW_REALM,2026-08-12
アザム・ヒサンの革ズボン (鑑定),9,鑑定,785.0,NEW_REALM,2026-08-12
アビリティ:カリオンの洞察【呪文】,0,なし,114.61,NEW_REALM,2026-08-12
アビリティ:セクレタの才能【偵察】,0,なし,175.84,NEW_REALM,2026-08-12
アビリティ:テレノスの力【戦闘】,0,なし,54.95,NEW_REALM,2026-08-12
アビリティ:九死一生【技巧】,0,なし,4553.0,NEW_REALM,2026-08-12
アビリティ:克服【活力】,0,なし,10346.3,NEW_REALM,2026-08-12
アビリティ:必殺の一撃【強化】,0,なし,20669.05,NEW_REALM,2026-08-12
アビリティ:慎重な攻撃【補助】,0,なし,29.83,NEW_REALM,2026-08-12
アビリティ:戦場の叫び【活力】,0,なし,4239.0,NEW_REALM,2026-08-12
アビリティ:持続治癒【補助】,0,なし,3925.0,NEW_REALM,2026-08-12
アビリティ:業火の武器【強化】,0,なし,1570.0,NEW_REALM,2026-08-12
アビリティ:睡眠誘導【呪文】,0,なし,1568.43,NEW_REALM,2026-08-12
アビリティ:破壊の武器【技巧】,0,なし,682.9499999999999,NEW_REALM,2026-08-12
アビリティ:磁場生成【呪文】,0,なし,5887.5,NEW_REALM,2026-08-12
アビリティ:純粋なマナ回復薬【活力】,0,なし,15.7,NEW_REALM,2026-08-12
アビリティ:解剖学【補助】,0,なし,6280.0,NEW_REALM,2026-08-12
アビリティ:超感覚【偵察】,0,なし,3925.0,NEW_REALM,2026-08-12
アビリティ:酷寒の武器【呪文】,0,なし,519.67,NEW_REALM,2026-08-12
アビリティ:雷精霊【強化】,0,なし,3925.0,NEW_REALM,2026-08-12
アンコモン装飾品強化箱(100個),0,なし,21.98,NEW_REALM,2026-08-12
イニスのイヤリング ,0,なし,4082.0,NEW_REALM,2026-08-12
イニスのガントレット (未鑑定),0,未鑑定,4396.0,NEW_REALM,2026-08-12
イニスのネックレス ,0,なし,32970.0,NEW_REALM,2026-08-12
イニスのブレスレット ,0,なし,7143.5,NEW_REALM,2026-08-12
イニスのヘルム (鑑定),8,鑑定,13816.0,NEW_REALM,2026-08-12
イニスのベルト ,0,なし,3925.0,NEW_REALM,2026-08-12
イニスのベルト ,2,なし,4082.0,NEW_REALM,2026-08-12
イニスのリング ,0,なし,5179.43,NEW_REALM,2026-08-12
イニスのリング ,15,なし,11304.0,NEW_REALM,2026-08-12
イニスのレガース (未鑑定),0,未鑑定,2355.0,NEW_REALM,2026-08-12
イニスの手甲 (未鑑定),0,未鑑定,15464.5,NEW_REALM,2026-08-12
イニスの鎧 (未鑑定),0,未鑑定,3611.0,NEW_REALM,2026-08-12
イニスの鎧 (鑑定),8,鑑定,12089.0,NEW_REALM,2026-08-12
イリアナの籠手 (未鑑定),0,未鑑定,78343.0,NEW_REALM,2026-08-12
イリアナガントレット (鑑定),8,鑑定,13816.0,NEW_REALM,2026-08-12
イリアナグリーヴ (未鑑定),0,未鑑定,3358.23,NEW_REALM,2026-08-12
イリアナグローブ (未鑑定),0,未鑑定,6906.43,NEW_REALM,2026-08-12
イリアナフード (未鑑定),0,未鑑定,6123.0,NEW_REALM,2026-08-12
イリアナヘルム (未鑑定),0,未鑑定,2577.94,NEW_REALM,2026-08-12
イリアナレガース (未鑑定),0,未鑑定,3297.0,NEW_REALM,2026-08-12
イリアナレガース (鑑定),0,鑑定,3140.0,NEW_REALM,2026-08-12
イリアナ剣/盾 (未鑑定),0,未鑑定,232955.03,NEW_REALM,2026-08-12
イリアナ布ズボン (未鑑定),0,未鑑定,2581.0800000000004,NEW_REALM,2026-08-12
イリアナ帽子 (未鑑定),0,未鑑定,6751.0,NEW_REALM,2026-08-12
イリアナ弓 (未鑑定),0,未鑑定,219800.0,NEW_REALM,2026-08-12
イリアナ手甲 (未鑑定),0,未鑑定,4063.16,NEW_REALM,2026-08-12
イリアナ杖 (未鑑定),0,未鑑定,219800.0,NEW_REALM,2026-08-12
イリアナ鎧 (鑑定),5,鑑定,7850.0,NEW_REALM,2026-08-12
エオスのイヤリング,0,なし,2826.0,NEW_REALM,2026-08-12
エオスのガントレット (未鑑定),0,未鑑定,2355.0,NEW_REALM,2026-08-12
エオスのグリーヴ (未鑑定),0,未鑑定,2606.2000000000003,NEW_REALM,2026-08-12
エオスのベスト (未鑑定),0,未鑑定,4242.14,NEW_REALM,2026-08-12
エオスのベルト,0,なし,5730.5,NEW_REALM,2026-08-12
エオスのリング,0,なし,3917.15,NEW_REALM,2026-08-12
エオスのレガース (鑑定),8,鑑定,7850.0,NEW_REALM,2026-08-12
エオスの布ズボン (未鑑定),0,未鑑定,1552.73,NEW_REALM,2026-08-12
エオスの帽子 (未鑑定),0,未鑑定,1727.0,NEW_REALM,2026-08-12
エオスの手甲 (未鑑定),0,未鑑定,1491.5,NEW_REALM,2026-08-12
エオスの手甲 (鑑定),0,鑑定,2198.0,NEW_REALM,2026-08-12
エオスの短靴 (未鑑定),0,未鑑定,4163.64,NEW_REALM,2026-08-12
エオスの長靴 (鑑定),5,鑑定,2117.93,NEW_REALM,2026-08-12
エオスの革ズボン (未鑑定),0,未鑑定,2512.0,NEW_REALM,2026-08-12
エル・セラのイヤリング,0,なし,329.7,NEW_REALM,2026-08-12
エル・セラのイヤリング,15,なし,1177.5,NEW_REALM,2026-08-12
エル・セラのイヤリング,16,なし,1884.0,NEW_REALM,2026-08-12
エル・セラのイヤリング,20,なし,11461.0,NEW_REALM,2026-08-12
エル・セラのクロスボウ (未鑑定),0,未鑑定,6904.86,NEW_REALM,2026-08-12
エル・セラのグリーヴ (鑑定),5,鑑定,157.0,NEW_REALM,2026-08-12
エル・セラのグローブ (鑑定),5,鑑定,149.15,NEW_REALM,2026-08-12
エル・セラのサイド (未鑑定),0,未鑑定,11775.0,NEW_REALM,2026-08-12
エル・セラのネックレス,0,なし,2508.86,NEW_REALM,2026-08-12
エル・セラのフード (鑑定),6,鑑定,739.47,NEW_REALM,2026-08-12
エル・セラのブレスレット,0,なし,518.1,NEW_REALM,2026-08-12
エル・セラのブレスレット,14,なし,1803.93,NEW_REALM,2026-08-12
エル・セラのブレスレット,15,なし,1411.43,NEW_REALM,2026-08-12
エル・セラのヘルム (未鑑定),0,未鑑定,125.6,NEW_REALM,2026-08-12
エル・セラのベスト (未鑑定),0,未鑑定,233.93,NEW_REALM,2026-08-12
エル・セラのベスト (鑑定),5,鑑定,387.79,NEW_REALM,2026-08-12
エル・セラのベルト,0,なし,277.89,NEW_REALM,2026-08-12
エル・セラのベルト,14,なし,783.4300000000001,NEW_REALM,2026-08-12
エル・セラのベルト,15,なし,2198.0,NEW_REALM,2026-08-12
エル・セラのベルト,18,なし,3611.0,NEW_REALM,2026-08-12
エル・セラのリング,0,なし,689.2299999999999,NEW_REALM,2026-08-12
エル・セラのリング,20,なし,13816.0,NEW_REALM,2026-08-12
エル・セラのレガース (未鑑定),0,未鑑定,596.6,NEW_REALM,2026-08-12
エル・セラの剣/盾 (未鑑定),0,未鑑定,3768.0,NEW_REALM,2026-08-12
エル・セラの勇猛マント (未鑑定),0,未鑑定,628.0,NEW_REALM,2026-08-12
エル・セラの布ズボン (未鑑定),0,未鑑定,235.5,NEW_REALM,2026-08-12
エル・セラの布ズボン (鑑定),0,鑑定,235.5,NEW_REALM,2026-08-12
エル・セラの布ズボン (鑑定),8,鑑定,1163.37,NEW_REALM,2026-08-12
エル・セラの帽子 (未鑑定),0,未鑑定,155.43,NEW_REALM,2026-08-12
エル・セラの帽子 (鑑定),8,鑑定,1256.0,NEW_REALM,2026-08-12
エル・セラの弓 (未鑑定),0,未鑑定,6594.0,NEW_REALM,2026-08-12
エル・セラの戦棒 (未鑑定),0,未鑑定,8635.0,NEW_REALM,2026-08-12
エル・セラの戦闘マント (未鑑定),0,未鑑定,942.0,NEW_REALM,2026-08-12
エル・セラの戦闘盾 (未鑑定),0,未鑑定,2355.0,NEW_REALM,2026-08-12
エル・セラの戦闘盾 (鑑定),8,鑑定,3454.0,NEW_REALM,2026-08-12
エル・セラの手甲 (未鑑定),0,未鑑定,94.2,NEW_REALM,2026-08-12
エル・セラの短剣 (未鑑定),0,未鑑定,3297.0,NEW_REALM,2026-08-12
エル・セラの短剣 (鑑定),8,鑑定,3925.0,NEW_REALM,2026-08-12
エル・セラの短靴 (未鑑定),0,未鑑定,392.5,NEW_REALM,2026-08-12
エル・セラの短靴 (鑑定),0,鑑定,471.0,NEW_REALM,2026-08-12
エル・セラの破壊マント (未鑑定),0,未鑑定,469.43,NEW_REALM,2026-08-12
エル・セラの籠手 (未鑑定),0,未鑑定,785.0,NEW_REALM,2026-08-12
エル・セラの鎧 (鑑定),5,鑑定,1413.0,NEW_REALM,2026-08-12
オペルタのイヤリング,0,なし,2826.0,NEW_REALM,2026-08-12
オペルタのグリーヴ (鑑定),8,鑑定,12089.0,NEW_REALM,2026-08-12
オペルタのグローブ (未鑑定),0,未鑑定,4465.08,NEW_REALM,2026-08-12
オペルタのネックレス,0,なし,33127.0,NEW_REALM,2026-08-12
オペルタのブレスレット,0,なし,8478.0,NEW_REALM,2026-08-12
オペルタのヘルム (未鑑定),0,未鑑定,1475.8,NEW_REALM,2026-08-12
オペルタのベスト (未鑑定),0,未鑑定,4710.0,NEW_REALM,2026-08-12
オペルタのベルト,0,なし,5495.0,NEW_REALM,2026-08-12
オペルタのレガース (未鑑定),0,未鑑定,1413.0,NEW_REALM,2026-08-12
オペルタのレガース (鑑定),0,鑑定,1884.0,NEW_REALM,2026-08-12
オペルタのレガース (鑑定),8,鑑定,10487.6,NEW_REALM,2026-08-12
オペルタの布ズボン (未鑑定),0,未鑑定,1695.6,NEW_REALM,2026-08-12
オペルタの布ズボン (鑑定),7,鑑定,10214.42,NEW_REALM,2026-08-12
オペルタの帽子 (未鑑定),0,未鑑定,3925.0,NEW_REALM,2026-08-12
オペルタの帽子 (鑑定),6,鑑定,3618.85,NEW_REALM,2026-08-12
オペルタの手甲 (鑑定),0,鑑定,1036.2,NEW_REALM,2026-08-12
オペルタの短靴 (未鑑定),0,未鑑定,6437.0,NEW_REALM,2026-08-12
オペルタの破壊マント (未鑑定),0,未鑑定,7065.0,NEW_REALM,2026-08-12
オペルタの精霊マント (未鑑定),0,未鑑定,6594.0,NEW_REALM,2026-08-12
オペルタの鎧 (未鑑定),0,未鑑定,2198.0,NEW_REALM,2026-08-12
オペルタの長靴 (未鑑定),0,未鑑定,4394.429999999999,NEW_REALM,2026-08-12
オペルタの革ズボン (未鑑定),0,未鑑定,4396.0,NEW_REALM,2026-08-12
ガルバのサドル,0,なし,164.85,NEW_REALM,2026-08-12
クランシアのイヤリング,0,なし,310.86,NEW_REALM,2026-08-12
クランシアのイヤリング,20,なし,12403.0,NEW_REALM,2026-08-12
クランシアのガントレット (未鑑定),0,未鑑定,28.26,NEW_REALM,2026-08-12
クランシアのガントレット (鑑定),5,鑑定,153.86,NEW_REALM,2026-08-12
クランシアのガントレット (鑑定),7,鑑定,150.72,NEW_REALM,2026-08-12
クランシアのグローブ (鑑定),8,鑑定,386.22,NEW_REALM,2026-08-12
クランシアのネックレス,0,なし,2983.0,NEW_REALM,2026-08-12
クランシアのフード (鑑定),0,鑑定,769.3000000000001,NEW_REALM,2026-08-12
クランシアのフード (鑑定),8,鑑定,1050.3300000000002,NEW_REALM,2026-08-12
クランシアのブレスレット,0,なし,485.13,NEW_REALM,2026-08-12
クランシアのヘルム (未鑑定),0,未鑑定,282.6,NEW_REALM,2026-08-12
クランシアのヘルム (鑑定),0,鑑定,314.0,NEW_REALM,2026-08-12
クランシアのヘルム (鑑定),6,鑑定,309.29,NEW_REALM,2026-08-12
クランシアのベルト,0,なし,375.23,NEW_REALM,2026-08-12
クランシアのリング,0,なし,993.81,NEW_REALM,2026-08-12
クランシアのローブ (鑑定),0,鑑定,306.15,NEW_REALM,2026-08-12
クランシアの剣/盾 (未鑑定),0,未鑑定,4237.429999999999,NEW_REALM,2026-08-12
クランシアの勇猛マント (未鑑定),0,未鑑定,1413.0,NEW_REALM,2026-08-12
クランシアの帽子 (鑑定),0,鑑定,871.35,NEW_REALM,2026-08-12
クランシアの弓 (未鑑定),0,未鑑定,7232.99,NEW_REALM,2026-08-12
クランシアの戦棒 (未鑑定),0,未鑑定,7143.5,NEW_REALM,2026-08-12
クランシアの戦闘マント (未鑑定),0,未鑑定,628.0,NEW_REALM,2026-08-12
クランシアの手甲 (未鑑定),0,未鑑定,113.04,NEW_REALM,2026-08-12
クランシアの手甲 (鑑定),8,鑑定,1570.0,NEW_REALM,2026-08-12
クランシアの短靴 (未鑑定),0,未鑑定,392.5,NEW_REALM,2026-08-12
クランシアの短靴 (鑑定),0,鑑定,306.15,NEW_REALM,2026-08-12
クランシアの破壊マント (鑑定),5,鑑定,3928.14,NEW_REALM,2026-08-12
クランシアの鎧 (未鑑定),0,未鑑定,675.1,NEW_REALM,2026-08-12
クランシアの長靴 (鑑定),0,鑑定,306.15,NEW_REALM,2026-08-12
クロスボウ：ハンターの証,0,なし,10205.0,NEW_REALM,2026-08-12
クロスボウ：距離調節,0,なし,15.7,NEW_REALM,2026-08-12
クロスボウ：鋭い矢,0,なし,15.7,NEW_REALM,2026-08-12
グレイシスのサドル,0,なし,1240.3,NEW_REALM,2026-08-12
ケルサのサドル,0,なし,21.98,NEW_REALM,2026-08-12
サイド：処刑準備,0,なし,133.45,NEW_REALM,2026-08-12
サイド：魂の循環,0,なし,135.02,NEW_REALM,2026-08-12
サイド：魔力反発,0,なし,28260.0,NEW_REALM,2026-08-12
セラドのイヤリング,0,なし,296.73,NEW_REALM,2026-08-12
セラドのイヤリング,1,なし,533.8,NEW_REALM,2026-08-12
セラドのイヤリング,15,なし,733.1899999999999,NEW_REALM,2026-08-12
セラドのガントレット (未鑑定),0,未鑑定,15.7,NEW_REALM,2026-08-12
セラドのガントレット (鑑定),0,鑑定,20.41,NEW_REALM,2026-08-12
セラドのガントレット (鑑定),4,鑑定,39.25,NEW_REALM,2026-08-12
セラドのガントレット (鑑定),5,鑑定,18.84,NEW_REALM,2026-08-12
セラドのガントレット (鑑定),6,鑑定,157.0,NEW_REALM,2026-08-12
セラドのガントレット (鑑定),7,鑑定,219.8,NEW_REALM,2026-08-12
セラドのガントレット (鑑定),8,鑑定,235.5,NEW_REALM,2026-08-12
セラドのクロスボウ (未鑑定),0,未鑑定,1004.8,NEW_REALM,2026-08-12
セラドのクロスボウ (鑑定),0,鑑定,785.0,NEW_REALM,2026-08-12
セラドのクロスボウ (鑑定),8,鑑定,942.0,NEW_REALM,2026-08-12
セラドのクロスボウ (鑑定),9,鑑定,8635.0,NEW_REALM,2026-08-12
セラドのグリーヴ (鑑定),0,鑑定,20.41,NEW_REALM,2026-08-12
セラドのグリーヴ (鑑定),4,鑑定,314.0,NEW_REALM,2026-08-12
セラドのグリーヴ (鑑定),5,鑑定,47.1,NEW_REALM,2026-08-12
セラドのグリーヴ (鑑定),6,鑑定,78.5,NEW_REALM,2026-08-12
セラドのグローブ (未鑑定),0,未鑑定,23.55,NEW_REALM,2026-08-12
セラドのグローブ (鑑定),0,鑑定,18.84,NEW_REALM,2026-08-12
セラドのグローブ (鑑定),5,鑑定,17.27,NEW_REALM,2026-08-12
セラドのグローブ (鑑定),6,鑑定,54.95,NEW_REALM,2026-08-12
セラドのグローブ (鑑定),7,鑑定,295.16,NEW_REALM,2026-08-12
セラドのサイド (未鑑定),0,未鑑定,927.87,NEW_REALM,2026-08-12
セラドのサイド (鑑定),0,鑑定,844.66,NEW_REALM,2026-08-12
セラドのサイド (鑑定),10,鑑定,5652.0,NEW_REALM,2026-08-12
セラドのサイド (鑑定),7,鑑定,1161.8,NEW_REALM,2026-08-12
セラドのサイド (鑑定),8,鑑定,910.6,NEW_REALM,2026-08-12
セラドのネックレス,10,なし,2983.0,NEW_REALM,2026-08-12
セラドのフード (未鑑定),0,未鑑定,18.84,NEW_REALM,2026-08-12
セラドのフード (鑑定),0,鑑定,314.0,NEW_REALM,2026-08-12
セラドのフード (鑑定),5,鑑定,47.1,NEW_REALM,2026-08-12
セラドのフード (鑑定),6,鑑定,392.5,NEW_REALM,2026-08-12
セラドのヘルム (未鑑定),0,未鑑定,21.98,NEW_REALM,2026-08-12
セラドのヘルム (鑑定),0,鑑定,29.83,NEW_REALM,2026-08-12
セラドのヘルム (鑑定),5,鑑定,157.0,NEW_REALM,2026-08-12
セラドのベスト (未鑑定),0,未鑑定,21.98,NEW_REALM,2026-08-12
セラドのベスト (鑑定),0,鑑定,15.7,NEW_REALM,2026-08-12
セラドのベスト (鑑定),6,鑑定,155.43,NEW_REALM,2026-08-12
セラドのベスト (鑑定),8,鑑定,657.83,NEW_REALM,2026-08-12
セラドのベルト,12,なし,549.5,NEW_REALM,2026-08-12
セラドのリング,0,なし,389.36,NEW_REALM,2026-08-12
セラドのリング,15,なし,1570.0,NEW_REALM,2026-08-12
セラドのレガース (未鑑定),0,未鑑定,15.7,NEW_REALM,2026-08-12
セラドのレガース (鑑定),0,鑑定,28.26,NEW_REALM,2026-08-12
セラドのレガース (鑑定),5,鑑定,54.95,NEW_REALM,2026-08-12
セラドのレガース (鑑定),6,鑑定,39.25,NEW_REALM,2026-08-12
セラドのレガース (鑑定),8,鑑定,1099.0,NEW_REALM,2026-08-12
セラドのローブ (未鑑定),0,未鑑定,18.84,NEW_REALM,2026-08-12
セラドのローブ (鑑定),0,鑑定,45.53,NEW_REALM,2026-08-12
セラドのローブ (鑑定),10,鑑定,1570.0,NEW_REALM,2026-08-12
セラドのローブ (鑑定),5,鑑定,29.83,NEW_REALM,2026-08-12
セラドのローブ (鑑定),6,鑑定,235.5,NEW_REALM,2026-08-12
セラドのローブ (鑑定),7,鑑定,375.23,NEW_REALM,2026-08-12
セラドのローブ (鑑定),8,鑑定,235.5,NEW_REALM,2026-08-12
セラドのローブ (鑑定),9,鑑定,2325.17,NEW_REALM,2026-08-12
セラドの剣/盾 (未鑑定),0,未鑑定,766.16,NEW_REALM,2026-08-12
セラドの剣/盾 (鑑定),0,鑑定,942.0,NEW_REALM,2026-08-12
セラドの剣/盾 (鑑定),6,鑑定,1256.0,NEW_REALM,2026-08-12
セラドの剣/盾 (鑑定),8,鑑定,2198.0,NEW_REALM,2026-08-12
セラドの大剣 (未鑑定),0,未鑑定,400.35,NEW_REALM,2026-08-12
セラドの大剣 (鑑定),0,鑑定,596.6,NEW_REALM,2026-08-12
セラドの大剣 (鑑定),10,鑑定,1679.9,NEW_REALM,2026-08-12
セラドの大剣 (鑑定),7,鑑定,596.6,NEW_REALM,2026-08-12
セラドの大剣 (鑑定),8,鑑定,4005.07,NEW_REALM,2026-08-12
セラドの布ズボン (未鑑定),0,未鑑定,18.84,NEW_REALM,2026-08-12
セラドの布ズボン (鑑定),0,鑑定,21.98,NEW_REALM,2026-08-12
セラドの布ズボン (鑑定),5,鑑定,39.25,NEW_REALM,2026-08-12
セラドの布ズボン (鑑定),6,鑑定,39.25,NEW_REALM,2026-08-12
セラドの布ズボン (鑑定),7,鑑定,304.58,NEW_REALM,2026-08-12
セラドの布ズボン (鑑定),8,鑑定,128.73999999999998,NEW_REALM,2026-08-12
セラドの布ズボン (鑑定),9,鑑定,785.0,NEW_REALM,2026-08-12
セラドの帽子 (未鑑定),0,未鑑定,15.7,NEW_REALM,2026-08-12
セラドの帽子 (鑑定),0,鑑定,54.95,NEW_REALM,2026-08-12
セラドの帽子 (鑑定),5,鑑定,73.78999999999999,NEW_REALM,2026-08-12
セラドの帽子 (鑑定),6,鑑定,54.95,NEW_REALM,2026-08-12
セラドの帽子 (鑑定),8,鑑定,568.34,NEW_REALM,2026-08-12
セラドの弓 (未鑑定),0,未鑑定,1271.7,NEW_REALM,2026-08-12
セラドの弓 (鑑定),7,鑑定,785.0,NEW_REALM,2026-08-12
セラドの戦棒 (未鑑定),0,未鑑定,1174.36,NEW_REALM,2026-08-12
セラドの戦棒 (鑑定),0,鑑定,1099.0,NEW_REALM,2026-08-12
セラドの戦棒 (鑑定),8,鑑定,2669.0,NEW_REALM,2026-08-12
セラドの戦闘マント (鑑定),5,鑑定,2066.12,NEW_REALM,2026-08-12
セラドの戦闘盾 (鑑定),10,鑑定,2970.44,NEW_REALM,2026-08-12
セラドの戦闘盾 (鑑定),7,鑑定,774.01,NEW_REALM,2026-08-12
セラドの戦闘盾 (鑑定),8,鑑定,918.45,NEW_REALM,2026-08-12
セラドの手甲 (未鑑定),0,未鑑定,28.26,NEW_REALM,2026-08-12
セラドの手甲 (鑑定),0,鑑定,20.41,NEW_REALM,2026-08-12
セラドの手甲 (鑑定),5,鑑定,37.68,NEW_REALM,2026-08-12
セラドの手甲 (鑑定),8,鑑定,263.76,NEW_REALM,2026-08-12
セラドの杖 (未鑑定),0,未鑑定,766.16,NEW_REALM,2026-08-12
セラドの杖 (鑑定),0,鑑定,904.32,NEW_REALM,2026-08-12
セラドの杖 (鑑定),10,鑑定,2353.43,NEW_REALM,2026-08-12
セラドの杖 (鑑定),7,鑑定,1727.0,NEW_REALM,2026-08-12
セラドの杖 (鑑定),8,鑑定,1570.0,NEW_REALM,2026-08-12
セラドの短剣 (未鑑定),0,未鑑定,995.38,NEW_REALM,2026-08-12
セラドの短剣 (鑑定),0,鑑定,1369.0400000000002,NEW_REALM,2026-08-12
セラドの短剣 (鑑定),7,鑑定,612.3,NEW_REALM,2026-08-12
セラドの短剣 (鑑定),8,鑑定,942.0,NEW_REALM,2026-08-12
セラドの短靴 (未鑑定),0,未鑑定,23.55,NEW_REALM,2026-08-12
セラドの短靴 (鑑定),0,鑑定,31.4,NEW_REALM,2026-08-12
セラドの短靴 (鑑定),5,鑑定,314.0,NEW_REALM,2026-08-12
セラドの短靴 (鑑定),8,鑑定,314.0,NEW_REALM,2026-08-12
セラドの籠手 (未鑑定),0,未鑑定,219.8,NEW_REALM,2026-08-12
セラドの籠手 (鑑定),0,鑑定,219.8,NEW_REALM,2026-08-12
セラドの籠手 (鑑定),10,鑑定,2826.0,NEW_REALM,2026-08-12
セラドの籠手 (鑑定),7,鑑定,235.5,NEW_REALM,2026-08-12
セラドの籠手 (鑑定),8,鑑定,1648.5,NEW_REALM,2026-08-12
セラドの鎧 (未鑑定),0,未鑑定,21.98,NEW_REALM,2026-08-12
セラドの鎧 (鑑定),0,鑑定,39.25,NEW_REALM,2026-08-12
セラドの鎧 (鑑定),10,鑑定,1020.5,NEW_REALM,2026-08-12
セラドの鎧 (鑑定),5,鑑定,37.68,NEW_REALM,2026-08-12
セラドの鎧 (鑑定),6,鑑定,125.6,NEW_REALM,2026-08-12
セラドの鎧 (鑑定),7,鑑定,290.45,NEW_REALM,2026-08-12
セラドの長靴 (未鑑定),0,未鑑定,28.26,NEW_REALM,2026-08-12
セラドの長靴 (鑑定),0,鑑定,18.84,NEW_REALM,2026-08-12
セラドの長靴 (鑑定),11,鑑定,2025.3,NEW_REALM,2026-08-12
セラドの長靴 (鑑定),4,鑑定,188.4,NEW_REALM,2026-08-12
セラドの長靴 (鑑定),5,鑑定,23.55,NEW_REALM,2026-08-12
セラドの長靴 (鑑定),6,鑑定,72.22,NEW_REALM,2026-08-12
セラドの長靴 (鑑定),8,鑑定,186.83,NEW_REALM,2026-08-12
セラドの革ズボン (未鑑定),0,未鑑定,23.55,NEW_REALM,2026-08-12
セラドの革ズボン (鑑定),0,鑑定,17.27,NEW_REALM,2026-08-12
セラドの革ズボン (鑑定),5,鑑定,34.54,NEW_REALM,2026-08-12
セラドの革ズボン (鑑定),6,鑑定,72.22,NEW_REALM,2026-08-12
セラドの革ズボン (鑑定),7,鑑定,282.6,NEW_REALM,2026-08-12
セルスのガントレット (未鑑定),0,未鑑定,1570.0,NEW_REALM,2026-08-12
セルスのガントレット (鑑定),8,鑑定,7693.0,NEW_REALM,2026-08-12
セルスのグローブ (鑑定),6,鑑定,3874.76,NEW_REALM,2026-08-12
セルスのネックレス,15,なし,33587.01,NEW_REALM,2026-08-12
セルスのフード (未鑑定),0,未鑑定,2089.67,NEW_REALM,2026-08-12
セルスのブレスレット,0,なし,6280.0,NEW_REALM,2026-08-12
セルスのヘルム (未鑑定),0,未鑑定,1571.57,NEW_REALM,2026-08-12
セルスのヘルム (鑑定),0,鑑定,3097.61,NEW_REALM,2026-08-12
セルスのヘルム (鑑定),5,鑑定,15712.56,NEW_REALM,2026-08-12
セルスのヘルム (鑑定),7,鑑定,2356.57,NEW_REALM,2026-08-12
セルスのベスト (未鑑定),0,未鑑定,3454.0,NEW_REALM,2026-08-12
セルスのベスト (鑑定),6,鑑定,2983.0,NEW_REALM,2026-08-12
セルスのリング,0,なし,3611.0,NEW_REALM,2026-08-12
セルスのレガース (未鑑定),0,未鑑定,942.0,NEW_REALM,2026-08-12
セルスのレガース (鑑定),0,鑑定,904.32,NEW_REALM,2026-08-12
セルスのレガース (鑑定),6,鑑定,2121.07,NEW_REALM,2026-08-12
セルスのレガース (鑑定),8,鑑定,6460.55,NEW_REALM,2026-08-12
セルスのローブ (鑑定),5,鑑定,3454.0,NEW_REALM,2026-08-12
セルスのローブ (鑑定),6,鑑定,2355.0,NEW_REALM,2026-08-12
セルスの布ズボン (未鑑定),0,未鑑定,1546.45,NEW_REALM,2026-08-12
セルスの布ズボン (鑑定),0,鑑定,2981.43,NEW_REALM,2026-08-12
セルスの布ズボン (鑑定),6,鑑定,2669.0,NEW_REALM,2026-08-12
セルスの布ズボン (鑑定),8,鑑定,5495.0,NEW_REALM,2026-08-12
セルスの帽子 (鑑定),7,鑑定,2747.5,NEW_REALM,2026-08-12
セルスの戦闘マント (未鑑定),0,未鑑定,5179.43,NEW_REALM,2026-08-12
セルスの手甲 (未鑑定),0,未鑑定,1099.0,NEW_REALM,2026-08-12
セルスの手甲 (鑑定),0,鑑定,942.0,NEW_REALM,2026-08-12
セルスの手甲 (鑑定),4,鑑定,2648.59,NEW_REALM,2026-08-12
セルスの手甲 (鑑定),6,鑑定,785.0,NEW_REALM,2026-08-12
セルスの手甲 (鑑定),8,鑑定,14915.0,NEW_REALM,2026-08-12
セルスの短剣 (鑑定),10,鑑定,235500.0,NEW_REALM,2026-08-12
セルスの短靴 (未鑑定),0,未鑑定,4210.74,NEW_REALM,2026-08-12
セルスの短靴 (鑑定),0,鑑定,2198.0,NEW_REALM,2026-08-12
セルスの短靴 (鑑定),6,鑑定,5166.87,NEW_REALM,2026-08-12
セルスの精霊マント (未鑑定),0,未鑑定,7850.0,NEW_REALM,2026-08-12
セルスの精霊マント (鑑定),3,鑑定,3454.0,NEW_REALM,2026-08-12
セルスの長靴 (鑑定),0,鑑定,2463.33,NEW_REALM,2026-08-12
セルスの長靴 (鑑定),6,鑑定,1394.16,NEW_REALM,2026-08-12
セルビスのイヤリング,0,なし,230.79,NEW_REALM,2026-08-12
セルビスのイヤリング,17,なし,1413.0,NEW_REALM,2026-08-12
セルビスのイヤリング,18,なし,2453.9100000000003,NEW_REALM,2026-08-12
セルビスのガントレット (未鑑定),0,未鑑定,45.53,NEW_REALM,2026-08-12
セルビスのガントレット (鑑定),0,鑑定,47.1,NEW_REALM,2026-08-12
セルビスのガントレット (鑑定),5,鑑定,43.96,NEW_REALM,2026-08-12
セルビスのガントレット (鑑定),8,鑑定,1570.0,NEW_REALM,2026-08-12
セルビスのクロスボウ (鑑定),10,鑑定,7749.519999999999,NEW_REALM,2026-08-12
セルビスのクロスボウ (鑑定),6,鑑定,783.4300000000001,NEW_REALM,2026-08-12
セルビスのグリーヴ (未鑑定),0,未鑑定,76.92999999999999,NEW_REALM,2026-08-12
セルビスのグリーヴ (鑑定),0,鑑定,43.96,NEW_REALM,2026-08-12
セルビスのグリーヴ (鑑定),6,鑑定,1276.41,NEW_REALM,2026-08-12
セルビスのグリーヴ (鑑定),8,鑑定,785.0,NEW_REALM,2026-08-12
セルビスのグローブ (未鑑定),0,未鑑定,76.92999999999999,NEW_REALM,2026-08-12
セルビスのグローブ (鑑定),0,鑑定,18.84,NEW_REALM,2026-08-12
セルビスのグローブ (鑑定),5,鑑定,125.6,NEW_REALM,2026-08-12
セルビスのサイド (未鑑定),0,未鑑定,1727.0,NEW_REALM,2026-08-12
セルビスのサイド (鑑定),0,鑑定,4909.39,NEW_REALM,2026-08-12
セルビスのサイド (鑑定),8,鑑定,3356.66,NEW_REALM,2026-08-12
セルビスのネックレス,0,なし,1413.0,NEW_REALM,2026-08-12
セルビスのネックレス,14,なし,3871.62,NEW_REALM,2026-08-12
セルビスのネックレス,20,なし,14130.0,NEW_REALM,2026-08-12
セルビスのフード (鑑定),0,鑑定,59.66,NEW_REALM,2026-08-12
セルビスのフード (鑑定),5,鑑定,471.0,NEW_REALM,2026-08-12
セルビスのブレスレット,18,なし,2196.43,NEW_REALM,2026-08-12
セルビスのヘルム (未鑑定),0,未鑑定,28.26,NEW_REALM,2026-08-12
セルビスのヘルム (鑑定),0,鑑定,21.98,NEW_REALM,2026-08-12
セルビスのヘルム (鑑定),5,鑑定,45.53,NEW_REALM,2026-08-12
セルビスのヘルム (鑑定),6,鑑定,39.25,NEW_REALM,2026-08-12
セルビスのヘルム (鑑定),8,鑑定,387.79,NEW_REALM,2026-08-12
セルビスのヘルム (鑑定),9,鑑定,1099.0,NEW_REALM,2026-08-12
セルビスのベスト (未鑑定),0,未鑑定,28.26,NEW_REALM,2026-08-12
セルビスのベスト (鑑定),0,鑑定,53.38,NEW_REALM,2026-08-12
セルビスのベスト (鑑定),6,鑑定,84.78,NEW_REALM,2026-08-12
セルビスのベルト,5,なし,471.0,NEW_REALM,2026-08-12
セルビスのリング,0,なし,471.0,NEW_REALM,2026-08-12
セルビスのレガース (未鑑定),0,未鑑定,155.43,NEW_REALM,2026-08-12
セルビスのレガース (鑑定),6,鑑定,734.76,NEW_REALM,2026-08-12
セルビスのローブ (未鑑定),0,未鑑定,34.54,NEW_REALM,2026-08-12
セルビスのローブ (鑑定),0,鑑定,34.54,NEW_REALM,2026-08-12
セルビスのローブ (鑑定),5,鑑定,31.4,NEW_REALM,2026-08-12
セルビスのローブ (鑑定),6,鑑定,39.25,NEW_REALM,2026-08-12
セルビスの剣/盾 (未鑑定),0,未鑑定,1727.0,NEW_REALM,2026-08-12
セルビスの勇猛マント (未鑑定),0,未鑑定,273.18,NEW_REALM,2026-08-12
セルビスの勇猛マント (鑑定),0,鑑定,706.5,NEW_REALM,2026-08-12
セルビスの勇猛マント (鑑定),1,鑑定,719.0600000000001,NEW_REALM,2026-08-12
セルビスの大剣 (未鑑定),0,未鑑定,628.0,NEW_REALM,2026-08-12
セルビスの布ズボン (未鑑定),0,未鑑定,67.51,NEW_REALM,2026-08-12
セルビスの布ズボン (鑑定),0,鑑定,345.40000000000003,NEW_REALM,2026-08-12
セルビスの布ズボン (鑑定),5,鑑定,361.1,NEW_REALM,2026-08-12
セルビスの布ズボン (鑑定),7,鑑定,1570.0,NEW_REALM,2026-08-12
セルビスの帽子 (未鑑定),0,未鑑定,29.83,NEW_REALM,2026-08-12
セルビスの帽子 (鑑定),0,鑑定,23.55,NEW_REALM,2026-08-12
セルビスの帽子 (鑑定),5,鑑定,47.1,NEW_REALM,2026-08-12
セルビスの帽子 (鑑定),6,鑑定,31.4,NEW_REALM,2026-08-12
セルビスの帽子 (鑑定),8,鑑定,775.58,NEW_REALM,2026-08-12
セルビスの弓 (未鑑定),0,未鑑定,1288.97,NEW_REALM,2026-08-12
セルビスの弓 (鑑定),10,鑑定,10990.0,NEW_REALM,2026-08-12
セルビスの戦棒 (鑑定),8,鑑定,1568.43,NEW_REALM,2026-08-12
セルビスの戦闘マント (未鑑定),0,未鑑定,389.36,NEW_REALM,2026-08-12
セルビスの戦闘マント (鑑定),0,鑑定,935.72,NEW_REALM,2026-08-12
セルビスの戦闘マント (鑑定),3,鑑定,1491.5,NEW_REALM,2026-08-12
セルビスの戦闘盾 (鑑定),9,鑑定,2909.21,NEW_REALM,2026-08-12
セルビスの手甲 (未鑑定),0,未鑑定,125.6,NEW_REALM,2026-08-12
セルビスの杖 (未鑑定),0,未鑑定,1409.86,NEW_REALM,2026-08-12
セルビスの杖 (鑑定),10,鑑定,3091.3300000000004,NEW_REALM,2026-08-12
セルビスの杖 (鑑定),8,鑑定,1334.5,NEW_REALM,2026-08-12
セルビスの杖 (鑑定),9,鑑定,1413.0,NEW_REALM,2026-08-12
セルビスの短剣 (未鑑定),0,未鑑定,942.0,NEW_REALM,2026-08-12
セルビスの短剣 (鑑定),0,鑑定,2066.12,NEW_REALM,2026-08-12
セルビスの短剣 (鑑定),7,鑑定,628.0,NEW_REALM,2026-08-12
セルビスの短剣 (鑑定),8,鑑定,2512.0,NEW_REALM,2026-08-12
セルビスの短靴 (鑑定),0,鑑定,47.1,NEW_REALM,2026-08-12
セルビスの短靴 (鑑定),5,鑑定,36.11,NEW_REALM,2026-08-12
セルビスの破壊マント (未鑑定),0,未鑑定,310.86,NEW_REALM,2026-08-12
セルビスの破壊マント (鑑定),0,鑑定,3925.0,NEW_REALM,2026-08-12
セルビスの籠手 (未鑑定),0,未鑑定,607.59,NEW_REALM,2026-08-12
セルビスの籠手 (鑑定),0,鑑定,314.0,NEW_REALM,2026-08-12
セルビスの籠手 (鑑定),7,鑑定,471.0,NEW_REALM,2026-08-12
セルビスの精霊マント (未鑑定),0,未鑑定,312.43,NEW_REALM,2026-08-12
セルビスの精霊マント (鑑定),0,鑑定,329.7,NEW_REALM,2026-08-12
セルビスの精霊マント (鑑定),1,鑑定,314.0,NEW_REALM,2026-08-12
セルビスの精霊マント (鑑定),3,鑑定,502.4,NEW_REALM,2026-08-12
セルビスの鎧 (未鑑定),0,未鑑定,39.25,NEW_REALM,2026-08-12
セルビスの鎧 (鑑定),0,鑑定,29.83,NEW_REALM,2026-08-12
セルビスの鎧 (鑑定),10,鑑定,471.0,NEW_REALM,2026-08-12
セルビスの鎧 (鑑定),5,鑑定,98.91,NEW_REALM,2026-08-12
セルビスの長靴 (未鑑定),0,未鑑定,37.68,NEW_REALM,2026-08-12
セルビスの長靴 (鑑定),0,鑑定,40.82,NEW_REALM,2026-08-12
セルビスの長靴 (鑑定),5,鑑定,69.08,NEW_REALM,2026-08-12
セルビスの長靴 (鑑定),6,鑑定,469.43,NEW_REALM,2026-08-12
セルビスの長靴 (鑑定),8,鑑定,471.0,NEW_REALM,2026-08-12
セルビスの長靴 (鑑定),9,鑑定,1106.85,NEW_REALM,2026-08-12
セルビスの革ズボン (未鑑定),0,未鑑定,141.3,NEW_REALM,2026-08-12
セルビスの革ズボン (鑑定),0,鑑定,64.36999999999999,NEW_REALM,2026-08-12
セルビスの革ズボン (鑑定),5,鑑定,78.5,NEW_REALM,2026-08-12
テレノスの布ズボン (未鑑定),0,未鑑定,78500.0,NEW_REALM,2026-08-12
デルフォンのサドル,0,なし,2983.0,NEW_REALM,2026-08-12
ペルトロフのサドル,0,なし,700.22,NEW_REALM,2026-08-12
ペルノクスのイヤリング,0,なし,3122.73,NEW_REALM,2026-08-12
ペルノクスのガントレット (未鑑定),0,未鑑定,3764.86,NEW_REALM,2026-08-12
ペルノクスのグリーヴ (未鑑定),0,未鑑定,13341.86,NEW_REALM,2026-08-12
ペルノクスのグローブ (未鑑定),0,未鑑定,3532.5,NEW_REALM,2026-08-12
ペルノクスのグローブ (鑑定),0,鑑定,3298.57,NEW_REALM,2026-08-12
ペルノクスのヘルム (未鑑定),0,未鑑定,1491.5,NEW_REALM,2026-08-12
ペルノクスのレガース (未鑑定),0,未鑑定,1103.71,NEW_REALM,2026-08-12
ペルノクスのレガース (鑑定),8,鑑定,22022.390000000003,NEW_REALM,2026-08-12
ペルノクスのローブ (鑑定),5,鑑定,3140.0,NEW_REALM,2026-08-12
ペルノクスの布ズボン (未鑑定),0,未鑑定,6594.0,NEW_REALM,2026-08-12
ペルノクスの帽子 (未鑑定),0,未鑑定,3764.86,NEW_REALM,2026-08-12
ペルノクスの戦闘マント (未鑑定),0,未鑑定,7850.0,NEW_REALM,2026-08-12
ペルノクスの手甲 (未鑑定),0,未鑑定,2198.0,NEW_REALM,2026-08-12
ペルノクスの破壊マント (未鑑定),0,未鑑定,5650.43,NEW_REALM,2026-08-12
ペルノクスの精霊マント (未鑑定),0,未鑑定,5181.0,NEW_REALM,2026-08-12
ペルノクスの鎧 (未鑑定),0,未鑑定,4396.0,NEW_REALM,2026-08-12
ペルノクスの鎧 (鑑定),6,鑑定,5498.14,NEW_REALM,2026-08-12
ペルノクスの革ズボン (未鑑定),0,未鑑定,3124.3,NEW_REALM,2026-08-12
ペルノクスの革ズボン (鑑定),0,鑑定,3140.0,NEW_REALM,2026-08-12
ラバトニスのサドル,0,なし,1256.0,NEW_REALM,2026-08-12
ラベスのサドル,0,なし,2989.28,NEW_REALM,2026-08-12
ランフォンのサドル,0,なし,934.15,NEW_REALM,2026-08-12
リバティのサドル,0,なし,720.63,NEW_REALM,2026-08-12
レア装飾品強化箱(100個),0,なし,75.36,NEW_REALM,2026-08-12
ロディのサドル,0,なし,2818.15,NEW_REALM,2026-08-12
光の戦闘馬のサドル,0,なし,70.65,NEW_REALM,2026-08-12
剣と盾：機会捕捉,0,なし,200.96,NEW_REALM,2026-08-12
剣と盾：防御修練,0,なし,255.91,NEW_REALM,2026-08-12
大剣：狂戦士の誇り,0,なし,7065.0,NEW_REALM,2026-08-12
大剣：鋭い剣,0,なし,15.7,NEW_REALM,2026-08-12
弓：品質の良い矢,0,なし,26.69,NEW_REALM,2026-08-12
弓：完璧な狙撃手,0,なし,14883.6,NEW_REALM,2026-08-12
弓：標的照準,0,なし,73.78999999999999,NEW_REALM,2026-08-12
戦棒：均衡,0,なし,15.7,NEW_REALM,2026-08-12
戦棒：軽やかな身のこなし,0,なし,50.24,NEW_REALM,2026-08-12
戦闘盾：光の守護者,0,なし,4710.0,NEW_REALM,2026-08-12
戦闘盾：堅固な鎧,0,なし,61.23,NEW_REALM,2026-08-12
戦闘盾：忍耐力,0,なし,262.19,NEW_REALM,2026-08-12
手懐けられたモネタ狼のサドル,0,なし,25.12,NEW_REALM,2026-08-12
杖：元素覚醒,0,なし,14130.0,NEW_REALM,2026-08-12
杖：魔力無視,0,なし,15.7,NEW_REALM,2026-08-12
杖：黒オール,0,なし,18.84,NEW_REALM,2026-08-12
武装したバイランの軍馬のサドル,0,なし,106.76,NEW_REALM,2026-08-12
流浪狼のサドル,0,なし,15.7,NEW_REALM,2026-08-12
灰色の夜明けのガントレット (未鑑定),0,未鑑定,72.22,NEW_REALM,2026-08-12
灰色の夜明けのガントレット (鑑定),0,鑑定,28.26,NEW_REALM,2026-08-12
灰色の夜明けのガントレット (鑑定),4,鑑定,157.0,NEW_REALM,2026-08-12
灰色の夜明けのガントレット (鑑定),5,鑑定,125.6,NEW_REALM,2026-08-12
灰色の夜明けのガントレット (鑑定),6,鑑定,257.48,NEW_REALM,2026-08-12
灰色の夜明けのガントレット (鑑定),7,鑑定,314.0,NEW_REALM,2026-08-12
灰色の夜明けのガントレット (鑑定),8,鑑定,434.89,NEW_REALM,2026-08-12
灰色の夜明けのクロスボウ (鑑定),0,鑑定,2350.29,NEW_REALM,2026-08-12
灰色の夜明けのクロスボウ (鑑定),7,鑑定,1990.76,NEW_REALM,2026-08-12
灰色の夜明けのクロスボウ (鑑定),8,鑑定,4710.0,NEW_REALM,2026-08-12
灰色の夜明けのグリーヴ (未鑑定),0,未鑑定,64.36999999999999,NEW_REALM,2026-08-12
灰色の夜明けのグリーヴ (鑑定),0,鑑定,153.86,NEW_REALM,2026-08-12
灰色の夜明けのグリーヴ (鑑定),5,鑑定,72.22,NEW_REALM,2026-08-12
灰色の夜明けのグリーヴ (鑑定),6,鑑定,73.78999999999999,NEW_REALM,2026-08-12
灰色の夜明けのグローブ (未鑑定),0,未鑑定,469.43,NEW_REALM,2026-08-12
灰色の夜明けのグローブ (鑑定),0,鑑定,78.5,NEW_REALM,2026-08-12
灰色の夜明けのグローブ (鑑定),5,鑑定,76.92999999999999,NEW_REALM,2026-08-12
灰色の夜明けのサイド (未鑑定),0,未鑑定,2317.32,NEW_REALM,2026-08-12
灰色の夜明けのサイド (鑑定),10,鑑定,7234.559999999999,NEW_REALM,2026-08-12
灰色の夜明けのサイド (鑑定),8,鑑定,2215.27,NEW_REALM,2026-08-12
灰色の夜明けのネックレス,0,なし,1538.6,NEW_REALM,2026-08-12
灰色の夜明けのフード (鑑定),0,鑑定,75.36,NEW_REALM,2026-08-12
灰色の夜明けのフード (鑑定),5,鑑定,235.5,NEW_REALM,2026-08-12
灰色の夜明けのフード (鑑定),6,鑑定,243.35,NEW_REALM,2026-08-12
灰色の夜明けのフード (鑑定),8,鑑定,282.6,NEW_REALM,2026-08-12
灰色の夜明けのブレスレット,0,なし,471.0,NEW_REALM,2026-08-12
灰色の夜明けのヘルム (未鑑定),0,未鑑定,73.78999999999999,NEW_REALM,2026-08-12
灰色の夜明けのヘルム (鑑定),0,鑑定,78.5,NEW_REALM,2026-08-12
灰色の夜明けのヘルム (鑑定),4,鑑定,471.0,NEW_REALM,2026-08-12
灰色の夜明けのヘルム (鑑定),5,鑑定,257.48,NEW_REALM,2026-08-12
灰色の夜明けのヘルム (鑑定),9,鑑定,659.4,NEW_REALM,2026-08-12
灰色の夜明けのベスト (未鑑定),0,未鑑定,59.66,NEW_REALM,2026-08-12
灰色の夜明けのベスト (鑑定),0,鑑定,78.5,NEW_REALM,2026-08-12
灰色の夜明けのベスト (鑑定),5,鑑定,314.0,NEW_REALM,2026-08-12
灰色の夜明けのベスト (鑑定),6,鑑定,157.0,NEW_REALM,2026-08-12
灰色の夜明けのベスト (鑑定),8,鑑定,628.0,NEW_REALM,2026-08-12
灰色の夜明けのベルト,15,なし,1020.5,NEW_REALM,2026-08-12
灰色の夜明けのリング,0,なし,389.36,NEW_REALM,2026-08-12
灰色の夜明けのリング,20,なし,11775.0,NEW_REALM,2026-08-12
灰色の夜明けのレガース (未鑑定),0,未鑑定,100.48,NEW_REALM,2026-08-12
灰色の夜明けのレガース (鑑定),0,鑑定,102.05,NEW_REALM,2026-08-12
灰色の夜明けのレガース (鑑定),5,鑑定,155.43,NEW_REALM,2026-08-12
灰色の夜明けのレガース (鑑定),6,鑑定,157.0,NEW_REALM,2026-08-12
灰色の夜明けのレガース (鑑定),8,鑑定,392.5,NEW_REALM,2026-08-12
灰色の夜明けのローブ (鑑定),0,鑑定,89.49,NEW_REALM,2026-08-12
灰色の夜明けのローブ (鑑定),5,鑑定,62.8,NEW_REALM,2026-08-12
灰色の夜明けの剣/盾 (未鑑定),0,未鑑定,1785.09,NEW_REALM,2026-08-12
灰色の夜明けの剣/盾 (鑑定),7,鑑定,3454.0,NEW_REALM,2026-08-12
灰色の夜明けの剣/盾 (鑑定),8,鑑定,5791.7300000000005,NEW_REALM,2026-08-12
灰色の夜明けの剣/盾 (鑑定),9,鑑定,7850.0,NEW_REALM,2026-08-12
灰色の夜明けの勇猛マント (未鑑定),0,未鑑定,392.5,NEW_REALM,2026-08-12
灰色の夜明けの勇猛マント (鑑定),0,鑑定,514.9599999999999,NEW_REALM,2026-08-12
灰色の夜明けの大剣 (未鑑定),0,未鑑定,902.75,NEW_REALM,2026-08-12
灰色の夜明けの大剣 (鑑定),8,鑑定,6276.86,NEW_REALM,2026-08-12
灰色の夜明けの布ズボン (未鑑定),0,未鑑定,36.11,NEW_REALM,2026-08-12
灰色の夜明けの布ズボン (鑑定),0,鑑定,109.9,NEW_REALM,2026-08-12
灰色の夜明けの布ズボン (鑑定),5,鑑定,62.8,NEW_REALM,2026-08-12
灰色の夜明けの布ズボン (鑑定),6,鑑定,78.5,NEW_REALM,2026-08-12
灰色の夜明けの布ズボン (鑑定),8,鑑定,902.75,NEW_REALM,2026-08-12
灰色の夜明けの帽子 (未鑑定),0,未鑑定,26.69,NEW_REALM,2026-08-12
灰色の夜明けの帽子 (鑑定),0,鑑定,28.26,NEW_REALM,2026-08-12
灰色の夜明けの帽子 (鑑定),6,鑑定,130.31,NEW_REALM,2026-08-12
灰色の夜明けの弓 (未鑑定),0,未鑑定,1705.02,NEW_REALM,2026-08-12
灰色の夜明けの弓 (鑑定),6,鑑定,2350.29,NEW_REALM,2026-08-12
灰色の夜明けの弓 (鑑定),8,鑑定,1570.0,NEW_REALM,2026-08-12
灰色の夜明けの戦棒 (未鑑定),0,未鑑定,1397.3,NEW_REALM,2026-08-12
灰色の夜明けの戦棒 (鑑定),0,鑑定,3925.0,NEW_REALM,2026-08-12
灰色の夜明けの戦棒 (鑑定),10,鑑定,14130.0,NEW_REALM,2026-08-12
灰色の夜明けの戦棒 (鑑定),7,鑑定,1808.64,NEW_REALM,2026-08-12
灰色の夜明けの戦棒 (鑑定),8,鑑定,2355.0,NEW_REALM,2026-08-12
灰色の夜明けの戦闘マント (未鑑定),0,未鑑定,455.3,NEW_REALM,2026-08-12
灰色の夜明けの戦闘マント (鑑定),0,鑑定,361.1,NEW_REALM,2026-08-12
灰色の夜明けの戦闘マント (鑑定),1,鑑定,350.11,NEW_REALM,2026-08-12
灰色の夜明けの戦闘マント (鑑定),2,鑑定,923.16,NEW_REALM,2026-08-12
灰色の夜明けの戦闘マント (鑑定),3,鑑定,642.13,NEW_REALM,2026-08-12
灰色の夜明けの戦闘盾 (未鑑定),0,未鑑定,894.9,NEW_REALM,2026-08-12
灰色の夜明けの手甲 (未鑑定),0,未鑑定,23.55,NEW_REALM,2026-08-12
灰色の夜明けの手甲 (鑑定),0,鑑定,21.98,NEW_REALM,2026-08-12
灰色の夜明けの手甲 (鑑定),5,鑑定,155.43,NEW_REALM,2026-08-12
灰色の夜明けの手甲 (鑑定),6,鑑定,314.0,NEW_REALM,2026-08-12
灰色の夜明けの手甲 (鑑定),8,鑑定,405.06,NEW_REALM,2026-08-12
灰色の夜明けの杖 (未鑑定),0,未鑑定,1727.0,NEW_REALM,2026-08-12
灰色の夜明けの杖 (鑑定),0,鑑定,1648.5,NEW_REALM,2026-08-12
灰色の夜明けの杖 (鑑定),6,鑑定,1618.67,NEW_REALM,2026-08-12
灰色の夜明けの杖 (鑑定),8,鑑定,3144.71,NEW_REALM,2026-08-12
灰色の夜明けの短剣 (未鑑定),0,未鑑定,1601.4,NEW_REALM,2026-08-12
灰色の夜明けの短剣 (鑑定),8,鑑定,1884.0,NEW_REALM,2026-08-12
灰色の夜明けの短靴 (未鑑定),0,未鑑定,73.78999999999999,NEW_REALM,2026-08-12
灰色の夜明けの短靴 (鑑定),0,鑑定,53.38,NEW_REALM,2026-08-12
灰色の夜明けの短靴 (鑑定),6,鑑定,392.5,NEW_REALM,2026-08-12
灰色の夜明けの破壊マント (未鑑定),0,未鑑定,471.0,NEW_REALM,2026-08-12
灰色の夜明けの破壊マント (鑑定),2,鑑定,544.7900000000001,NEW_REALM,2026-08-12
灰色の夜明けの破壊マント (鑑定),3,鑑定,2356.57,NEW_REALM,2026-08-12
灰色の夜明けの籠手 (未鑑定),0,未鑑定,471.0,NEW_REALM,2026-08-12
灰色の夜明けの籠手 (鑑定),0,鑑定,774.01,NEW_REALM,2026-08-12
灰色の夜明けの籠手 (鑑定),10,鑑定,1727.0,NEW_REALM,2026-08-12
灰色の夜明けの籠手 (鑑定),7,鑑定,628.0,NEW_REALM,2026-08-12
灰色の夜明けの籠手 (鑑定),8,鑑定,626.4300000000001,NEW_REALM,2026-08-12
灰色の夜明けの精霊マント (未鑑定),0,未鑑定,471.0,NEW_REALM,2026-08-12
灰色の夜明けの精霊マント (鑑定),0,鑑定,549.5,NEW_REALM,2026-08-12
灰色の夜明けの精霊マント (鑑定),2,鑑定,1413.0,NEW_REALM,2026-08-12
灰色の夜明けの鎧 (未鑑定),0,未鑑定,37.68,NEW_REALM,2026-08-12
灰色の夜明けの鎧 (鑑定),0,鑑定,15.7,NEW_REALM,2026-08-12
灰色の夜明けの鎧 (鑑定),10,鑑定,715.92,NEW_REALM,2026-08-12
灰色の夜明けの鎧 (鑑定),5,鑑定,78.5,NEW_REALM,2026-08-12
灰色の夜明けの鎧 (鑑定),7,鑑定,259.05,NEW_REALM,2026-08-12
灰色の夜明けの鎧 (鑑定),8,鑑定,516.53,NEW_REALM,2026-08-12
灰色の夜明けの長靴 (未鑑定),0,未鑑定,28.26,NEW_REALM,2026-08-12
灰色の夜明けの長靴 (鑑定),0,鑑定,89.49,NEW_REALM,2026-08-12
灰色の夜明けの長靴 (鑑定),5,鑑定,124.03,NEW_REALM,2026-08-12
灰色の夜明けの長靴 (鑑定),8,鑑定,321.85,NEW_REALM,2026-08-12
灰色の夜明けの革ズボン (未鑑定),0,未鑑定,45.53,NEW_REALM,2026-08-12
灰色の夜明けの革ズボン (鑑定),0,鑑定,17.27,NEW_REALM,2026-08-12
灰色の夜明けの革ズボン (鑑定),4,鑑定,667.25,NEW_REALM,2026-08-12
灰色の夜明けの革ズボン (鑑定),6,鑑定,439.6,NEW_REALM,2026-08-12
白い戦闘馬のサドル,0,なし,31.4,NEW_REALM,2026-08-12
短剣：再整備,0,なし,8635.0,NEW_REALM,2026-08-12
短剣：暗殺者の印,0,なし,15.7,NEW_REALM,2026-08-12
短剣：素早さ,0,なし,15.7,NEW_REALM,2026-08-12
荒ぶる戦闘狼のサドル,0,なし,29.83,NEW_REALM,2026-08-12
青い戦闘馬のサドル,0,なし,84.78,NEW_REALM,2026-08-12
魔法使いの駿馬のサドル,0,なし,62.8,NEW_REALM,2026-08-12
黒い戦闘馬のサドル,0,なし,62.8,NEW_REALM,2026-08-12
黒棘のイヤリング,0,なし,1256.0,NEW_REALM,2026-08-12
黒棘のガントレット (未鑑定),0,未鑑定,54.95,NEW_REALM,2026-08-12
黒棘のガントレット (鑑定),0,鑑定,75.36,NEW_REALM,2026-08-12
黒棘のガントレット (鑑定),5,鑑定,219.8,NEW_REALM,2026-08-12
黒棘のガントレット (鑑定),8,鑑定,1398.87,NEW_REALM,2026-08-12
黒棘のグリーヴ (鑑定),6,鑑定,125.6,NEW_REALM,2026-08-12
黒棘のグリーヴ (鑑定),8,鑑定,843.09,NEW_REALM,2026-08-12
黒棘のグローブ (鑑定),0,鑑定,314.0,NEW_REALM,2026-08-12
黒棘のグローブ (鑑定),6,鑑定,392.5,NEW_REALM,2026-08-12
黒棘のグローブ (鑑定),7,鑑定,390.93,NEW_REALM,2026-08-12
黒棘のサイド (未鑑定),0,未鑑定,6280.0,NEW_REALM,2026-08-12
黒棘のサイド (鑑定),10,鑑定,12560.0,NEW_REALM,2026-08-12
黒棘のフード (未鑑定),0,未鑑定,50.24,NEW_REALM,2026-08-12
黒棘のフード (鑑定),0,鑑定,51.81,NEW_REALM,2026-08-12
黒棘のフード (鑑定),5,鑑定,180.55,NEW_REALM,2026-08-12
黒棘のフード (鑑定),7,鑑定,1034.63,NEW_REALM,2026-08-12
黒棘のフード (鑑定),8,鑑定,392.5,NEW_REALM,2026-08-12
黒棘のブレスレット,0,なし,298.3,NEW_REALM,2026-08-12
黒棘のヘルム (未鑑定),0,未鑑定,47.1,NEW_REALM,2026-08-12
黒棘のヘルム (鑑定),0,鑑定,43.96,NEW_REALM,2026-08-12
黒棘のヘルム (鑑定),7,鑑定,265.33,NEW_REALM,2026-08-12
黒棘のヘルム (鑑定),8,鑑定,628.0,NEW_REALM,2026-08-12
黒棘のヘルム (鑑定),9,鑑定,785.0,NEW_REALM,2026-08-12
黒棘のベスト (未鑑定),0,未鑑定,455.3,NEW_REALM,2026-08-12
黒棘のベスト (鑑定),9,鑑定,1413.0,NEW_REALM,2026-08-12
黒棘のベルト,0,なし,395.64,NEW_REALM,2026-08-12
黒棘のベルト,10,なし,549.5,NEW_REALM,2026-08-12
黒棘のベルト,13,なし,1570.0,NEW_REALM,2026-08-12
黒棘のリング,0,なし,546.36,NEW_REALM,2026-08-12
黒棘のリング,13,なし,1083.3,NEW_REALM,2026-08-12
黒棘のリング,15,なし,1727.0,NEW_REALM,2026-08-12
黒棘のレガース (未鑑定),0,未鑑定,76.92999999999999,NEW_REALM,2026-08-12
黒棘のレガース (鑑定),0,鑑定,51.81,NEW_REALM,2026-08-12
黒棘のレガース (鑑定),8,鑑定,549.5,NEW_REALM,2026-08-12
黒棘の剣/盾 (未鑑定),0,未鑑定,3454.0,NEW_REALM,2026-08-12
黒棘の勇猛マント (未鑑定),0,未鑑定,431.75,NEW_REALM,2026-08-12
黒棘の勇猛マント (鑑定),5,鑑定,1884.0,NEW_REALM,2026-08-12
黒棘の布ズボン (未鑑定),0,未鑑定,59.66,NEW_REALM,2026-08-12
黒棘の布ズボン (鑑定),0,鑑定,62.8,NEW_REALM,2026-08-12
黒棘の布ズボン (鑑定),8,鑑定,2355.0,NEW_REALM,2026-08-12
黒棘の帽子 (未鑑定),0,未鑑定,51.81,NEW_REALM,2026-08-12
黒棘の帽子 (鑑定),0,鑑定,92.63,NEW_REALM,2026-08-12
黒棘の帽子 (鑑定),5,鑑定,251.2,NEW_REALM,2026-08-12
黒棘の帽子 (鑑定),6,鑑定,232.36,NEW_REALM,2026-08-12
黒棘の弓 (未鑑定),0,未鑑定,4710.0,NEW_REALM,2026-08-12
黒棘の弓 (鑑定),0,鑑定,7693.0,NEW_REALM,2026-08-12
黒棘の戦棒 (未鑑定),0,未鑑定,4871.71,NEW_REALM,2026-08-12
黒棘の戦闘マント (未鑑定),0,未鑑定,483.56,NEW_REALM,2026-08-12
黒棘の戦闘盾 (未鑑定),0,未鑑定,1381.6,NEW_REALM,2026-08-12
黒棘の戦闘盾 (鑑定),8,鑑定,2826.0,NEW_REALM,2026-08-12
黒棘の手甲 (未鑑定),0,未鑑定,78.5,NEW_REALM,2026-08-12
黒棘の手甲 (鑑定),0,鑑定,314.0,NEW_REALM,2026-08-12
黒棘の短剣 (未鑑定),0,未鑑定,2983.0,NEW_REALM,2026-08-12
黒棘の短靴 (未鑑定),0,未鑑定,103.62,NEW_REALM,2026-08-12
黒棘の破壊マント (鑑定),2,鑑定,2355.0,NEW_REALM,2026-08-12
黒棘の籠手 (未鑑定),0,未鑑定,461.58,NEW_REALM,2026-08-12
黒棘の籠手 (鑑定),10,鑑定,3138.43,NEW_REALM,2026-08-12
黒棘の精霊マント (鑑定),0,鑑定,376.8,NEW_REALM,2026-08-12
黒棘の精霊マント (鑑定),1,鑑定,657.83,NEW_REALM,2026-08-12
黒棘の鎧 (未鑑定),0,未鑑定,103.62,NEW_REALM,2026-08-12
黒棘の鎧 (鑑定),0,鑑定,62.8,NEW_REALM,2026-08-12
黒棘の鎧 (鑑定),6,鑑定,54.95,NEW_REALM,2026-08-12
黒棘の長靴 (鑑定),0,鑑定,157.0,NEW_REALM,2026-08-12
黒棘の革ズボン (未鑑定),0,未鑑定,70.65,NEW_REALM,2026-08-12
黒棘の革ズボン (鑑定),0,鑑定,314.0,NEW_REALM,2026-08-12
黒棘の革ズボン (鑑定),5,鑑定,643.6999999999999,NEW_REALM,2026-08-12
黒棘の革ズボン (鑑定),9,鑑定,2355.0,NEW_REALM,2026-08-12
1段階10番培養細胞ボックス(10個),0,なし,973.4,OLD_REALM,2026-08-12
1段階10番培養細胞箱(10個),0,なし,15.7,OLD_REALM,2026-08-12
1段階11番培養細胞箱(10個),0,なし,15.7,OLD_REALM,2026-08-12
1段階12番培養細胞箱(10個),0,なし,17.27,OLD_REALM,2026-08-12
1段階13番培養細胞箱(10個),0,なし,109.9,OLD_REALM,2026-08-12
1段階14番培養細胞箱(10個),0,なし,412.91,OLD_REALM,2026-08-12
1段階15番培養細胞箱(10個),0,なし,2983.0,OLD_REALM,2026-08-12
1段階16番培養細胞箱(5個),0,なし,10920.92,OLD_REALM,2026-08-12
1段階1番培養細胞ボックス(10個),0,なし,15.7,OLD_REALM,2026-08-12
1段階1番培養細胞箱(10個),0,なし,15.7,OLD_REALM,2026-08-12
1段階2番培養細胞箱(10個),0,なし,15.7,OLD_REALM,2026-08-12
1段階3番培養細胞箱(10個),0,なし,15.7,OLD_REALM,2026-08-12
1段階4番培養細胞箱(10個),0,なし,15.7,OLD_REALM,2026-08-12
1段階5番培養細胞箱(10個),0,なし,15.7,OLD_REALM,2026-08-12
1段階6番培養細胞箱(10個),0,なし,15.7,OLD_REALM,2026-08-12
1段階7番培養細胞ボックス(10個),0,なし,389.36,OLD_REALM,2026-08-12
1段階7番培養細胞箱(10個),0,なし,15.7,OLD_REALM,2026-08-12
1段階8番培養細胞箱(10個),0,なし,15.7,OLD_REALM,2026-08-12
1段階9番培養細胞箱(10個),0,なし,15.7,OLD_REALM,2026-08-12
1段階エピック装飾品強化箱(10個),0,なし,31.4,OLD_REALM,2026-08-12
1段階レジェンド装飾品強化箱(10個),0,なし,213.52,OLD_REALM,2026-08-12
"1段階時の欠片箱(1,000個)",0,なし,15.7,OLD_REALM,2026-08-12
"1段階没落の残滓(100,000個)",0,なし,21.98,OLD_REALM,2026-08-12
1段階錬金術触媒箱(100個),0,なし,15.7,OLD_REALM,2026-08-12
1段階黒オール箱(100個),0,なし,15.7,OLD_REALM,2026-08-12
2段階10番培養細胞箱(50個),0,なし,15.7,OLD_REALM,2026-08-12
2段階11番培養細胞箱(50個),0,なし,75.36,OLD_REALM,2026-08-12
2段階12番培養細胞箱(50個),0,なし,108.33,OLD_REALM,2026-08-12
2段階13番培養細胞箱(50個),0,なし,708.0699999999999,OLD_REALM,2026-08-12
2段階14番培養細胞箱(50個),0,なし,3923.43,OLD_REALM,2026-08-12
2段階1番培養細胞箱(50個),0,なし,15.7,OLD_REALM,2026-08-12
2段階2番培養細胞箱(50個),0,なし,15.7,OLD_REALM,2026-08-12
2段階3番培養細胞箱(50個),0,なし,15.7,OLD_REALM,2026-08-12
2段階4番培養細胞箱(50個),0,なし,15.7,OLD_REALM,2026-08-12
2段階5番培養細胞箱(50個),0,なし,15.7,OLD_REALM,2026-08-12
2段階6番培養細胞箱(50個),0,なし,15.7,OLD_REALM,2026-08-12
2段階7番培養細胞箱(50個),0,なし,15.7,OLD_REALM,2026-08-12
2段階8番培養細胞箱(50個),0,なし,15.7,OLD_REALM,2026-08-12
2段階9番培養細胞箱(50個),0,なし,15.7,OLD_REALM,2026-08-12
2段階エピック装飾品強化箱(100個),0,なし,379.94,OLD_REALM,2026-08-12
2段階レジェンド装飾品強化箱(100個),0,なし,2339.3,OLD_REALM,2026-08-12
"2段階時の欠片箱(5,000個)",0,なし,40.82,OLD_REALM,2026-08-12
"2段階没落の残滓(500,000個)",0,なし,100.48,OLD_REALM,2026-08-12
2段階錬金術触媒箱(500個),0,なし,40.82,OLD_REALM,2026-08-12
2段階黒オール箱(500個),0,なし,28.26,OLD_REALM,2026-08-12
3段階10番培養細胞箱(100個),0,なし,15.7,OLD_REALM,2026-08-12
3段階11番培養細胞箱(100個),0,なし,216.66,OLD_REALM,2026-08-12
3段階12番培養細胞箱(100個),0,なし,288.88,OLD_REALM,2026-08-12
3段階13番培養細胞箱(100個),0,なし,2198.0,OLD_REALM,2026-08-12
3段階1番培養細胞箱(100個),0,なし,15.7,OLD_REALM,2026-08-12
3段階2番培養細胞箱(100個),0,なし,15.7,OLD_REALM,2026-08-12
3段階3番培養細胞箱(100個),0,なし,15.7,OLD_REALM,2026-08-12
3段階4番培養細胞箱(100個),0,なし,15.7,OLD_REALM,2026-08-12
3段階5番培養細胞箱(100個),0,なし,15.7,OLD_REALM,2026-08-12
3段階6番培養細胞箱(100個),0,なし,15.7,OLD_REALM,2026-08-12
3段階7番培養細胞箱(100個),0,なし,15.7,OLD_REALM,2026-08-12
3段階8番培養細胞箱(100個),0,なし,15.7,OLD_REALM,2026-08-12
3段階9番培養細胞箱(100個),0,なし,15.7,OLD_REALM,2026-08-12
"3段階時の欠片箱(10,000個)",0,なし,89.49,OLD_REALM,2026-08-12
"3段階没落の残滓(1,000,000個)",0,なし,172.70000000000002,OLD_REALM,2026-08-12
"3段階錬金術触媒箱(1,000個)",0,なし,15.7,OLD_REALM,2026-08-12
"3段階黒オール箱(1,000個)",0,なし,48.67,OLD_REALM,2026-08-12
"4段階時の欠片箱(50,000個)",0,なし,491.41,OLD_REALM,2026-08-12
"5段階時の欠片箱(100,000個)",0,なし,1004.8,OLD_REALM,2026-08-12
アイサの勇猛マント (未鑑定),0,未鑑定,153.86,OLD_REALM,2026-08-12
アイサの勇猛マント (鑑定),0,鑑定,640.5600000000001,OLD_REALM,2026-08-12
アイサの勇猛マント (鑑定),4,鑑定,471.0,OLD_REALM,2026-08-12
アイサの勇猛マント (鑑定),5,鑑定,5173.150000000001,OLD_REALM,2026-08-12
アイサの戦闘マント (未鑑定),0,未鑑定,98.91,OLD_REALM,2026-08-12
アイサの戦闘マント (鑑定),0,鑑定,155.43,OLD_REALM,2026-08-12
アイサの戦闘マント (鑑定),3,鑑定,279.46,OLD_REALM,2026-08-12
アイサの戦闘マント (鑑定),5,鑑定,775.58,OLD_REALM,2026-08-12
アイサの破壊マント (未鑑定),0,未鑑定,125.6,OLD_REALM,2026-08-12
アイサの破壊マント (鑑定),2,鑑定,309.29,OLD_REALM,2026-08-12
アイサの破壊マント (鑑定),5,鑑定,2588.93,OLD_REALM,2026-08-12
アイサの籠手 (未鑑定),0,未鑑定,185.26,OLD_REALM,2026-08-12
アイサの籠手 (鑑定),0,鑑定,188.4,OLD_REALM,2026-08-12
アイサの籠手 (鑑定),10,鑑定,1727.0,OLD_REALM,2026-08-12
アイサの籠手 (鑑定),7,鑑定,186.83,OLD_REALM,2026-08-12
アイサの籠手 (鑑定),8,鑑定,505.54,OLD_REALM,2026-08-12
アイサの精霊マント (未鑑定),0,未鑑定,61.23,OLD_REALM,2026-08-12
アイサの精霊マント (鑑定),5,鑑定,533.8,OLD_REALM,2026-08-12
アイサの精霊マント (鑑定),6,鑑定,1570.0,OLD_REALM,2026-08-12
アイサガントレット (未鑑定),0,未鑑定,53.38,OLD_REALM,2026-08-12
アイサガントレット (鑑定),5,鑑定,178.98,OLD_REALM,2026-08-12
アイサガントレット (鑑定),6,鑑定,290.45,OLD_REALM,2026-08-12
アイサガントレット (鑑定),7,鑑定,626.4300000000001,OLD_REALM,2026-08-12
アイサガントレット (鑑定),8,鑑定,1097.43,OLD_REALM,2026-08-12
アイサクロスボウ (未鑑定),0,未鑑定,780.29,OLD_REALM,2026-08-12
アイサクロスボウ (鑑定),0,鑑定,985.96,OLD_REALM,2026-08-12
アイサクロスボウ (鑑定),10,鑑定,4907.820000000001,OLD_REALM,2026-08-12
アイサクロスボウ (鑑定),8,鑑定,785.0,OLD_REALM,2026-08-12
アイサグリーヴ (未鑑定),0,未鑑定,15.7,OLD_REALM,2026-08-12
アイサグリーヴ (鑑定),0,鑑定,216.66,OLD_REALM,2026-08-12
アイサグリーヴ (鑑定),5,鑑定,157.0,OLD_REALM,2026-08-12
アイサグリーヴ (鑑定),6,鑑定,216.66,OLD_REALM,2026-08-12
アイサグリーヴ (鑑定),7,鑑定,304.58,OLD_REALM,2026-08-12
アイサグリーヴ (鑑定),8,鑑定,467.86,OLD_REALM,2026-08-12
アイサグローブ (未鑑定),0,未鑑定,15.7,OLD_REALM,2026-08-12
アイサグローブ (鑑定),0,鑑定,56.52,OLD_REALM,2026-08-12
アイサグローブ (鑑定),4,鑑定,157.0,OLD_REALM,2026-08-12
アイサグローブ (鑑定),6,鑑定,180.55,OLD_REALM,2026-08-12
アイサグローブ (鑑定),7,鑑定,157.0,OLD_REALM,2026-08-12
アイサグローブ (鑑定),8,鑑定,244.92,OLD_REALM,2026-08-12
アイササイド (未鑑定),0,未鑑定,2041.0,OLD_REALM,2026-08-12
アイササイド (鑑定),0,鑑定,8281.75,OLD_REALM,2026-08-12
アイササイド (鑑定),10,鑑定,6594.0,OLD_REALM,2026-08-12
アイササイド (鑑定),7,鑑定,1884.0,OLD_REALM,2026-08-12
アイササイド (鑑定),8,鑑定,4678.6,OLD_REALM,2026-08-12
アイサフード (未鑑定),0,未鑑定,25.12,OLD_REALM,2026-08-12
アイサフード (鑑定),5,鑑定,73.78999999999999,OLD_REALM,2026-08-12
アイサフード (鑑定),6,鑑定,102.05,OLD_REALM,2026-08-12
アイサフード (鑑定),7,鑑定,516.53,OLD_REALM,2026-08-12
アイサヘルム (未鑑定),0,未鑑定,15.7,OLD_REALM,2026-08-12
アイサヘルム (鑑定),0,鑑定,76.92999999999999,OLD_REALM,2026-08-12
アイサヘルム (鑑定),5,鑑定,25.12,OLD_REALM,2026-08-12
アイサヘルム (鑑定),6,鑑定,31.4,OLD_REALM,2026-08-12
アイサヘルム (鑑定),7,鑑定,307.72,OLD_REALM,2026-08-12
アイサヘルム (鑑定),8,鑑定,392.5,OLD_REALM,2026-08-12
アイサベスト (未鑑定),0,未鑑定,111.47,OLD_REALM,2026-08-12
アイサベスト (鑑定),0,鑑定,277.89,OLD_REALM,2026-08-12
アイサベスト (鑑定),7,鑑定,522.8100000000001,OLD_REALM,2026-08-12
アイサベスト (鑑定),8,鑑定,1097.43,OLD_REALM,2026-08-12
アイサレガース (未鑑定),0,未鑑定,29.83,OLD_REALM,2026-08-12
アイサレガース (鑑定),0,鑑定,155.43,OLD_REALM,2026-08-12
アイサレガース (鑑定),5,鑑定,157.0,OLD_REALM,2026-08-12
アイサレガース (鑑定),6,鑑定,153.86,OLD_REALM,2026-08-12
アイサレガース (鑑定),7,鑑定,157.0,OLD_REALM,2026-08-12
アイサレガース (鑑定),8,鑑定,353.25,OLD_REALM,2026-08-12
アイサレガース (鑑定),9,鑑定,576.1899999999999,OLD_REALM,2026-08-12
アイサローブ (未鑑定),0,未鑑定,29.83,OLD_REALM,2026-08-12
アイサローブ (鑑定),0,鑑定,128.73999999999998,OLD_REALM,2026-08-12
アイサローブ (鑑定),5,鑑定,62.8,OLD_REALM,2026-08-12
アイサローブ (鑑定),6,鑑定,157.0,OLD_REALM,2026-08-12
アイサローブ (鑑定),7,鑑定,510.25,OLD_REALM,2026-08-12
アイサローブ (鑑定),8,鑑定,471.0,OLD_REALM,2026-08-12
アイサローブ (鑑定),9,鑑定,1094.29,OLD_REALM,2026-08-12
アイサ剣/盾 (未鑑定),0,未鑑定,634.28,OLD_REALM,2026-08-12
アイサ剣/盾 (鑑定),0,鑑定,722.1999999999999,OLD_REALM,2026-08-12
アイサ剣/盾 (鑑定),10,鑑定,2865.25,OLD_REALM,2026-08-12
アイサ剣/盾 (鑑定),12,鑑定,17270.0,OLD_REALM,2026-08-12
アイサ剣/盾 (鑑定),7,鑑定,1256.0,OLD_REALM,2026-08-12
アイサ剣/盾 (鑑定),8,鑑定,1884.0,OLD_REALM,2026-08-12
アイサ剣/盾 (鑑定),9,鑑定,2041.0,OLD_REALM,2026-08-12
アイサ大剣 (未鑑定),0,未鑑定,549.5,OLD_REALM,2026-08-12
アイサ大剣 (鑑定),0,鑑定,463.15,OLD_REALM,2026-08-12
アイサ大剣 (鑑定),8,鑑定,1380.03,OLD_REALM,2026-08-12
アイサ布ズボン (未鑑定),0,未鑑定,39.25,OLD_REALM,2026-08-12
アイサ布ズボン (鑑定),0,鑑定,94.2,OLD_REALM,2026-08-12
アイサ布ズボン (鑑定),4,鑑定,193.11,OLD_REALM,2026-08-12
アイサ布ズボン (鑑定),6,鑑定,133.45,OLD_REALM,2026-08-12
アイサ布ズボン (鑑定),7,鑑定,235.5,OLD_REALM,2026-08-12
アイサ布ズボン (鑑定),8,鑑定,626.4300000000001,OLD_REALM,2026-08-12
アイサ帽子 (未鑑定),0,未鑑定,29.83,OLD_REALM,2026-08-12
アイサ帽子 (鑑定),0,鑑定,51.81,OLD_REALM,2026-08-12
アイサ帽子 (鑑定),5,鑑定,51.81,OLD_REALM,2026-08-12
アイサ帽子 (鑑定),6,鑑定,353.25,OLD_REALM,2026-08-12
アイサ帽子 (鑑定),7,鑑定,157.0,OLD_REALM,2026-08-12
アイサ帽子 (鑑定),8,鑑定,392.5,OLD_REALM,2026-08-12
アイサ弓 (未鑑定),0,未鑑定,1138.25,OLD_REALM,2026-08-12
アイサ弓 (鑑定),10,鑑定,5424.349999999999,OLD_REALM,2026-08-12
アイサ弓 (鑑定),7,鑑定,1475.8,OLD_REALM,2026-08-12
アイサ弓 (鑑定),8,鑑定,1099.0,OLD_REALM,2026-08-12
アイサ戦棒 (未鑑定),0,未鑑定,1012.65,OLD_REALM,2026-08-12
アイサ戦棒 (鑑定),0,鑑定,1099.0,OLD_REALM,2026-08-12
アイサ戦棒 (鑑定),10,鑑定,5495.0,OLD_REALM,2026-08-12
アイサ戦棒 (鑑定),7,鑑定,942.0,OLD_REALM,2026-08-12
アイサ戦棒 (鑑定),8,鑑定,1099.0,OLD_REALM,2026-08-12
アイサ戦闘盾 (未鑑定),0,未鑑定,312.43,OLD_REALM,2026-08-12
アイサ戦闘盾 (鑑定),0,鑑定,463.15,OLD_REALM,2026-08-12
アイサ戦闘盾 (鑑定),10,鑑定,1860.45,OLD_REALM,2026-08-12
アイサ戦闘盾 (鑑定),7,鑑定,2100.6600000000003,OLD_REALM,2026-08-12
アイサ手甲 (未鑑定),0,未鑑定,15.7,OLD_REALM,2026-08-12
アイサ手甲 (鑑定),0,鑑定,51.81,OLD_REALM,2026-08-12
アイサ手甲 (鑑定),10,鑑定,384.65,OLD_REALM,2026-08-12
アイサ手甲 (鑑定),5,鑑定,47.1,OLD_REALM,2026-08-12
アイサ手甲 (鑑定),6,鑑定,130.31,OLD_REALM,2026-08-12
アイサ手甲 (鑑定),7,鑑定,243.35,OLD_REALM,2026-08-12
アイサ手甲 (鑑定),8,鑑定,266.9,OLD_REALM,2026-08-12
アイサ杖 (未鑑定),0,未鑑定,562.0600000000001,OLD_REALM,2026-08-12
アイサ杖 (鑑定),0,鑑定,785.0,OLD_REALM,2026-08-12
アイサ杖 (鑑定),10,鑑定,3097.61,OLD_REALM,2026-08-12
アイサ杖 (鑑定),7,鑑定,1293.68,OLD_REALM,2026-08-12
アイサ杖 (鑑定),8,鑑定,1223.03,OLD_REALM,2026-08-12
アイサ短剣 (未鑑定),0,未鑑定,1177.5,OLD_REALM,2026-08-12
アイサ短剣 (鑑定),10,鑑定,4553.0,OLD_REALM,2026-08-12
アイサ短剣 (鑑定),8,鑑定,1678.33,OLD_REALM,2026-08-12
アイサ短靴 (未鑑定),0,未鑑定,15.7,OLD_REALM,2026-08-12
アイサ短靴 (鑑定),0,鑑定,29.83,OLD_REALM,2026-08-12
アイサ短靴 (鑑定),5,鑑定,21.98,OLD_REALM,2026-08-12
アイサ短靴 (鑑定),6,鑑定,109.9,OLD_REALM,2026-08-12
アイサ短靴 (鑑定),7,鑑定,296.73,OLD_REALM,2026-08-12
アイサ短靴 (鑑定),8,鑑定,467.86,OLD_REALM,2026-08-12
アイサ鎧 (鑑定),6,鑑定,281.03000000000003,OLD_REALM,2026-08-12
アイサ鎧 (鑑定),9,鑑定,5495.0,OLD_REALM,2026-08-12
アイサ長靴 (未鑑定),0,未鑑定,15.7,OLD_REALM,2026-08-12
アイサ長靴 (鑑定),0,鑑定,25.12,OLD_REALM,2026-08-12
アイサ長靴 (鑑定),10,鑑定,1444.4,OLD_REALM,2026-08-12
アイサ長靴 (鑑定),5,鑑定,15.7,OLD_REALM,2026-08-12
アイサ長靴 (鑑定),6,鑑定,47.1,OLD_REALM,2026-08-12
アイサ長靴 (鑑定),7,鑑定,218.23,OLD_REALM,2026-08-12
アイサ長靴 (鑑定),8,鑑定,235.5,OLD_REALM,2026-08-12
アイサ長靴 (鑑定),9,鑑定,706.5,OLD_REALM,2026-08-12
アイサ革ズボン (未鑑定),0,未鑑定,15.7,OLD_REALM,2026-08-12
アイサ革ズボン (鑑定),0,鑑定,18.84,OLD_REALM,2026-08-12
アイサ革ズボン (鑑定),10,鑑定,464.72,OLD_REALM,2026-08-12
アイサ革ズボン (鑑定),5,鑑定,15.7,OLD_REALM,2026-08-12
アイサ革ズボン (鑑定),6,鑑定,39.25,OLD_REALM,2026-08-12
アイサ革ズボン (鑑定),7,鑑定,205.67,OLD_REALM,2026-08-12
アイサ革ズボン (鑑定),8,鑑定,785.0,OLD_REALM,2026-08-12
アザム・ヒサンのイヤリング,0,なし,379.94,OLD_REALM,2026-08-12
アザム・ヒサンのガントレット (未鑑定),0,未鑑定,15.7,OLD_REALM,2026-08-12
アザム・ヒサンのガントレット (鑑定),0,鑑定,78.5,OLD_REALM,2026-08-12
アザム・ヒサンのガントレット (鑑定),5,鑑定,47.1,OLD_REALM,2026-08-12
アザム・ヒサンのガントレット (鑑定),6,鑑定,255.91,OLD_REALM,2026-08-12
アザム・ヒサンのガントレット (鑑定),7,鑑定,141.3,OLD_REALM,2026-08-12
アザム・ヒサンのガントレット (鑑定),8,鑑定,284.17,OLD_REALM,2026-08-12
アザム・ヒサンのガントレット (鑑定),9,鑑定,141.3,OLD_REALM,2026-08-12
アザム・ヒサンのクロスボウ (未鑑定),0,未鑑定,87.92,OLD_REALM,2026-08-12
アザム・ヒサンのクロスボウ (鑑定),0,鑑定,91.06,OLD_REALM,2026-08-12
アザム・ヒサンのクロスボウ (鑑定),10,鑑定,546.36,OLD_REALM,2026-08-12
アザム・ヒサンのクロスボウ (鑑定),11,鑑定,1155.52,OLD_REALM,2026-08-12
アザム・ヒサンのクロスボウ (鑑定),12,鑑定,2127.35,OLD_REALM,2026-08-12
アザム・ヒサンのクロスボウ (鑑定),13,鑑定,15700.0,OLD_REALM,2026-08-12
アザム・ヒサンのクロスボウ (鑑定),7,鑑定,86.35000000000001,OLD_REALM,2026-08-12
アザム・ヒサンのクロスボウ (鑑定),8,鑑定,188.4,OLD_REALM,2026-08-12
アザム・ヒサンのクロスボウ (鑑定),9,鑑定,376.8,OLD_REALM,2026-08-12
アザム・ヒサンのグリーヴ (未鑑定),0,未鑑定,15.7,OLD_REALM,2026-08-12
アザム・ヒサンのグリーヴ (鑑定),0,鑑定,15.7,OLD_REALM,2026-08-12
アザム・ヒサンのグリーヴ (鑑定),10,鑑定,219.8,OLD_REALM,2026-08-12
アザム・ヒサンのグリーヴ (鑑定),11,鑑定,471.0,OLD_REALM,2026-08-12
アザム・ヒサンのグリーヴ (鑑定),5,鑑定,15.7,OLD_REALM,2026-08-12
アザム・ヒサンのグリーヴ (鑑定),6,鑑定,23.55,OLD_REALM,2026-08-12
アザム・ヒサンのグリーヴ (鑑定),7,鑑定,53.38,OLD_REALM,2026-08-12
アザム・ヒサンのグリーヴ (鑑定),8,鑑定,125.6,OLD_REALM,2026-08-12
アザム・ヒサンのグリーヴ (鑑定),9,鑑定,125.6,OLD_REALM,2026-08-12
アザム・ヒサンのグローブ (未鑑定),0,未鑑定,15.7,OLD_REALM,2026-08-12
アザム・ヒサンのグローブ (鑑定),0,鑑定,15.7,OLD_REALM,2026-08-12
アザム・ヒサンのグローブ (鑑定),10,鑑定,257.48,OLD_REALM,2026-08-12
アザム・ヒサンのグローブ (鑑定),11,鑑定,846.2299999999999,OLD_REALM,2026-08-12
アザム・ヒサンのグローブ (鑑定),12,鑑定,1033.06,OLD_REALM,2026-08-12
アザム・ヒサンのグローブ (鑑定),5,鑑定,15.7,OLD_REALM,2026-08-12
アザム・ヒサンのグローブ (鑑定),6,鑑定,102.05,OLD_REALM,2026-08-12
アザム・ヒサンのグローブ (鑑定),7,鑑定,76.92999999999999,OLD_REALM,2026-08-12
アザム・ヒサンのグローブ (鑑定),8,鑑定,141.3,OLD_REALM,2026-08-12
アザム・ヒサンのグローブ (鑑定),9,鑑定,257.48,OLD_REALM,2026-08-12
アザム・ヒサンのサイド (未鑑定),0,未鑑定,343.83,OLD_REALM,2026-08-12
アザム・ヒサンのサイド (鑑定),0,鑑定,390.93,OLD_REALM,2026-08-12
アザム・ヒサンのサイド (鑑定),10,鑑定,1885.57,OLD_REALM,2026-08-12
アザム・ヒサンのサイド (鑑定),11,鑑定,1808.64,OLD_REALM,2026-08-12
アザム・ヒサンのサイド (鑑定),12,鑑定,5942.45,OLD_REALM,2026-08-12
アザム・ヒサンのサイド (鑑定),6,鑑定,1405.15,OLD_REALM,2026-08-12
アザム・ヒサンのサイド (鑑定),7,鑑定,478.85,OLD_REALM,2026-08-12
アザム・ヒサンのサイド (鑑定),8,鑑定,1086.44,OLD_REALM,2026-08-12
アザム・ヒサンのサイド (鑑定),9,鑑定,3121.16,OLD_REALM,2026-08-12
アザム・ヒサンのフード (未鑑定),0,未鑑定,15.7,OLD_REALM,2026-08-12
アザム・ヒサンのフード (鑑定),0,鑑定,15.7,OLD_REALM,2026-08-12
アザム・ヒサンのフード (鑑定),10,鑑定,211.95,OLD_REALM,2026-08-12
アザム・ヒサンのフード (鑑定),11,鑑定,1827.48,OLD_REALM,2026-08-12
アザム・ヒサンのフード (鑑定),12,鑑定,2355.0,OLD_REALM,2026-08-12
アザム・ヒサンのフード (鑑定),4,鑑定,15.7,OLD_REALM,2026-08-12
アザム・ヒサンのフード (鑑定),5,鑑定,15.7,OLD_REALM,2026-08-12
アザム・ヒサンのフード (鑑定),6,鑑定,15.7,OLD_REALM,2026-08-12
アザム・ヒサンのフード (鑑定),7,鑑定,62.8,OLD_REALM,2026-08-12
アザム・ヒサンのフード (鑑定),8,鑑定,51.81,OLD_REALM,2026-08-12
アザム・ヒサンのフード (鑑定),9,鑑定,172.70000000000002,OLD_REALM,2026-08-12
アザム・ヒサンのブレスレット,0,なし,324.98999999999995,OLD_REALM,2026-08-12
アザム・ヒサンのブレスレット,15,なし,314.0,OLD_REALM,2026-08-12
アザム・ヒサンのヘルム (未鑑定),0,未鑑定,15.7,OLD_REALM,2026-08-12
アザム・ヒサンのヘルム (鑑定),0,鑑定,15.7,OLD_REALM,2026-08-12
アザム・ヒサンのヘルム (鑑定),10,鑑定,314.0,OLD_REALM,2026-08-12
アザム・ヒサンのヘルム (鑑定),11,鑑定,723.7700000000001,OLD_REALM,2026-08-12
アザム・ヒサンのヘルム (鑑定),5,鑑定,15.7,OLD_REALM,2026-08-12
アザム・ヒサンのヘルム (鑑定),6,鑑定,15.7,OLD_REALM,2026-08-12
アザム・ヒサンのヘルム (鑑定),7,鑑定,157.0,OLD_REALM,2026-08-12
アザム・ヒサンのヘルム (鑑定),8,鑑定,92.63,OLD_REALM,2026-08-12
アザム・ヒサンのベスト (未鑑定),0,未鑑定,15.7,OLD_REALM,2026-08-12
アザム・ヒサンのベスト (鑑定),0,鑑定,15.7,OLD_REALM,2026-08-12
アザム・ヒサンのベスト (鑑定),10,鑑定,323.42,OLD_REALM,2026-08-12
アザム・ヒサンのベスト (鑑定),11,鑑定,502.4,OLD_REALM,2026-08-12
アザム・ヒサンのベスト (鑑定),4,鑑定,15.7,OLD_REALM,2026-08-12
アザム・ヒサンのベスト (鑑定),5,鑑定,15.7,OLD_REALM,2026-08-12
アザム・ヒサンのベスト (鑑定),6,鑑定,31.4,OLD_REALM,2026-08-12
アザム・ヒサンのベスト (鑑定),7,鑑定,117.75,OLD_REALM,2026-08-12
アザム・ヒサンのベスト (鑑定),8,鑑定,135.02,OLD_REALM,2026-08-12
アザム・ヒサンのベスト (鑑定),9,鑑定,455.3,OLD_REALM,2026-08-12
アザム・ヒサンのベルト,0,なし,39.25,OLD_REALM,2026-08-12
アザム・ヒサンのベルト,13,なし,194.68,OLD_REALM,2026-08-12
アザム・ヒサンのベルト,14,なし,458.44,OLD_REALM,2026-08-12
アザム・ヒサンのリング,0,なし,387.79,OLD_REALM,2026-08-12
アザム・ヒサンのリング,12,なし,610.73,OLD_REALM,2026-08-12
アザム・ヒサンのリング,16,なし,628.0,OLD_REALM,2026-08-12
アザム・ヒサンのレガース (未鑑定),0,未鑑定,20.41,OLD_REALM,2026-08-12
アザム・ヒサンのレガース (鑑定),0,鑑定,62.8,OLD_REALM,2026-08-12
アザム・ヒサンのレガース (鑑定),5,鑑定,15.7,OLD_REALM,2026-08-12
アザム・ヒサンのレガース (鑑定),6,鑑定,62.8,OLD_REALM,2026-08-12
アザム・ヒサンのレガース (鑑定),7,鑑定,317.14,OLD_REALM,2026-08-12
アザム・ヒサンのレガース (鑑定),8,鑑定,392.5,OLD_REALM,2026-08-12
アザム・ヒサンのレガース (鑑定),9,鑑定,1413.0,OLD_REALM,2026-08-12
アザム・ヒサンのローブ (未鑑定),0,未鑑定,15.7,OLD_REALM,2026-08-12
アザム・ヒサンのローブ (鑑定),0,鑑定,15.7,OLD_REALM,2026-08-12
アザム・ヒサンのローブ (鑑定),10,鑑定,354.82,OLD_REALM,2026-08-12
アザム・ヒサンのローブ (鑑定),12,鑑定,2565.38,OLD_REALM,2026-08-12
アザム・ヒサンのローブ (鑑定),4,鑑定,15.7,OLD_REALM,2026-08-12
アザム・ヒサンのローブ (鑑定),5,鑑定,15.7,OLD_REALM,2026-08-12
アザム・ヒサンのローブ (鑑定),6,鑑定,37.68,OLD_REALM,2026-08-12
アザム・ヒサンのローブ (鑑定),7,鑑定,158.57,OLD_REALM,2026-08-12
アザム・ヒサンのローブ (鑑定),8,鑑定,157.0,OLD_REALM,2026-08-12
アザム・ヒサンのローブ (鑑定),9,鑑定,306.15,OLD_REALM,2026-08-12
アザム・ヒサンの剣/盾 (未鑑定),0,未鑑定,80.07000000000001,OLD_REALM,2026-08-12
アザム・ヒサンの剣/盾 (鑑定),0,鑑定,86.35000000000001,OLD_REALM,2026-08-12
アザム・ヒサンの剣/盾 (鑑定),10,鑑定,626.4300000000001,OLD_REALM,2026-08-12
アザム・ヒサンの剣/盾 (鑑定),11,鑑定,879.1999999999999,OLD_REALM,2026-08-12
アザム・ヒサンの剣/盾 (鑑定),12,鑑定,2339.3,OLD_REALM,2026-08-12
アザム・ヒサンの剣/盾 (鑑定),13,鑑定,4284.53,OLD_REALM,2026-08-12
アザム・ヒサンの剣/盾 (鑑定),7,鑑定,155.43,OLD_REALM,2026-08-12
アザム・ヒサンの剣/盾 (鑑定),8,鑑定,196.25,OLD_REALM,2026-08-12
アザム・ヒサンの剣/盾 (鑑定),9,鑑定,471.0,OLD_REALM,2026-08-12
アザム・ヒサンの勇猛マント (未鑑定),0,未鑑定,31.4,OLD_REALM,2026-08-12
アザム・ヒサンの勇猛マント (鑑定),2,鑑定,461.58,OLD_REALM,2026-08-12
アザム・ヒサンの勇猛マント (鑑定),5,鑑定,1373.75,OLD_REALM,2026-08-12
アザム・ヒサンの大剣 (未鑑定),0,未鑑定,87.92,OLD_REALM,2026-08-12
アザム・ヒサンの大剣 (鑑定),0,鑑定,106.76,OLD_REALM,2026-08-12
アザム・ヒサンの大剣 (鑑定),10,鑑定,785.0,OLD_REALM,2026-08-12
アザム・ヒサンの大剣 (鑑定),12,鑑定,3265.6,OLD_REALM,2026-08-12
アザム・ヒサンの大剣 (鑑定),7,鑑定,314.0,OLD_REALM,2026-08-12
アザム・ヒサンの大剣 (鑑定),8,鑑定,774.01,OLD_REALM,2026-08-12
アザム・ヒサンの大剣 (鑑定),9,鑑定,314.0,OLD_REALM,2026-08-12
アザム・ヒサンの布ズボン (未鑑定),0,未鑑定,15.7,OLD_REALM,2026-08-12
アザム・ヒサンの布ズボン (鑑定),0,鑑定,15.7,OLD_REALM,2026-08-12
アザム・ヒサンの布ズボン (鑑定),10,鑑定,207.24,OLD_REALM,2026-08-12
アザム・ヒサンの布ズボン (鑑定),4,鑑定,15.7,OLD_REALM,2026-08-12
アザム・ヒサンの布ズボン (鑑定),5,鑑定,15.7,OLD_REALM,2026-08-12
アザム・ヒサンの布ズボン (鑑定),6,鑑定,47.1,OLD_REALM,2026-08-12
アザム・ヒサンの布ズボン (鑑定),7,鑑定,78.5,OLD_REALM,2026-08-12
アザム・ヒサンの布ズボン (鑑定),8,鑑定,141.3,OLD_REALM,2026-08-12
アザム・ヒサンの布ズボン (鑑定),9,鑑定,298.3,OLD_REALM,2026-08-12
アザム・ヒサンの帽子 (未鑑定),0,未鑑定,15.7,OLD_REALM,2026-08-12
アザム・ヒサンの帽子 (鑑定),0,鑑定,15.7,OLD_REALM,2026-08-12
アザム・ヒサンの帽子 (鑑定),10,鑑定,266.9,OLD_REALM,2026-08-12
アザム・ヒサンの帽子 (鑑定),4,鑑定,15.7,OLD_REALM,2026-08-12
アザム・ヒサンの帽子 (鑑定),5,鑑定,15.7,OLD_REALM,2026-08-12
アザム・ヒサンの帽子 (鑑定),6,鑑定,18.84,OLD_REALM,2026-08-12
アザム・ヒサンの帽子 (鑑定),7,鑑定,64.36999999999999,OLD_REALM,2026-08-12
アザム・ヒサンの帽子 (鑑定),8,鑑定,86.35000000000001,OLD_REALM,2026-08-12
アザム・ヒサンの帽子 (鑑定),9,鑑定,345.40000000000003,OLD_REALM,2026-08-12
アザム・ヒサンの弓 (未鑑定),0,未鑑定,185.26,OLD_REALM,2026-08-12
アザム・ヒサンの弓 (鑑定),0,鑑定,204.1,OLD_REALM,2026-08-12
アザム・ヒサンの弓 (鑑定),10,鑑定,1051.9,OLD_REALM,2026-08-12
アザム・ヒサンの弓 (鑑定),11,鑑定,1538.6,OLD_REALM,2026-08-12
アザム・ヒサンの弓 (鑑定),12,鑑定,3928.14,OLD_REALM,2026-08-12
アザム・ヒサンの弓 (鑑定),13,鑑定,5476.160000000001,OLD_REALM,2026-08-12
アザム・ヒサンの弓 (鑑定),7,鑑定,157.0,OLD_REALM,2026-08-12
アザム・ヒサンの弓 (鑑定),8,鑑定,392.5,OLD_REALM,2026-08-12
アザム・ヒサンの弓 (鑑定),9,鑑定,533.8,OLD_REALM,2026-08-12
アザム・ヒサンの戦棒 (未鑑定),0,未鑑定,210.38,OLD_REALM,2026-08-12
アザム・ヒサンの戦棒 (鑑定),0,鑑定,218.23,OLD_REALM,2026-08-12
アザム・ヒサンの戦棒 (鑑定),10,鑑定,942.0,OLD_REALM,2026-08-12
アザム・ヒサンの戦棒 (鑑定),11,鑑定,1413.0,OLD_REALM,2026-08-12
アザム・ヒサンの戦棒 (鑑定),12,鑑定,4520.03,OLD_REALM,2026-08-12
アザム・ヒサンの戦棒 (鑑定),7,鑑定,298.3,OLD_REALM,2026-08-12
アザム・ヒサンの戦棒 (鑑定),8,鑑定,469.43,OLD_REALM,2026-08-12
アザム・ヒサンの戦闘マント (未鑑定),0,未鑑定,133.45,OLD_REALM,2026-08-12
アザム・ヒサンの戦闘マント (鑑定),0,鑑定,390.93,OLD_REALM,2026-08-12
アザム・ヒサンの戦闘マント (鑑定),3,鑑定,235.5,OLD_REALM,2026-08-12
アザム・ヒサンの戦闘マント (鑑定),5,鑑定,266.9,OLD_REALM,2026-08-12
アザム・ヒサンの戦闘盾 (未鑑定),0,未鑑定,50.24,OLD_REALM,2026-08-12
アザム・ヒサンの戦闘盾 (鑑定),0,鑑定,59.66,OLD_REALM,2026-08-12
アザム・ヒサンの戦闘盾 (鑑定),10,鑑定,628.0,OLD_REALM,2026-08-12
アザム・ヒサンの戦闘盾 (鑑定),11,鑑定,706.5,OLD_REALM,2026-08-12
アザム・ヒサンの戦闘盾 (鑑定),12,鑑定,2585.79,OLD_REALM,2026-08-12
アザム・ヒサンの戦闘盾 (鑑定),13,鑑定,6889.160000000001,OLD_REALM,2026-08-12
アザム・ヒサンの戦闘盾 (鑑定),7,鑑定,62.8,OLD_REALM,2026-08-12
アザム・ヒサンの戦闘盾 (鑑定),8,鑑定,296.73,OLD_REALM,2026-08-12
アザム・ヒサンの戦闘盾 (鑑定),9,鑑定,471.0,OLD_REALM,2026-08-12
アザム・ヒサンの手甲 (未鑑定),0,未鑑定,15.7,OLD_REALM,2026-08-12
アザム・ヒサンの手甲 (鑑定),0,鑑定,15.7,OLD_REALM,2026-08-12
アザム・ヒサンの手甲 (鑑定),10,鑑定,438.03,OLD_REALM,2026-08-12
アザム・ヒサンの手甲 (鑑定),11,鑑定,1177.5,OLD_REALM,2026-08-12
アザム・ヒサンの手甲 (鑑定),12,鑑定,6280.0,OLD_REALM,2026-08-12
アザム・ヒサンの手甲 (鑑定),4,鑑定,15.7,OLD_REALM,2026-08-12
アザム・ヒサンの手甲 (鑑定),5,鑑定,15.7,OLD_REALM,2026-08-12
アザム・ヒサンの手甲 (鑑定),6,鑑定,31.4,OLD_REALM,2026-08-12
アザム・ヒサンの手甲 (鑑定),7,鑑定,120.89,OLD_REALM,2026-08-12
アザム・ヒサンの手甲 (鑑定),8,鑑定,103.62,OLD_REALM,2026-08-12
アザム・ヒサンの手甲 (鑑定),9,鑑定,235.5,OLD_REALM,2026-08-12
アザム・ヒサンの杖 (未鑑定),0,未鑑定,125.6,OLD_REALM,2026-08-12
アザム・ヒサンの杖 (鑑定),0,鑑定,149.15,OLD_REALM,2026-08-12
アザム・ヒサンの杖 (鑑定),10,鑑定,1235.59,OLD_REALM,2026-08-12
アザム・ヒサンの杖 (鑑定),11,鑑定,2041.0,OLD_REALM,2026-08-12
アザム・ヒサンの杖 (鑑定),12,鑑定,1807.07,OLD_REALM,2026-08-12
アザム・ヒサンの杖 (鑑定),7,鑑定,130.31,OLD_REALM,2026-08-12
アザム・ヒサンの杖 (鑑定),8,鑑定,408.2,OLD_REALM,2026-08-12
アザム・ヒサンの杖 (鑑定),9,鑑定,959.27,OLD_REALM,2026-08-12
アザム・ヒサンの短剣 (未鑑定),0,未鑑定,131.88,OLD_REALM,2026-08-12
アザム・ヒサンの短剣 (鑑定),0,鑑定,144.44,OLD_REALM,2026-08-12
アザム・ヒサンの短剣 (鑑定),10,鑑定,628.0,OLD_REALM,2026-08-12
アザム・ヒサンの短剣 (鑑定),11,鑑定,2512.0,OLD_REALM,2026-08-12
アザム・ヒサンの短剣 (鑑定),12,鑑定,2198.0,OLD_REALM,2026-08-12
アザム・ヒサンの短剣 (鑑定),13,鑑定,5425.92,OLD_REALM,2026-08-12
アザム・ヒサンの短剣 (鑑定),6,鑑定,785.0,OLD_REALM,2026-08-12
アザム・ヒサンの短剣 (鑑定),7,鑑定,147.57999999999998,OLD_REALM,2026-08-12
アザム・ヒサンの短剣 (鑑定),8,鑑定,376.8,OLD_REALM,2026-08-12
アザム・ヒサンの短剣 (鑑定),9,鑑定,573.05,OLD_REALM,2026-08-12
アザム・ヒサンの短靴 (未鑑定),0,未鑑定,15.7,OLD_REALM,2026-08-12
アザム・ヒサンの短靴 (鑑定),0,鑑定,89.49,OLD_REALM,2026-08-12
アザム・ヒサンの短靴 (鑑定),5,鑑定,189.97,OLD_REALM,2026-08-12
アザム・ヒサンの短靴 (鑑定),6,鑑定,23.55,OLD_REALM,2026-08-12
アザム・ヒサンの短靴 (鑑定),8,鑑定,235.5,OLD_REALM,2026-08-12
アザム・ヒサンの破壊マント (未鑑定),0,未鑑定,56.52,OLD_REALM,2026-08-12
アザム・ヒサンの籠手 (未鑑定),0,未鑑定,65.94,OLD_REALM,2026-08-12
アザム・ヒサンの籠手 (鑑定),0,鑑定,64.36999999999999,OLD_REALM,2026-08-12
アザム・ヒサンの籠手 (鑑定),10,鑑定,329.7,OLD_REALM,2026-08-12
アザム・ヒサンの籠手 (鑑定),11,鑑定,1256.0,OLD_REALM,2026-08-12
アザム・ヒサンの籠手 (鑑定),12,鑑定,1923.25,OLD_REALM,2026-08-12
アザム・ヒサンの籠手 (鑑定),7,鑑定,65.94,OLD_REALM,2026-08-12
アザム・ヒサンの籠手 (鑑定),8,鑑定,257.48,OLD_REALM,2026-08-12
アザム・ヒサンの籠手 (鑑定),9,鑑定,628.0,OLD_REALM,2026-08-12
アザム・ヒサンの精霊マント (未鑑定),0,未鑑定,157.0,OLD_REALM,2026-08-12
アザム・ヒサンの精霊マント (鑑定),0,鑑定,73.78999999999999,OLD_REALM,2026-08-12
アザム・ヒサンの精霊マント (鑑定),3,鑑定,392.5,OLD_REALM,2026-08-12
アザム・ヒサンの鎧 (未鑑定),0,未鑑定,15.7,OLD_REALM,2026-08-12
アザム・ヒサンの鎧 (鑑定),0,鑑定,15.7,OLD_REALM,2026-08-12
アザム・ヒサンの鎧 (鑑定),11,鑑定,522.8100000000001,OLD_REALM,2026-08-12
アザム・ヒサンの鎧 (鑑定),5,鑑定,15.7,OLD_REALM,2026-08-12
アザム・ヒサンの鎧 (鑑定),6,鑑定,39.25,OLD_REALM,2026-08-12
アザム・ヒサンの鎧 (鑑定),8,鑑定,133.45,OLD_REALM,2026-08-12
アザム・ヒサンの長靴 (未鑑定),0,未鑑定,18.84,OLD_REALM,2026-08-12
アザム・ヒサンの長靴 (鑑定),0,鑑定,15.7,OLD_REALM,2026-08-12
アザム・ヒサンの長靴 (鑑定),11,鑑定,863.5,OLD_REALM,2026-08-12
アザム・ヒサンの長靴 (鑑定),5,鑑定,15.7,OLD_REALM,2026-08-12
アザム・ヒサンの長靴 (鑑定),6,鑑定,17.27,OLD_REALM,2026-08-12
アザム・ヒサンの長靴 (鑑定),8,鑑定,94.2,OLD_REALM,2026-08-12
アザム・ヒサンの長靴 (鑑定),9,鑑定,469.43,OLD_REALM,2026-08-12
アザム・ヒサンの革ズボン (未鑑定),0,未鑑定,15.7,OLD_REALM,2026-08-12
アザム・ヒサンの革ズボン (鑑定),0,鑑定,15.7,OLD_REALM,2026-08-12
アザム・ヒサンの革ズボン (鑑定),10,鑑定,248.06,OLD_REALM,2026-08-12
アザム・ヒサンの革ズボン (鑑定),11,鑑定,1219.89,OLD_REALM,2026-08-12
アザム・ヒサンの革ズボン (鑑定),4,鑑定,15.7,OLD_REALM,2026-08-12
アザム・ヒサンの革ズボン (鑑定),5,鑑定,15.7,OLD_REALM,2026-08-12
アザム・ヒサンの革ズボン (鑑定),6,鑑定,45.53,OLD_REALM,2026-08-12
アザム・ヒサンの革ズボン (鑑定),8,鑑定,133.45,OLD_REALM,2026-08-12
アザム・ヒサンの革ズボン (鑑定),9,鑑定,314.0,OLD_REALM,2026-08-12
アビリティ:カリオンの洞察【呪文】,0,なし,76.92999999999999,OLD_REALM,2026-08-12
アビリティ:ギャンブル【補助】,0,なし,6280.0,OLD_REALM,2026-08-12
アビリティ:セクレタの才能【偵察】,0,なし,69.08,OLD_REALM,2026-08-12
アビリティ:テレノスの力【戦闘】,0,なし,58.09,OLD_REALM,2026-08-12
アビリティ:九死一生【技巧】,0,なし,1125.69,OLD_REALM,2026-08-12
アビリティ:克服【活力】,0,なし,3925.0,OLD_REALM,2026-08-12
アビリティ:必殺の一撃【強化】,0,なし,4392.86,OLD_REALM,2026-08-12
アビリティ:慎重な攻撃【補助】,0,なし,15.7,OLD_REALM,2026-08-12
アビリティ:戦場の叫び【活力】,0,なし,5017.72,OLD_REALM,2026-08-12
アビリティ:持続治癒【補助】,0,なし,2009.6,OLD_REALM,2026-08-12
アビリティ:時間逆行【技巧】,0,なし,4688.02,OLD_REALM,2026-08-12
アビリティ:業火の武器【強化】,0,なし,246.49,OLD_REALM,2026-08-12
アビリティ:武装解除【戦闘】,0,なし,7850.0,OLD_REALM,2026-08-12
アビリティ:浄化【技巧】,0,なし,3140.0,OLD_REALM,2026-08-12
アビリティ:猛毒発散【偵察】,0,なし,2355.0,OLD_REALM,2026-08-12
アビリティ:睡眠誘導【呪文】,0,なし,84.78,OLD_REALM,2026-08-12
アビリティ:破壊の武器【技巧】,0,なし,211.95,OLD_REALM,2026-08-12
アビリティ:磁場生成【呪文】,0,なし,1017.36,OLD_REALM,2026-08-12
アビリティ:純粋なマナ回復薬【活力】,0,なし,15.7,OLD_REALM,2026-08-12
アビリティ:結界形成【防御】,0,なし,2510.43,OLD_REALM,2026-08-12
アビリティ:解剖学【補助】,0,なし,1708.16,OLD_REALM,2026-08-12
アビリティ:超感覚【偵察】,0,なし,2171.31,OLD_REALM,2026-08-12
アビリティ:追跡【戦闘】,0,なし,1056.61,OLD_REALM,2026-08-12
アビリティ:酷寒の武器【呪文】,0,なし,254.34,OLD_REALM,2026-08-12
アビリティ:鏡の盾【防御】,0,なし,70.65,OLD_REALM,2026-08-12
アビリティ:雷精霊【強化】,0,なし,937.29,OLD_REALM,2026-08-12
アビリティ：セクレタの才能【偵察】,0,なし,6672.5,OLD_REALM,2026-08-12
アビリティ：テレノスの力【戦闘】,0,なし,172.70000000000002,OLD_REALM,2026-08-12
アビリティ：純粋なマナポーション【活力】,0,なし,47.1,OLD_REALM,2026-08-12
アンコモン装飾品強化箱(100個),0,なし,15.7,OLD_REALM,2026-08-12
アンデミックのサドル,0,なし,461.58,OLD_REALM,2026-08-12
イニスのイヤリング ,0,なし,1725.43,OLD_REALM,2026-08-12
イニスのイヤリング ,15,なし,2468.04,OLD_REALM,2026-08-12
イニスのイヤリング ,16,なし,4082.0,OLD_REALM,2026-08-12
イニスのイヤリング ,17,なし,5168.4400000000005,OLD_REALM,2026-08-12
イニスのイヤリング ,18,なし,12560.0,OLD_REALM,2026-08-12
イニスのイヤリング ,20,なし,34383.0,OLD_REALM,2026-08-12
イニスのガントレット (未鑑定),0,未鑑定,266.9,OLD_REALM,2026-08-12
イニスのクロスボウ (鑑定),10,鑑定,58090.0,OLD_REALM,2026-08-12
イニスのグリーヴ (未鑑定),0,未鑑定,471.0,OLD_REALM,2026-08-12
イニスのネックレス ,0,なし,10362.0,OLD_REALM,2026-08-12
イニスのネックレス ,16,なし,14811.38,OLD_REALM,2026-08-12
イニスのネックレス ,19,なし,43960.0,OLD_REALM,2026-08-12
イニスのネックレス ,4,なし,15557.13,OLD_REALM,2026-08-12
イニスのフード (鑑定),0,鑑定,1428.7,OLD_REALM,2026-08-12
イニスのブレスレット ,0,なし,1723.86,OLD_REALM,2026-08-12
イニスのブレスレット ,15,なし,4239.0,OLD_REALM,2026-08-12
イニスのブレスレット ,18,なし,12560.0,OLD_REALM,2026-08-12
イニスのヘルム (未鑑定),0,未鑑定,314.0,OLD_REALM,2026-08-12
イニスのヘルム (鑑定),8,鑑定,1742.7,OLD_REALM,2026-08-12
イニスのベスト (鑑定),5,鑑定,753.6,OLD_REALM,2026-08-12
イニスのベルト ,0,なし,1902.84,OLD_REALM,2026-08-12
イニスのベルト ,18,なし,13399.95,OLD_REALM,2026-08-12
イニスのベルト ,20,なし,37523.0,OLD_REALM,2026-08-12
イニスのリング ,0,なし,2510.43,OLD_REALM,2026-08-12
イニスのリング ,12,なし,8635.0,OLD_REALM,2026-08-12
イニスのリング ,16,なし,5168.4400000000005,OLD_REALM,2026-08-12
イニスのリング ,20,なし,43175.0,OLD_REALM,2026-08-12
イニスのレガース (未鑑定),0,未鑑定,623.2900000000001,OLD_REALM,2026-08-12
イニスのローブ (鑑定),6,鑑定,1570.0,OLD_REALM,2026-08-12
イニスの剣/盾 (未鑑定),0,未鑑定,26688.43,OLD_REALM,2026-08-12
イニスの勇猛マント (未鑑定),0,未鑑定,4710.0,OLD_REALM,2026-08-12
イニスの勇猛マント (鑑定),4,鑑定,15386.0,OLD_REALM,2026-08-12
イニスの大剣 (鑑定),10,鑑定,50240.0,OLD_REALM,2026-08-12
イニスの布ズボン (鑑定),7,鑑定,1538.6,OLD_REALM,2026-08-12
イニスの帽子 (鑑定),0,鑑定,471.0,OLD_REALM,2026-08-12
イニスの帽子 (鑑定),6,鑑定,1428.7,OLD_REALM,2026-08-12
イニスの戦闘マント (未鑑定),0,未鑑定,4710.0,OLD_REALM,2026-08-12
イニスの手甲 (未鑑定),0,未鑑定,657.83,OLD_REALM,2026-08-12
イニスの手甲 (鑑定),6,鑑定,1937.38,OLD_REALM,2026-08-12
イニスの短靴 (未鑑定),0,未鑑定,427.04,OLD_REALM,2026-08-12
イニスの短靴 (鑑定),8,鑑定,4710.0,OLD_REALM,2026-08-12
イニスの鎧 (未鑑定),0,未鑑定,357.96,OLD_REALM,2026-08-12
イニスの鎧 (鑑定),8,鑑定,3925.0,OLD_REALM,2026-08-12
イニスの長靴 (鑑定),6,鑑定,1256.0,OLD_REALM,2026-08-12
イニスの長靴 (鑑定),8,鑑定,753.6,OLD_REALM,2026-08-12
イリアナの籠手 (鑑定),10,鑑定,15857.0,OLD_REALM,2026-08-12
イリアナの籠手 (鑑定),8,鑑定,7228.28,OLD_REALM,2026-08-12
イリアナガントレット (未鑑定),0,未鑑定,328.13,OLD_REALM,2026-08-12
イリアナガントレット (鑑定),0,鑑定,775.58,OLD_REALM,2026-08-12
イリアナガントレット (鑑定),7,鑑定,1433.41,OLD_REALM,2026-08-12
イリアナクロスボウ (鑑定),10,鑑定,62098.21,OLD_REALM,2026-08-12
イリアナグリーヴ (未鑑定),0,未鑑定,628.0,OLD_REALM,2026-08-12
イリアナグリーヴ (鑑定),0,鑑定,469.43,OLD_REALM,2026-08-12
イリアナグリーヴ (鑑定),8,鑑定,1673.62,OLD_REALM,2026-08-12
イリアナグローブ (未鑑定),0,未鑑定,516.53,OLD_REALM,2026-08-12
イリアナグローブ (鑑定),0,鑑定,467.86,OLD_REALM,2026-08-12
イリアナグローブ (鑑定),6,鑑定,4710.0,OLD_REALM,2026-08-12
イリアナグローブ (鑑定),7,鑑定,4253.13,OLD_REALM,2026-08-12
イリアナフード (鑑定),0,鑑定,785.0,OLD_REALM,2026-08-12
イリアナフード (鑑定),8,鑑定,2355.0,OLD_REALM,2026-08-12
イリアナヘルム (未鑑定),0,未鑑定,306.15,OLD_REALM,2026-08-12
イリアナヘルム (鑑定),0,鑑定,471.0,OLD_REALM,2026-08-12
イリアナヘルム (鑑定),6,鑑定,628.0,OLD_REALM,2026-08-12
イリアナヘルム (鑑定),8,鑑定,4710.0,OLD_REALM,2026-08-12
イリアナベスト (鑑定),0,鑑定,471.0,OLD_REALM,2026-08-12
イリアナベスト (鑑定),6,鑑定,6280.0,OLD_REALM,2026-08-12
イリアナベスト (鑑定),8,鑑定,2453.9100000000003,OLD_REALM,2026-08-12
イリアナレガース (未鑑定),0,未鑑定,434.89,OLD_REALM,2026-08-12
イリアナレガース (鑑定),0,鑑定,518.1,OLD_REALM,2026-08-12
イリアナローブ (未鑑定),0,未鑑定,860.36,OLD_REALM,2026-08-12
イリアナローブ (鑑定),6,鑑定,624.86,OLD_REALM,2026-08-12
イリアナ剣/盾 (未鑑定),0,未鑑定,31400.0,OLD_REALM,2026-08-12
イリアナ剣/盾 (鑑定),10,鑑定,51339.0,OLD_REALM,2026-08-12
イリアナ大剣 (未鑑定),0,未鑑定,23386.72,OLD_REALM,2026-08-12
イリアナ大剣 (鑑定),10,鑑定,24725.93,OLD_REALM,2026-08-12
イリアナ布ズボン (未鑑定),0,未鑑定,502.4,OLD_REALM,2026-08-12
イリアナ布ズボン (鑑定),0,鑑定,122.46,OLD_REALM,2026-08-12
イリアナ布ズボン (鑑定),6,鑑定,5495.0,OLD_REALM,2026-08-12
イリアナ布ズボン (鑑定),7,鑑定,2355.0,OLD_REALM,2026-08-12
イリアナ布ズボン (鑑定),8,鑑定,4945.5,OLD_REALM,2026-08-12
イリアナ布ズボン (鑑定),9,鑑定,5652.0,OLD_REALM,2026-08-12
イリアナ帽子 (未鑑定),0,未鑑定,471.0,OLD_REALM,2026-08-12
イリアナ帽子 (鑑定),0,鑑定,514.9599999999999,OLD_REALM,2026-08-12
イリアナ帽子 (鑑定),7,鑑定,3047.37,OLD_REALM,2026-08-12
イリアナ帽子 (鑑定),8,鑑定,1937.38,OLD_REALM,2026-08-12
イリアナ弓 (鑑定),10,鑑定,73824.54000000001,OLD_REALM,2026-08-12
イリアナ弓 (鑑定),8,鑑定,40944.030000000006,OLD_REALM,2026-08-12
イリアナ弓 (鑑定),9,鑑定,45198.73,OLD_REALM,2026-08-12
イリアナ戦闘盾 (未鑑定),0,未鑑定,23550.0,OLD_REALM,2026-08-12
イリアナ戦闘盾 (鑑定),10,鑑定,26746.52,OLD_REALM,2026-08-12
イリアナ戦闘盾 (鑑定),8,鑑定,39250.0,OLD_REALM,2026-08-12
イリアナ手甲 (鑑定),0,鑑定,235.5,OLD_REALM,2026-08-12
イリアナ手甲 (鑑定),10,鑑定,5923.61,OLD_REALM,2026-08-12
イリアナ手甲 (鑑定),5,鑑定,471.0,OLD_REALM,2026-08-12
イリアナ手甲 (鑑定),6,鑑定,392.5,OLD_REALM,2026-08-12
イリアナ手甲 (鑑定),7,鑑定,315.57,OLD_REALM,2026-08-12
イリアナ杖 (鑑定),10,鑑定,59660.0,OLD_REALM,2026-08-12
イリアナ杖 (鑑定),8,鑑定,54946.86,OLD_REALM,2026-08-12
イリアナ短剣 (鑑定),10,鑑定,48456.48,OLD_REALM,2026-08-12
イリアナ短剣 (鑑定),8,鑑定,47100.0,OLD_REALM,2026-08-12
イリアナ短靴 (未鑑定),0,未鑑定,785.0,OLD_REALM,2026-08-12
イリアナ短靴 (鑑定),6,鑑定,471.0,OLD_REALM,2026-08-12
イリアナ鎧 (未鑑定),0,未鑑定,538.51,OLD_REALM,2026-08-12
イリアナ長靴 (未鑑定),0,未鑑定,783.4300000000001,OLD_REALM,2026-08-12
イリアナ長靴 (鑑定),0,鑑定,697.08,OLD_REALM,2026-08-12
イリアナ長靴 (鑑定),4,鑑定,235.5,OLD_REALM,2026-08-12
イリアナ長靴 (鑑定),5,鑑定,785.0,OLD_REALM,2026-08-12
イリアナ長靴 (鑑定),6,鑑定,642.13,OLD_REALM,2026-08-12
イリアナ長靴 (鑑定),8,鑑定,1727.0,OLD_REALM,2026-08-12
イリアナ革ズボン (未鑑定),0,未鑑定,931.01,OLD_REALM,2026-08-12
イリアナ革ズボン (鑑定),5,鑑定,2312.61,OLD_REALM,2026-08-12
イリアナ革ズボン (鑑定),6,鑑定,847.8000000000001,OLD_REALM,2026-08-12
エオスのイヤリング,0,なし,1452.25,OLD_REALM,2026-08-12
エオスのガントレット (未鑑定),0,未鑑定,89.49,OLD_REALM,2026-08-12
エオスのガントレット (鑑定),0,鑑定,72.22,OLD_REALM,2026-08-12
エオスのガントレット (鑑定),10,鑑定,2512.0,OLD_REALM,2026-08-12
エオスのガントレット (鑑定),4,鑑定,188.4,OLD_REALM,2026-08-12
エオスのガントレット (鑑定),5,鑑定,78.5,OLD_REALM,2026-08-12
エオスのガントレット (鑑定),6,鑑定,314.0,OLD_REALM,2026-08-12
エオスのガントレット (鑑定),7,鑑定,529.09,OLD_REALM,2026-08-12
エオスのガントレット (鑑定),8,鑑定,500.83,OLD_REALM,2026-08-12
エオスのグリーヴ (未鑑定),0,未鑑定,153.86,OLD_REALM,2026-08-12
エオスのグリーヴ (鑑定),0,鑑定,92.63,OLD_REALM,2026-08-12
エオスのグリーヴ (鑑定),5,鑑定,141.3,OLD_REALM,2026-08-12
エオスのグリーヴ (鑑定),6,鑑定,471.0,OLD_REALM,2026-08-12
エオスのグリーヴ (鑑定),7,鑑定,386.22,OLD_REALM,2026-08-12
エオスのグリーヴ (鑑定),8,鑑定,706.5,OLD_REALM,2026-08-12
エオスのグローブ (未鑑定),0,未鑑定,306.15,OLD_REALM,2026-08-12
エオスのグローブ (鑑定),0,鑑定,532.23,OLD_REALM,2026-08-12
エオスのグローブ (鑑定),6,鑑定,2198.0,OLD_REALM,2026-08-12
エオスのグローブ (鑑定),7,鑑定,1099.0,OLD_REALM,2026-08-12
エオスのグローブ (鑑定),8,鑑定,2544.9700000000003,OLD_REALM,2026-08-12
エオスのフード (未鑑定),0,未鑑定,282.6,OLD_REALM,2026-08-12
エオスのフード (鑑定),0,鑑定,298.3,OLD_REALM,2026-08-12
エオスのフード (鑑定),10,鑑定,2800.88,OLD_REALM,2026-08-12
エオスのフード (鑑定),5,鑑定,386.22,OLD_REALM,2026-08-12
エオスのフード (鑑定),8,鑑定,883.91,OLD_REALM,2026-08-12
エオスのフード (鑑定),9,鑑定,1562.15,OLD_REALM,2026-08-12
エオスのブレスレット,0,なし,1256.0,OLD_REALM,2026-08-12
エオスのブレスレット,13,なし,2841.7000000000003,OLD_REALM,2026-08-12
エオスのブレスレット,16,なし,3061.5,OLD_REALM,2026-08-12
エオスのブレスレット,20,なし,36094.3,OLD_REALM,2026-08-12
エオスのヘルム (未鑑定),0,未鑑定,125.6,OLD_REALM,2026-08-12
エオスのヘルム (鑑定),0,鑑定,70.65,OLD_REALM,2026-08-12
エオスのヘルム (鑑定),5,鑑定,204.1,OLD_REALM,2026-08-12
エオスのヘルム (鑑定),6,鑑定,196.25,OLD_REALM,2026-08-12
エオスのヘルム (鑑定),7,鑑定,334.41,OLD_REALM,2026-08-12
エオスのヘルム (鑑定),8,鑑定,361.1,OLD_REALM,2026-08-12
エオスのベスト (未鑑定),0,未鑑定,218.23,OLD_REALM,2026-08-12
エオスのベスト (鑑定),0,鑑定,157.0,OLD_REALM,2026-08-12
エオスのベスト (鑑定),5,鑑定,188.4,OLD_REALM,2026-08-12
エオスのベスト (鑑定),6,鑑定,309.29,OLD_REALM,2026-08-12
エオスのベスト (鑑定),7,鑑定,455.3,OLD_REALM,2026-08-12
エオスのリング,16,なし,5972.28,OLD_REALM,2026-08-12
エオスのリング,17,なし,6280.0,OLD_REALM,2026-08-12
エオスのレガース (未鑑定),0,未鑑定,76.92999999999999,OLD_REALM,2026-08-12
エオスのレガース (鑑定),0,鑑定,87.92,OLD_REALM,2026-08-12
エオスのレガース (鑑定),5,鑑定,296.73,OLD_REALM,2026-08-12
エオスのレガース (鑑定),6,鑑定,86.35000000000001,OLD_REALM,2026-08-12
エオスのレガース (鑑定),7,鑑定,1256.0,OLD_REALM,2026-08-12
エオスのレガース (鑑定),8,鑑定,522.8100000000001,OLD_REALM,2026-08-12
エオスのローブ (未鑑定),0,未鑑定,124.03,OLD_REALM,2026-08-12
エオスのローブ (鑑定),0,鑑定,100.48,OLD_REALM,2026-08-12
エオスのローブ (鑑定),5,鑑定,233.93,OLD_REALM,2026-08-12
エオスのローブ (鑑定),6,鑑定,164.85,OLD_REALM,2026-08-12
エオスのローブ (鑑定),7,鑑定,455.3,OLD_REALM,2026-08-12
エオスのローブ (鑑定),8,鑑定,3925.0,OLD_REALM,2026-08-12
エオスのローブ (鑑定),9,鑑定,1562.15,OLD_REALM,2026-08-12
エオスの剣/盾 (鑑定),10,鑑定,22447.86,OLD_REALM,2026-08-12
エオスの勇猛マント (未鑑定),0,未鑑定,1962.5,OLD_REALM,2026-08-12
エオスの布ズボン (未鑑定),0,未鑑定,73.78999999999999,OLD_REALM,2026-08-12
エオスの布ズボン (鑑定),0,鑑定,50.24,OLD_REALM,2026-08-12
エオスの布ズボン (鑑定),10,鑑定,3617.28,OLD_REALM,2026-08-12
エオスの布ズボン (鑑定),5,鑑定,78.5,OLD_REALM,2026-08-12
エオスの布ズボン (鑑定),6,鑑定,102.05,OLD_REALM,2026-08-12
エオスの布ズボン (鑑定),7,鑑定,76.92999999999999,OLD_REALM,2026-08-12
エオスの布ズボン (鑑定),8,鑑定,471.0,OLD_REALM,2026-08-12
エオスの布ズボン (鑑定),9,鑑定,1020.5,OLD_REALM,2026-08-12
エオスの帽子 (未鑑定),0,未鑑定,124.03,OLD_REALM,2026-08-12
エオスの帽子 (鑑定),0,鑑定,64.36999999999999,OLD_REALM,2026-08-12
エオスの帽子 (鑑定),10,鑑定,2023.73,OLD_REALM,2026-08-12
エオスの帽子 (鑑定),4,鑑定,127.17,OLD_REALM,2026-08-12
エオスの帽子 (鑑定),5,鑑定,128.73999999999998,OLD_REALM,2026-08-12
エオスの帽子 (鑑定),6,鑑定,248.06,OLD_REALM,2026-08-12
エオスの帽子 (鑑定),7,鑑定,259.05,OLD_REALM,2026-08-12
エオスの帽子 (鑑定),8,鑑定,1292.11,OLD_REALM,2026-08-12
エオスの帽子 (鑑定),9,鑑定,591.89,OLD_REALM,2026-08-12
エオスの戦闘マント (未鑑定),0,未鑑定,2669.0,OLD_REALM,2026-08-12
エオスの戦闘マント (鑑定),2,鑑定,2584.2200000000003,OLD_REALM,2026-08-12
エオスの手甲 (未鑑定),0,未鑑定,127.17,OLD_REALM,2026-08-12
エオスの手甲 (鑑定),0,鑑定,103.62,OLD_REALM,2026-08-12
エオスの手甲 (鑑定),5,鑑定,108.33,OLD_REALM,2026-08-12
エオスの手甲 (鑑定),6,鑑定,131.88,OLD_REALM,2026-08-12
エオスの手甲 (鑑定),7,鑑定,471.0,OLD_REALM,2026-08-12
エオスの手甲 (鑑定),8,鑑定,306.15,OLD_REALM,2026-08-12
エオスの短剣 (鑑定),10,鑑定,43960.0,OLD_REALM,2026-08-12
エオスの短靴 (未鑑定),0,未鑑定,200.96,OLD_REALM,2026-08-12
エオスの短靴 (鑑定),0,鑑定,171.13000000000002,OLD_REALM,2026-08-12
エオスの短靴 (鑑定),5,鑑定,251.2,OLD_REALM,2026-08-12
エオスの短靴 (鑑定),6,鑑定,659.4,OLD_REALM,2026-08-12
エオスの短靴 (鑑定),7,鑑定,785.0,OLD_REALM,2026-08-12
エオスの短靴 (鑑定),8,鑑定,5008.3,OLD_REALM,2026-08-12
エオスの破壊マント (未鑑定),0,未鑑定,2841.7000000000003,OLD_REALM,2026-08-12
エオスの破壊マント (鑑定),2,鑑定,10362.0,OLD_REALM,2026-08-12
エオスの破壊マント (鑑定),4,鑑定,18055.0,OLD_REALM,2026-08-12
エオスの精霊マント (未鑑定),0,未鑑定,1766.25,OLD_REALM,2026-08-12
エオスの鎧 (未鑑定),0,未鑑定,84.78,OLD_REALM,2026-08-12
エオスの鎧 (鑑定),0,鑑定,69.08,OLD_REALM,2026-08-12
エオスの鎧 (鑑定),5,鑑定,172.70000000000002,OLD_REALM,2026-08-12
エオスの鎧 (鑑定),6,鑑定,317.14,OLD_REALM,2026-08-12
エオスの鎧 (鑑定),7,鑑定,76.92999999999999,OLD_REALM,2026-08-12
エオスの鎧 (鑑定),8,鑑定,471.0,OLD_REALM,2026-08-12
エオスの長靴 (未鑑定),0,未鑑定,117.75,OLD_REALM,2026-08-12
エオスの長靴 (鑑定),0,鑑定,76.92999999999999,OLD_REALM,2026-08-12
エオスの長靴 (鑑定),4,鑑定,89.49,OLD_REALM,2026-08-12
エオスの長靴 (鑑定),5,鑑定,103.62,OLD_REALM,2026-08-12
エオスの長靴 (鑑定),6,鑑定,314.0,OLD_REALM,2026-08-12
エオスの長靴 (鑑定),7,鑑定,617.01,OLD_REALM,2026-08-12
エオスの長靴 (鑑定),8,鑑定,469.43,OLD_REALM,2026-08-12
エオスの革ズボン (未鑑定),0,未鑑定,120.89,OLD_REALM,2026-08-12
エオスの革ズボン (鑑定),0,鑑定,100.48,OLD_REALM,2026-08-12
エオスの革ズボン (鑑定),10,鑑定,4904.679999999999,OLD_REALM,2026-08-12
エオスの革ズボン (鑑定),5,鑑定,157.0,OLD_REALM,2026-08-12
エオスの革ズボン (鑑定),6,鑑定,157.0,OLD_REALM,2026-08-12
エオスの革ズボン (鑑定),7,鑑定,863.5,OLD_REALM,2026-08-12
エオスの革ズボン (鑑定),8,鑑定,235.5,OLD_REALM,2026-08-12
エオスの革ズボン (鑑定),9,鑑定,774.01,OLD_REALM,2026-08-12
エル・セラのイヤリング,0,なし,39.25,OLD_REALM,2026-08-12
エル・セラのイヤリング,1,なし,78.5,OLD_REALM,2026-08-12
エル・セラのイヤリング,10,なし,1609.25,OLD_REALM,2026-08-12
エル・セラのイヤリング,12,なし,284.17,OLD_REALM,2026-08-12
エル・セラのイヤリング,13,なし,270.04,OLD_REALM,2026-08-12
エル・セラのイヤリング,14,なし,314.0,OLD_REALM,2026-08-12
エル・セラのイヤリング,15,なし,314.0,OLD_REALM,2026-08-12
エル・セラのイヤリング,16,なし,284.17,OLD_REALM,2026-08-12
エル・セラのイヤリング,17,なし,314.0,OLD_REALM,2026-08-12
エル・セラのイヤリング,18,なし,772.4399999999999,OLD_REALM,2026-08-12
エル・セラのイヤリング,20,なし,2808.73,OLD_REALM,2026-08-12
エル・セラのイヤリング,7,なし,78.5,OLD_REALM,2026-08-12
エル・セラのガントレット (未鑑定),0,未鑑定,103.62,OLD_REALM,2026-08-12
エル・セラのガントレット (鑑定),0,鑑定,466.29,OLD_REALM,2026-08-12
エル・セラのガントレット (鑑定),6,鑑定,306.15,OLD_REALM,2026-08-12
エル・セラのガントレット (鑑定),9,鑑定,4710.0,OLD_REALM,2026-08-12
エル・セラのクロスボウ (未鑑定),0,未鑑定,775.58,OLD_REALM,2026-08-12
エル・セラのクロスボウ (鑑定),10,鑑定,4631.5,OLD_REALM,2026-08-12
エル・セラのクロスボウ (鑑定),7,鑑定,1570.0,OLD_REALM,2026-08-12
エル・セラのグリーヴ (未鑑定),0,未鑑定,17.27,OLD_REALM,2026-08-12
エル・セラのグリーヴ (鑑定),0,鑑定,70.65,OLD_REALM,2026-08-12
エル・セラのグリーヴ (鑑定),12,鑑定,4082.0,OLD_REALM,2026-08-12
エル・セラのグリーヴ (鑑定),5,鑑定,76.92999999999999,OLD_REALM,2026-08-12
エル・セラのグリーヴ (鑑定),6,鑑定,186.83,OLD_REALM,2026-08-12
エル・セラのグリーヴ (鑑定),7,鑑定,492.98,OLD_REALM,2026-08-12
エル・セラのグリーヴ (鑑定),8,鑑定,188.4,OLD_REALM,2026-08-12
エル・セラのグリーヴ (鑑定),9,鑑定,706.5,OLD_REALM,2026-08-12
エル・セラのグローブ (未鑑定),0,未鑑定,59.66,OLD_REALM,2026-08-12
エル・セラのグローブ (鑑定),0,鑑定,392.5,OLD_REALM,2026-08-12
エル・セラのグローブ (鑑定),5,鑑定,78.5,OLD_REALM,2026-08-12
エル・セラのグローブ (鑑定),6,鑑定,218.23,OLD_REALM,2026-08-12
エル・セラのグローブ (鑑定),7,鑑定,510.25,OLD_REALM,2026-08-12
エル・セラのグローブ (鑑定),8,鑑定,783.4300000000001,OLD_REALM,2026-08-12
エル・セラのサイド (未鑑定),0,未鑑定,1522.9,OLD_REALM,2026-08-12
エル・セラのサイド (鑑定),0,鑑定,2326.74,OLD_REALM,2026-08-12
エル・セラのサイド (鑑定),10,鑑定,6437.0,OLD_REALM,2026-08-12
エル・セラのサイド (鑑定),8,鑑定,8507.83,OLD_REALM,2026-08-12
エル・セラのネックレス,0,なし,216.66,OLD_REALM,2026-08-12
エル・セラのネックレス,12,なし,485.13,OLD_REALM,2026-08-12
エル・セラのネックレス,13,なし,942.0,OLD_REALM,2026-08-12
エル・セラのネックレス,14,なし,1884.0,OLD_REALM,2026-08-12
エル・セラのネックレス,15,なし,645.2700000000001,OLD_REALM,2026-08-12
エル・セラのネックレス,17,なし,628.0,OLD_REALM,2026-08-12
エル・セラのネックレス,18,なし,1029.9199999999998,OLD_REALM,2026-08-12
エル・セラのネックレス,20,なし,2865.25,OLD_REALM,2026-08-12
エル・セラのフード (未鑑定),0,未鑑定,21.98,OLD_REALM,2026-08-12
エル・セラのフード (鑑定),5,鑑定,78.5,OLD_REALM,2026-08-12
エル・セラのフード (鑑定),6,鑑定,292.02000000000004,OLD_REALM,2026-08-12
エル・セラのフード (鑑定),7,鑑定,359.53000000000003,OLD_REALM,2026-08-12
エル・セラのフード (鑑定),8,鑑定,626.4300000000001,OLD_REALM,2026-08-12
エル・セラのブレスレット,12,なし,262.19,OLD_REALM,2026-08-12
エル・セラのブレスレット,15,なし,266.9,OLD_REALM,2026-08-12
エル・セラのブレスレット,16,なし,284.17,OLD_REALM,2026-08-12
エル・セラのブレスレット,17,なし,386.22,OLD_REALM,2026-08-12
エル・セラのブレスレット,18,なし,785.0,OLD_REALM,2026-08-12
エル・セラのブレスレット,20,なし,3925.0,OLD_REALM,2026-08-12
エル・セラのヘルム (未鑑定),0,未鑑定,31.4,OLD_REALM,2026-08-12
エル・セラのヘルム (鑑定),0,鑑定,152.29,OLD_REALM,2026-08-12
エル・セラのヘルム (鑑定),7,鑑定,328.13,OLD_REALM,2026-08-12
エル・セラのヘルム (鑑定),8,鑑定,546.36,OLD_REALM,2026-08-12
エル・セラのベスト (未鑑定),0,未鑑定,15.7,OLD_REALM,2026-08-12
エル・セラのベスト (鑑定),10,鑑定,2826.0,OLD_REALM,2026-08-12
エル・セラのベスト (鑑定),5,鑑定,15.7,OLD_REALM,2026-08-12
エル・セラのベスト (鑑定),6,鑑定,116.18,OLD_REALM,2026-08-12
エル・セラのベスト (鑑定),7,鑑定,453.73,OLD_REALM,2026-08-12
エル・セラのベスト (鑑定),8,鑑定,532.23,OLD_REALM,2026-08-12
エル・セラのベスト (鑑定),9,鑑定,623.2900000000001,OLD_REALM,2026-08-12
エル・セラのベルト,0,なし,42.39,OLD_REALM,2026-08-12
エル・セラのベルト,15,なし,314.0,OLD_REALM,2026-08-12
エル・セラのベルト,16,なし,254.34,OLD_REALM,2026-08-12
エル・セラのベルト,17,なし,464.72,OLD_REALM,2026-08-12
エル・セラのベルト,20,なし,4521.6,OLD_REALM,2026-08-12
エル・セラのリング,0,なし,39.25,OLD_REALM,2026-08-12
エル・セラのリング,12,なし,147.57999999999998,OLD_REALM,2026-08-12
エル・セラのリング,13,なし,282.6,OLD_REALM,2026-08-12
エル・セラのリング,15,なし,942.0,OLD_REALM,2026-08-12
エル・セラのリング,16,なし,284.17,OLD_REALM,2026-08-12
エル・セラのリング,17,なし,309.29,OLD_REALM,2026-08-12
エル・セラのリング,20,なし,3761.72,OLD_REALM,2026-08-12
エル・セラのレガース (未鑑定),0,未鑑定,43.96,OLD_REALM,2026-08-12
エル・セラのレガース (鑑定),0,鑑定,78.5,OLD_REALM,2026-08-12
エル・セラのレガース (鑑定),5,鑑定,157.0,OLD_REALM,2026-08-12
エル・セラのレガース (鑑定),6,鑑定,157.0,OLD_REALM,2026-08-12
エル・セラのレガース (鑑定),7,鑑定,157.0,OLD_REALM,2026-08-12
エル・セラのレガース (鑑定),8,鑑定,502.4,OLD_REALM,2026-08-12
エル・セラのローブ (鑑定),0,鑑定,232.36,OLD_REALM,2026-08-12
エル・セラのローブ (鑑定),6,鑑定,290.45,OLD_REALM,2026-08-12
エル・セラのローブ (鑑定),7,鑑定,390.93,OLD_REALM,2026-08-12
エル・セラのローブ (鑑定),8,鑑定,780.29,OLD_REALM,2026-08-12
エル・セラの剣/盾 (未鑑定),0,未鑑定,516.53,OLD_REALM,2026-08-12
エル・セラの剣/盾 (鑑定),0,鑑定,2347.15,OLD_REALM,2026-08-12
エル・セラの剣/盾 (鑑定),7,鑑定,2512.0,OLD_REALM,2026-08-12
エル・セラの剣/盾 (鑑定),8,鑑定,1150.81,OLD_REALM,2026-08-12
エル・セラの勇猛マント (未鑑定),0,未鑑定,157.0,OLD_REALM,2026-08-12
エル・セラの勇猛マント (鑑定),5,鑑定,587.1800000000001,OLD_REALM,2026-08-12
エル・セラの大剣 (未鑑定),0,未鑑定,356.39,OLD_REALM,2026-08-12
エル・セラの大剣 (鑑定),0,鑑定,626.4300000000001,OLD_REALM,2026-08-12
エル・セラの大剣 (鑑定),10,鑑定,2331.45,OLD_REALM,2026-08-12
エル・セラの大剣 (鑑定),8,鑑定,1665.77,OLD_REALM,2026-08-12
エル・セラの布ズボン (未鑑定),0,未鑑定,15.7,OLD_REALM,2026-08-12
エル・セラの布ズボン (鑑定),0,鑑定,15.7,OLD_REALM,2026-08-12
エル・セラの布ズボン (鑑定),10,鑑定,511.82,OLD_REALM,2026-08-12
エル・セラの布ズボン (鑑定),6,鑑定,511.82,OLD_REALM,2026-08-12
エル・セラの布ズボン (鑑定),7,鑑定,157.0,OLD_REALM,2026-08-12
エル・セラの布ズボン (鑑定),8,鑑定,188.4,OLD_REALM,2026-08-12
エル・セラの布ズボン (鑑定),9,鑑定,455.3,OLD_REALM,2026-08-12
エル・セラの帽子 (未鑑定),0,未鑑定,26.69,OLD_REALM,2026-08-12
エル・セラの帽子 (鑑定),0,鑑定,28.26,OLD_REALM,2026-08-12
エル・セラの帽子 (鑑定),6,鑑定,47.1,OLD_REALM,2026-08-12
エル・セラの帽子 (鑑定),7,鑑定,387.79,OLD_REALM,2026-08-12
エル・セラの帽子 (鑑定),8,鑑定,351.68,OLD_REALM,2026-08-12
エル・セラの弓 (未鑑定),0,未鑑定,800.6999999999999,OLD_REALM,2026-08-12
エル・セラの弓 (鑑定),0,鑑定,816.4,OLD_REALM,2026-08-12
エル・セラの弓 (鑑定),10,鑑定,6570.45,OLD_REALM,2026-08-12
エル・セラの弓 (鑑定),12,鑑定,13881.94,OLD_REALM,2026-08-12
エル・セラの弓 (鑑定),7,鑑定,1566.86,OLD_REALM,2026-08-12
エル・セラの弓 (鑑定),8,鑑定,3061.5,OLD_REALM,2026-08-12
エル・セラの弓 (鑑定),9,鑑定,5429.06,OLD_REALM,2026-08-12
エル・セラの戦棒 (未鑑定),0,未鑑定,940.43,OLD_REALM,2026-08-12
エル・セラの戦棒 (鑑定),0,鑑定,1048.76,OLD_REALM,2026-08-12
エル・セラの戦棒 (鑑定),7,鑑定,985.96,OLD_REALM,2026-08-12
エル・セラの戦棒 (鑑定),8,鑑定,1084.87,OLD_REALM,2026-08-12
エル・セラの戦闘マント (未鑑定),0,未鑑定,108.33,OLD_REALM,2026-08-12
エル・セラの戦闘マント (鑑定),0,鑑定,628.0,OLD_REALM,2026-08-12
エル・セラの戦闘盾 (未鑑定),0,未鑑定,288.88,OLD_REALM,2026-08-12
エル・セラの戦闘盾 (鑑定),0,鑑定,292.02000000000004,OLD_REALM,2026-08-12
エル・セラの戦闘盾 (鑑定),10,鑑定,7850.0,OLD_REALM,2026-08-12
エル・セラの戦闘盾 (鑑定),12,鑑定,10867.54,OLD_REALM,2026-08-12
エル・セラの戦闘盾 (鑑定),7,鑑定,516.53,OLD_REALM,2026-08-12
エル・セラの戦闘盾 (鑑定),8,鑑定,942.0,OLD_REALM,2026-08-12
エル・セラの手甲 (未鑑定),0,未鑑定,15.7,OLD_REALM,2026-08-12
エル・セラの手甲 (鑑定),10,鑑定,1256.0,OLD_REALM,2026-08-12
エル・セラの手甲 (鑑定),6,鑑定,314.0,OLD_REALM,2026-08-12
エル・セラの手甲 (鑑定),7,鑑定,510.25,OLD_REALM,2026-08-12
エル・セラの手甲 (鑑定),8,鑑定,397.21,OLD_REALM,2026-08-12
エル・セラの手甲 (鑑定),9,鑑定,744.1800000000001,OLD_REALM,2026-08-12
エル・セラの杖 (未鑑定),0,未鑑定,452.16,OLD_REALM,2026-08-12
エル・セラの杖 (鑑定),0,鑑定,863.5,OLD_REALM,2026-08-12
エル・セラの杖 (鑑定),10,鑑定,2041.0,OLD_REALM,2026-08-12
エル・セラの杖 (鑑定),8,鑑定,1256.0,OLD_REALM,2026-08-12
エル・セラの短剣 (未鑑定),0,未鑑定,588.75,OLD_REALM,2026-08-12
エル・セラの短剣 (鑑定),10,鑑定,3925.0,OLD_REALM,2026-08-12
エル・セラの短剣 (鑑定),12,鑑定,11482.98,OLD_REALM,2026-08-12
エル・セラの短剣 (鑑定),6,鑑定,785.0,OLD_REALM,2026-08-12
エル・セラの短剣 (鑑定),8,鑑定,2041.0,OLD_REALM,2026-08-12
エル・セラの短靴 (鑑定),6,鑑定,337.55,OLD_REALM,2026-08-12
エル・セラの短靴 (鑑定),7,鑑定,383.08,OLD_REALM,2026-08-12
エル・セラの短靴 (鑑定),8,鑑定,626.4300000000001,OLD_REALM,2026-08-12
エル・セラの破壊マント (未鑑定),0,未鑑定,149.15,OLD_REALM,2026-08-12
エル・セラの破壊マント (鑑定),3,鑑定,968.69,OLD_REALM,2026-08-12
エル・セラの破壊マント (鑑定),5,鑑定,1256.0,OLD_REALM,2026-08-12
エル・セラの籠手 (未鑑定),0,未鑑定,138.16,OLD_REALM,2026-08-12
エル・セラの籠手 (鑑定),0,鑑定,226.08,OLD_REALM,2026-08-12
エル・セラの籠手 (鑑定),10,鑑定,2355.0,OLD_REALM,2026-08-12
エル・セラの籠手 (鑑定),11,鑑定,3140.0,OLD_REALM,2026-08-12
エル・セラの籠手 (鑑定),12,鑑定,5625.31,OLD_REALM,2026-08-12
エル・セラの籠手 (鑑定),7,鑑定,471.0,OLD_REALM,2026-08-12
エル・セラの籠手 (鑑定),9,鑑定,1570.0,OLD_REALM,2026-08-12
エル・セラの精霊マント (未鑑定),0,未鑑定,51.81,OLD_REALM,2026-08-12
エル・セラの鎧 (未鑑定),0,未鑑定,23.55,OLD_REALM,2026-08-12
エル・セラの鎧 (鑑定),0,鑑定,78.5,OLD_REALM,2026-08-12
エル・セラの鎧 (鑑定),5,鑑定,25.12,OLD_REALM,2026-08-12
エル・セラの鎧 (鑑定),6,鑑定,102.05,OLD_REALM,2026-08-12
エル・セラの鎧 (鑑定),7,鑑定,235.5,OLD_REALM,2026-08-12
エル・セラの鎧 (鑑定),8,鑑定,314.0,OLD_REALM,2026-08-12
エル・セラの長靴 (未鑑定),0,未鑑定,34.54,OLD_REALM,2026-08-12
エル・セラの長靴 (鑑定),5,鑑定,94.2,OLD_REALM,2026-08-12
エル・セラの長靴 (鑑定),6,鑑定,359.53000000000003,OLD_REALM,2026-08-12
エル・セラの長靴 (鑑定),8,鑑定,511.82,OLD_REALM,2026-08-12
エル・セラの長靴 (鑑定),9,鑑定,706.5,OLD_REALM,2026-08-12
エル・セラの革ズボン (未鑑定),0,未鑑定,21.98,OLD_REALM,2026-08-12
エル・セラの革ズボン (鑑定),6,鑑定,274.75,OLD_REALM,2026-08-12
エル・セラの革ズボン (鑑定),7,鑑定,500.83,OLD_REALM,2026-08-12
エル・セラの革ズボン (鑑定),8,鑑定,626.4300000000001,OLD_REALM,2026-08-12
オペルタのイヤリング,0,なし,1570.0,OLD_REALM,2026-08-12
オペルタのイヤリング,16,なし,3876.33,OLD_REALM,2026-08-12
オペルタのイヤリング,18,なし,7462.21,OLD_REALM,2026-08-12
オペルタのイヤリング,20,なし,32813.0,OLD_REALM,2026-08-12
オペルタのガントレット (未鑑定),0,未鑑定,249.63,OLD_REALM,2026-08-12
オペルタのガントレット (鑑定),0,鑑定,292.02000000000004,OLD_REALM,2026-08-12
オペルタのガントレット (鑑定),5,鑑定,706.5,OLD_REALM,2026-08-12
オペルタのガントレット (鑑定),6,鑑定,549.5,OLD_REALM,2026-08-12
オペルタのガントレット (鑑定),8,鑑定,1334.5,OLD_REALM,2026-08-12
オペルタのグリーヴ (未鑑定),0,未鑑定,175.84,OLD_REALM,2026-08-12
オペルタのグリーヴ (鑑定),0,鑑定,62.8,OLD_REALM,2026-08-12
オペルタのグリーヴ (鑑定),5,鑑定,1099.0,OLD_REALM,2026-08-12
オペルタのグリーヴ (鑑定),6,鑑定,373.66,OLD_REALM,2026-08-12
オペルタのグリーヴ (鑑定),8,鑑定,312.43,OLD_REALM,2026-08-12
オペルタのグローブ (未鑑定),0,未鑑定,361.1,OLD_REALM,2026-08-12
オペルタのグローブ (鑑定),0,鑑定,309.29,OLD_REALM,2026-08-12
オペルタのグローブ (鑑定),6,鑑定,951.42,OLD_REALM,2026-08-12
オペルタのグローブ (鑑定),7,鑑定,3138.43,OLD_REALM,2026-08-12
オペルタのグローブ (鑑定),8,鑑定,1618.67,OLD_REALM,2026-08-12
オペルタのグローブ (鑑定),9,鑑定,5495.0,OLD_REALM,2026-08-12
オペルタのネックレス,0,なし,9420.0,OLD_REALM,2026-08-12
オペルタのネックレス,16,なし,15700.0,OLD_REALM,2026-08-12
オペルタのネックレス,20,なし,72220.0,OLD_REALM,2026-08-12
オペルタのフード (未鑑定),0,未鑑定,376.8,OLD_REALM,2026-08-12
オペルタのフード (鑑定),0,鑑定,416.05,OLD_REALM,2026-08-12
オペルタのフード (鑑定),5,鑑定,4239.0,OLD_REALM,2026-08-12
オペルタのブレスレット,0,なし,1570.0,OLD_REALM,2026-08-12
オペルタのブレスレット,15,なし,2468.04,OLD_REALM,2026-08-12
オペルタのブレスレット,17,なし,3359.8,OLD_REALM,2026-08-12
オペルタのブレスレット,18,なし,5168.4400000000005,OLD_REALM,2026-08-12
オペルタのブレスレット,20,なし,45734.1,OLD_REALM,2026-08-12
オペルタのヘルム (未鑑定),0,未鑑定,109.9,OLD_REALM,2026-08-12
オペルタのヘルム (鑑定),0,鑑定,70.65,OLD_REALM,2026-08-12
オペルタのヘルム (鑑定),5,鑑定,58.09,OLD_REALM,2026-08-12
オペルタのヘルム (鑑定),6,鑑定,314.0,OLD_REALM,2026-08-12
オペルタのヘルム (鑑定),7,鑑定,332.84000000000003,OLD_REALM,2026-08-12
オペルタのヘルム (鑑定),8,鑑定,514.9599999999999,OLD_REALM,2026-08-12
オペルタのベスト (未鑑定),0,未鑑定,577.76,OLD_REALM,2026-08-12
オペルタのベスト (鑑定),0,鑑定,379.94,OLD_REALM,2026-08-12
オペルタのベスト (鑑定),6,鑑定,471.0,OLD_REALM,2026-08-12
オペルタのベスト (鑑定),8,鑑定,3454.0,OLD_REALM,2026-08-12
オペルタのベルト,17,なし,5168.4400000000005,OLD_REALM,2026-08-12
オペルタのベルト,18,なし,6903.29,OLD_REALM,2026-08-12
オペルタのベルト,20,なし,37680.0,OLD_REALM,2026-08-12
オペルタのリング,0,なし,2510.43,OLD_REALM,2026-08-12
オペルタのリング,14,なし,7850.0,OLD_REALM,2026-08-12
オペルタのリング,15,なし,3925.0,OLD_REALM,2026-08-12
オペルタのリング,17,なし,3877.9,OLD_REALM,2026-08-12
オペルタのリング,18,なし,28103.0,OLD_REALM,2026-08-12
オペルタのリング,20,なし,43919.18,OLD_REALM,2026-08-12
オペルタのレガース (未鑑定),0,未鑑定,164.85,OLD_REALM,2026-08-12
オペルタのレガース (鑑定),0,鑑定,628.0,OLD_REALM,2026-08-12
オペルタのレガース (鑑定),5,鑑定,109.9,OLD_REALM,2026-08-12
オペルタのレガース (鑑定),6,鑑定,471.0,OLD_REALM,2026-08-12
オペルタのレガース (鑑定),7,鑑定,508.68,OLD_REALM,2026-08-12
オペルタのレガース (鑑定),8,鑑定,1549.59,OLD_REALM,2026-08-12
オペルタのローブ (未鑑定),0,未鑑定,328.13,OLD_REALM,2026-08-12
オペルタのローブ (鑑定),0,鑑定,345.40000000000003,OLD_REALM,2026-08-12
オペルタのローブ (鑑定),5,鑑定,635.85,OLD_REALM,2026-08-12
オペルタのローブ (鑑定),6,鑑定,397.21,OLD_REALM,2026-08-12
オペルタのローブ (鑑定),7,鑑定,612.3,OLD_REALM,2026-08-12
オペルタのローブ (鑑定),8,鑑定,1099.0,OLD_REALM,2026-08-12
オペルタの剣/盾 (鑑定),10,鑑定,37563.82,OLD_REALM,2026-08-12
オペルタの勇猛マント (未鑑定),0,未鑑定,2245.1,OLD_REALM,2026-08-12
オペルタの勇猛マント (鑑定),0,鑑定,1491.5,OLD_REALM,2026-08-12
オペルタの布ズボン (未鑑定),0,未鑑定,94.2,OLD_REALM,2026-08-12
オペルタの布ズボン (鑑定),0,鑑定,65.94,OLD_REALM,2026-08-12
オペルタの布ズボン (鑑定),5,鑑定,152.29,OLD_REALM,2026-08-12
オペルタの布ズボン (鑑定),6,鑑定,232.36,OLD_REALM,2026-08-12
オペルタの布ズボン (鑑定),7,鑑定,1099.0,OLD_REALM,2026-08-12
オペルタの布ズボン (鑑定),8,鑑定,456.87,OLD_REALM,2026-08-12
オペルタの帽子 (未鑑定),0,未鑑定,157.0,OLD_REALM,2026-08-12
オペルタの帽子 (鑑定),0,鑑定,124.03,OLD_REALM,2026-08-12
オペルタの帽子 (鑑定),5,鑑定,186.83,OLD_REALM,2026-08-12
オペルタの帽子 (鑑定),6,鑑定,188.4,OLD_REALM,2026-08-12
オペルタの帽子 (鑑定),8,鑑定,2669.0,OLD_REALM,2026-08-12
オペルタの帽子 (鑑定),9,鑑定,2041.0,OLD_REALM,2026-08-12
オペルタの弓 (鑑定),10,鑑定,45999.43,OLD_REALM,2026-08-12
オペルタの戦闘マント (未鑑定),0,未鑑定,2808.73,OLD_REALM,2026-08-12
オペルタの手甲 (未鑑定),0,未鑑定,141.3,OLD_REALM,2026-08-12
オペルタの手甲 (鑑定),0,鑑定,152.29,OLD_REALM,2026-08-12
オペルタの手甲 (鑑定),5,鑑定,188.4,OLD_REALM,2026-08-12
オペルタの手甲 (鑑定),6,鑑定,188.4,OLD_REALM,2026-08-12
オペルタの手甲 (鑑定),8,鑑定,1015.79,OLD_REALM,2026-08-12
オペルタの杖 (鑑定),10,鑑定,37680.0,OLD_REALM,2026-08-12
オペルタの短剣 (鑑定),10,鑑定,48670.0,OLD_REALM,2026-08-12
オペルタの短剣 (鑑定),7,鑑定,50240.0,OLD_REALM,2026-08-12
オペルタの短靴 (未鑑定),0,未鑑定,334.41,OLD_REALM,2026-08-12
オペルタの短靴 (鑑定),0,鑑定,178.98,OLD_REALM,2026-08-12
オペルタの短靴 (鑑定),6,鑑定,310.86,OLD_REALM,2026-08-12
オペルタの短靴 (鑑定),7,鑑定,471.0,OLD_REALM,2026-08-12
オペルタの短靴 (鑑定),8,鑑定,471.0,OLD_REALM,2026-08-12
オペルタの破壊マント (未鑑定),0,未鑑定,3061.5,OLD_REALM,2026-08-12
オペルタの精霊マント (未鑑定),0,未鑑定,1570.0,OLD_REALM,2026-08-12
オペルタの精霊マント (鑑定),2,鑑定,1727.0,OLD_REALM,2026-08-12
オペルタの精霊マント (鑑定),3,鑑定,12961.92,OLD_REALM,2026-08-12
オペルタの鎧 (未鑑定),0,未鑑定,186.83,OLD_REALM,2026-08-12
オペルタの鎧 (鑑定),0,鑑定,254.34,OLD_REALM,2026-08-12
オペルタの鎧 (鑑定),5,鑑定,584.0400000000001,OLD_REALM,2026-08-12
オペルタの鎧 (鑑定),6,鑑定,785.0,OLD_REALM,2026-08-12
オペルタの鎧 (鑑定),8,鑑定,1962.5,OLD_REALM,2026-08-12
オペルタの長靴 (未鑑定),0,未鑑定,128.73999999999998,OLD_REALM,2026-08-12
オペルタの長靴 (鑑定),0,鑑定,141.3,OLD_REALM,2026-08-12
オペルタの長靴 (鑑定),10,鑑定,2629.75,OLD_REALM,2026-08-12
オペルタの長靴 (鑑定),5,鑑定,204.1,OLD_REALM,2026-08-12
オペルタの長靴 (鑑定),6,鑑定,188.4,OLD_REALM,2026-08-12
オペルタの長靴 (鑑定),7,鑑定,942.0,OLD_REALM,2026-08-12
オペルタの長靴 (鑑定),8,鑑定,1727.0,OLD_REALM,2026-08-12
オペルタの革ズボン (未鑑定),0,未鑑定,157.0,OLD_REALM,2026-08-12
オペルタの革ズボン (鑑定),0,鑑定,100.48,OLD_REALM,2026-08-12
オペルタの革ズボン (鑑定),5,鑑定,785.0,OLD_REALM,2026-08-12
オペルタの革ズボン (鑑定),6,鑑定,312.43,OLD_REALM,2026-08-12
オペルタの革ズボン (鑑定),8,鑑定,1099.0,OLD_REALM,2026-08-12
カテノニスのサドル,0,なし,1938.95,OLD_REALM,2026-08-12
ガルバのサドル,0,なし,37.68,OLD_REALM,2026-08-12
クランシアのイヤリング,0,なし,39.25,OLD_REALM,2026-08-12
クランシアのイヤリング,14,なし,379.94,OLD_REALM,2026-08-12
クランシアのイヤリング,15,なし,381.5100000000001,OLD_REALM,2026-08-12
クランシアのイヤリング,17,なし,785.0,OLD_REALM,2026-08-12
クランシアのイヤリング,18,なし,774.01,OLD_REALM,2026-08-12
クランシアのガントレット (未鑑定),0,未鑑定,17.27,OLD_REALM,2026-08-12
クランシアのガントレット (鑑定),0,鑑定,15.7,OLD_REALM,2026-08-12
クランシアのガントレット (鑑定),5,鑑定,29.83,OLD_REALM,2026-08-12
クランシアのガントレット (鑑定),6,鑑定,785.0,OLD_REALM,2026-08-12
クランシアのガントレット (鑑定),7,鑑定,54.95,OLD_REALM,2026-08-12
クランシアのガントレット (鑑定),8,鑑定,345.40000000000003,OLD_REALM,2026-08-12
クランシアのガントレット (鑑定),9,鑑定,882.34,OLD_REALM,2026-08-12
クランシアのクロスボウ (未鑑定),0,未鑑定,1256.0,OLD_REALM,2026-08-12
クランシアのネックレス,15,なし,730.0500000000001,OLD_REALM,2026-08-12
クランシアのネックレス,16,なし,910.6,OLD_REALM,2026-08-12
クランシアのネックレス,17,なし,1099.0,OLD_REALM,2026-08-12
クランシアのネックレス,18,なし,942.0,OLD_REALM,2026-08-12
クランシアのフード (未鑑定),0,未鑑定,15.7,OLD_REALM,2026-08-12
クランシアのフード (鑑定),0,鑑定,15.7,OLD_REALM,2026-08-12
クランシアのフード (鑑定),5,鑑定,21.98,OLD_REALM,2026-08-12
クランシアのフード (鑑定),6,鑑定,125.6,OLD_REALM,2026-08-12
クランシアのフード (鑑定),8,鑑定,942.0,OLD_REALM,2026-08-12
クランシアのブレスレット,0,なし,117.75,OLD_REALM,2026-08-12
クランシアのブレスレット,20,なし,7850.0,OLD_REALM,2026-08-12
クランシアのヘルム (未鑑定),0,未鑑定,15.7,OLD_REALM,2026-08-12
クランシアのヘルム (鑑定),0,鑑定,15.7,OLD_REALM,2026-08-12
クランシアのヘルム (鑑定),5,鑑定,29.83,OLD_REALM,2026-08-12
クランシアのヘルム (鑑定),6,鑑定,265.33,OLD_REALM,2026-08-12
クランシアのヘルム (鑑定),7,鑑定,157.0,OLD_REALM,2026-08-12
クランシアのヘルム (鑑定),8,鑑定,353.25,OLD_REALM,2026-08-12
クランシアのベスト (鑑定),6,鑑定,2355.0,OLD_REALM,2026-08-12
クランシアのベルト,0,なし,113.04,OLD_REALM,2026-08-12
クランシアのベルト,12,なし,235.5,OLD_REALM,2026-08-12
クランシアのベルト,14,なし,379.94,OLD_REALM,2026-08-12
クランシアのベルト,3,なし,188.4,OLD_REALM,2026-08-12
クランシアのリング,0,なし,86.35000000000001,OLD_REALM,2026-08-12
クランシアのリング,16,なし,628.0,OLD_REALM,2026-08-12
クランシアのリング,17,なし,489.84,OLD_REALM,2026-08-12
クランシアのリング,19,なし,2355.0,OLD_REALM,2026-08-12
クランシアのローブ (未鑑定),0,未鑑定,488.27,OLD_REALM,2026-08-12
クランシアのローブ (鑑定),6,鑑定,951.42,OLD_REALM,2026-08-12
クランシアのローブ (鑑定),9,鑑定,3454.0,OLD_REALM,2026-08-12
クランシアの剣/盾 (未鑑定),0,未鑑定,741.04,OLD_REALM,2026-08-12
クランシアの剣/盾 (鑑定),0,鑑定,825.8199999999999,OLD_REALM,2026-08-12
クランシアの剣/盾 (鑑定),10,鑑定,4710.0,OLD_REALM,2026-08-12
クランシアの剣/盾 (鑑定),7,鑑定,1099.0,OLD_REALM,2026-08-12
クランシアの剣/盾 (鑑定),8,鑑定,1007.94,OLD_REALM,2026-08-12
クランシアの勇猛マント (未鑑定),0,未鑑定,81.64,OLD_REALM,2026-08-12
クランシアの勇猛マント (鑑定),3,鑑定,204.1,OLD_REALM,2026-08-12
クランシアの大剣 (未鑑定),0,未鑑定,849.37,OLD_REALM,2026-08-12
クランシアの布ズボン (未鑑定),0,未鑑定,510.25,OLD_REALM,2026-08-12
クランシアの布ズボン (鑑定),6,鑑定,1177.5,OLD_REALM,2026-08-12
クランシアの帽子 (未鑑定),0,未鑑定,744.1800000000001,OLD_REALM,2026-08-12
クランシアの帽子 (鑑定),6,鑑定,1430.27,OLD_REALM,2026-08-12
クランシアの弓 (未鑑定),0,未鑑定,1028.35,OLD_REALM,2026-08-12
クランシアの弓 (鑑定),10,鑑定,4553.0,OLD_REALM,2026-08-12
クランシアの弓 (鑑定),12,鑑定,11775.0,OLD_REALM,2026-08-12
クランシアの弓 (鑑定),8,鑑定,1256.0,OLD_REALM,2026-08-12
クランシアの戦棒 (未鑑定),0,未鑑定,1006.37,OLD_REALM,2026-08-12
クランシアの戦棒 (鑑定),7,鑑定,1384.74,OLD_REALM,2026-08-12
クランシアの戦棒 (鑑定),8,鑑定,2826.0,OLD_REALM,2026-08-12
クランシアの戦棒 (鑑定),9,鑑定,2041.0,OLD_REALM,2026-08-12
クランシアの戦闘マント (未鑑定),0,未鑑定,146.01000000000002,OLD_REALM,2026-08-12
クランシアの戦闘盾 (未鑑定),0,未鑑定,659.4,OLD_REALM,2026-08-12
クランシアの戦闘盾 (鑑定),12,鑑定,10205.0,OLD_REALM,2026-08-12
クランシアの戦闘盾 (鑑定),7,鑑定,549.5,OLD_REALM,2026-08-12
クランシアの手甲 (未鑑定),0,未鑑定,15.7,OLD_REALM,2026-08-12
クランシアの手甲 (鑑定),0,鑑定,15.7,OLD_REALM,2026-08-12
クランシアの手甲 (鑑定),5,鑑定,78.5,OLD_REALM,2026-08-12
クランシアの手甲 (鑑定),9,鑑定,1570.0,OLD_REALM,2026-08-12
クランシアの杖 (鑑定),10,鑑定,1794.51,OLD_REALM,2026-08-12
クランシアの短剣 (未鑑定),0,未鑑定,1051.9,OLD_REALM,2026-08-12
クランシアの短剣 (鑑定),0,鑑定,1256.0,OLD_REALM,2026-08-12
クランシアの短剣 (鑑定),8,鑑定,1554.3,OLD_REALM,2026-08-12
クランシアの破壊マント (鑑定),1,鑑定,1560.58,OLD_REALM,2026-08-12
クランシアの破壊マント (鑑定),6,鑑定,2747.5,OLD_REALM,2026-08-12
クランシアの籠手 (未鑑定),0,未鑑定,169.56,OLD_REALM,2026-08-12
クランシアの籠手 (鑑定),0,鑑定,257.48,OLD_REALM,2026-08-12
クランシアの籠手 (鑑定),7,鑑定,516.53,OLD_REALM,2026-08-12
クランシアの籠手 (鑑定),8,鑑定,568.34,OLD_REALM,2026-08-12
クランシアの精霊マント (未鑑定),0,未鑑定,81.64,OLD_REALM,2026-08-12
クランシアの精霊マント (鑑定),0,鑑定,314.0,OLD_REALM,2026-08-12
クランシアの精霊マント (鑑定),3,鑑定,139.73,OLD_REALM,2026-08-12
クランシアの精霊マント (鑑定),5,鑑定,706.5,OLD_REALM,2026-08-12
クランシアの革ズボン (未鑑定),0,未鑑定,560.49,OLD_REALM,2026-08-12
クロスボウ：ハンターの証,0,なし,7504.599999999999,OLD_REALM,2026-08-12
クロスボウ：距離調節,0,なし,15.7,OLD_REALM,2026-08-12
クロスボウ：鋭い矢,0,なし,15.7,OLD_REALM,2026-08-12
グレイシスのサドル,0,なし,541.65,OLD_REALM,2026-08-12
ケルサのサドル,0,なし,42.39,OLD_REALM,2026-08-12
サイド：処刑準備,0,なし,80.07000000000001,OLD_REALM,2026-08-12
サイド：魂の循環,0,なし,128.73999999999998,OLD_REALM,2026-08-12
サイド：魔力反発,0,なし,6892.3,OLD_REALM,2026-08-12
ジュピターのサドル,0,なし,825.8199999999999,OLD_REALM,2026-08-12
セラドのイヤリング,0,なし,37.68,OLD_REALM,2026-08-12
セラドのイヤリング,12,なし,306.15,OLD_REALM,2026-08-12
セラドのイヤリング,15,なし,131.88,OLD_REALM,2026-08-12
セラドのイヤリング,17,なし,345.40000000000003,OLD_REALM,2026-08-12
セラドのイヤリング,18,なし,335.98,OLD_REALM,2026-08-12
セラドのガントレット (未鑑定),0,未鑑定,15.7,OLD_REALM,2026-08-12
セラドのガントレット (鑑定),0,鑑定,15.7,OLD_REALM,2026-08-12
セラドのガントレット (鑑定),10,鑑定,314.0,OLD_REALM,2026-08-12
セラドのガントレット (鑑定),11,鑑定,2009.6,OLD_REALM,2026-08-12
セラドのガントレット (鑑定),5,鑑定,15.7,OLD_REALM,2026-08-12
セラドのガントレット (鑑定),6,鑑定,18.84,OLD_REALM,2026-08-12
セラドのガントレット (鑑定),7,鑑定,62.8,OLD_REALM,2026-08-12
セラドのガントレット (鑑定),8,鑑定,122.46,OLD_REALM,2026-08-12
セラドのガントレット (鑑定),9,鑑定,216.66,OLD_REALM,2026-08-12
セラドのクロスボウ (未鑑定),0,未鑑定,124.03,OLD_REALM,2026-08-12
セラドのクロスボウ (鑑定),0,鑑定,130.31,OLD_REALM,2026-08-12
セラドのクロスボウ (鑑定),10,鑑定,1025.21,OLD_REALM,2026-08-12
セラドのクロスボウ (鑑定),12,鑑定,3824.52,OLD_REALM,2026-08-12
セラドのクロスボウ (鑑定),7,鑑定,103.62,OLD_REALM,2026-08-12
セラドのクロスボウ (鑑定),8,鑑定,785.0,OLD_REALM,2026-08-12
セラドのクロスボウ (鑑定),9,鑑定,471.0,OLD_REALM,2026-08-12
セラドのグリーヴ (未鑑定),0,未鑑定,15.7,OLD_REALM,2026-08-12
セラドのグリーヴ (鑑定),0,鑑定,15.7,OLD_REALM,2026-08-12
セラドのグリーヴ (鑑定),5,鑑定,15.7,OLD_REALM,2026-08-12
セラドのグローブ (未鑑定),0,未鑑定,15.7,OLD_REALM,2026-08-12
セラドのグローブ (鑑定),0,鑑定,15.7,OLD_REALM,2026-08-12
セラドのグローブ (鑑定),10,鑑定,643.6999999999999,OLD_REALM,2026-08-12
セラドのグローブ (鑑定),5,鑑定,15.7,OLD_REALM,2026-08-12
セラドのグローブ (鑑定),6,鑑定,78.5,OLD_REALM,2026-08-12
セラドのグローブ (鑑定),7,鑑定,157.0,OLD_REALM,2026-08-12
セラドのグローブ (鑑定),8,鑑定,282.6,OLD_REALM,2026-08-12
セラドのサイド (未鑑定),0,未鑑定,439.6,OLD_REALM,2026-08-12
セラドのサイド (鑑定),0,鑑定,386.22,OLD_REALM,2026-08-12
セラドのサイド (鑑定),10,鑑定,3140.0,OLD_REALM,2026-08-12
セラドのサイド (鑑定),7,鑑定,863.5,OLD_REALM,2026-08-12
セラドのサイド (鑑定),8,鑑定,1099.0,OLD_REALM,2026-08-12
セラドのサイド (鑑定),9,鑑定,1146.1,OLD_REALM,2026-08-12
セラドのネックレス,0,なし,282.6,OLD_REALM,2026-08-12
セラドのネックレス,12,なし,1570.0,OLD_REALM,2026-08-12
セラドのネックレス,14,なし,775.58,OLD_REALM,2026-08-12
セラドのネックレス,15,なし,364.24,OLD_REALM,2026-08-12
セラドのネックレス,17,なし,626.4300000000001,OLD_REALM,2026-08-12
セラドのネックレス,18,なし,910.6,OLD_REALM,2026-08-12
セラドのネックレス,20,なし,2581.0800000000004,OLD_REALM,2026-08-12
セラドのフード (鑑定),0,鑑定,298.3,OLD_REALM,2026-08-12
セラドのフード (鑑定),11,鑑定,871.35,OLD_REALM,2026-08-12
セラドのフード (鑑定),5,鑑定,128.73999999999998,OLD_REALM,2026-08-12
セラドのブレスレット,0,なし,157.0,OLD_REALM,2026-08-12
セラドのブレスレット,13,なし,471.0,OLD_REALM,2026-08-12
セラドのヘルム (未鑑定),0,未鑑定,15.7,OLD_REALM,2026-08-12
セラドのヘルム (鑑定),0,鑑定,17.27,OLD_REALM,2026-08-12
セラドのヘルム (鑑定),10,鑑定,1033.06,OLD_REALM,2026-08-12
セラドのヘルム (鑑定),5,鑑定,17.27,OLD_REALM,2026-08-12
セラドのヘルム (鑑定),6,鑑定,17.27,OLD_REALM,2026-08-12
セラドのヘルム (鑑定),7,鑑定,157.0,OLD_REALM,2026-08-12
セラドのヘルム (鑑定),8,鑑定,282.6,OLD_REALM,2026-08-12
セラドのヘルム (鑑定),9,鑑定,455.3,OLD_REALM,2026-08-12
セラドのベスト (未鑑定),0,未鑑定,15.7,OLD_REALM,2026-08-12
セラドのベスト (鑑定),0,鑑定,15.7,OLD_REALM,2026-08-12
セラドのベスト (鑑定),5,鑑定,15.7,OLD_REALM,2026-08-12
セラドのベスト (鑑定),6,鑑定,64.36999999999999,OLD_REALM,2026-08-12
セラドのベスト (鑑定),7,鑑定,94.2,OLD_REALM,2026-08-12
セラドのベスト (鑑定),8,鑑定,314.0,OLD_REALM,2026-08-12
セラドのベルト,0,なし,56.52,OLD_REALM,2026-08-12
セラドのベルト,13,なし,172.70000000000002,OLD_REALM,2026-08-12
セラドのベルト,17,なし,785.0,OLD_REALM,2026-08-12
セラドのリング,0,なし,50.24,OLD_REALM,2026-08-12
セラドのリング,10,なし,117.75,OLD_REALM,2026-08-12
セラドのリング,12,なし,157.0,OLD_REALM,2026-08-12
セラドのリング,15,なし,157.0,OLD_REALM,2026-08-12
セラドのレガース (未鑑定),0,未鑑定,15.7,OLD_REALM,2026-08-12
セラドのレガース (鑑定),0,鑑定,15.7,OLD_REALM,2026-08-12
セラドのレガース (鑑定),10,鑑定,516.53,OLD_REALM,2026-08-12
セラドのレガース (鑑定),5,鑑定,15.7,OLD_REALM,2026-08-12
セラドのレガース (鑑定),6,鑑定,25.12,OLD_REALM,2026-08-12
セラドのレガース (鑑定),7,鑑定,62.8,OLD_REALM,2026-08-12
セラドのレガース (鑑定),8,鑑定,175.84,OLD_REALM,2026-08-12
セラドのローブ (未鑑定),0,未鑑定,15.7,OLD_REALM,2026-08-12
セラドのローブ (鑑定),0,鑑定,15.7,OLD_REALM,2026-08-12
セラドのローブ (鑑定),10,鑑定,628.0,OLD_REALM,2026-08-12
セラドのローブ (鑑定),5,鑑定,15.7,OLD_REALM,2026-08-12
セラドのローブ (鑑定),6,鑑定,37.68,OLD_REALM,2026-08-12
セラドのローブ (鑑定),7,鑑定,116.18,OLD_REALM,2026-08-12
セラドのローブ (鑑定),8,鑑定,235.5,OLD_REALM,2026-08-12
セラドの剣/盾 (未鑑定),0,未鑑定,125.6,OLD_REALM,2026-08-12
セラドの剣/盾 (鑑定),0,鑑定,136.59,OLD_REALM,2026-08-12
セラドの剣/盾 (鑑定),10,鑑定,706.5,OLD_REALM,2026-08-12
セラドの剣/盾 (鑑定),12,鑑定,2198.0,OLD_REALM,2026-08-12
セラドの剣/盾 (鑑定),7,鑑定,125.6,OLD_REALM,2026-08-12
セラドの剣/盾 (鑑定),8,鑑定,455.3,OLD_REALM,2026-08-12
セラドの剣/盾 (鑑定),9,鑑定,436.46,OLD_REALM,2026-08-12
セラドの勇猛マント (未鑑定),0,未鑑定,45.53,OLD_REALM,2026-08-12
セラドの勇猛マント (鑑定),0,鑑定,312.43,OLD_REALM,2026-08-12
セラドの勇猛マント (鑑定),2,鑑定,392.5,OLD_REALM,2026-08-12
セラドの勇猛マント (鑑定),5,鑑定,2581.0800000000004,OLD_REALM,2026-08-12
セラドの大剣 (未鑑定),0,未鑑定,84.78,OLD_REALM,2026-08-12
セラドの大剣 (鑑定),0,鑑定,102.05,OLD_REALM,2026-08-12
セラドの大剣 (鑑定),10,鑑定,628.0,OLD_REALM,2026-08-12
セラドの大剣 (鑑定),11,鑑定,1256.0,OLD_REALM,2026-08-12
セラドの大剣 (鑑定),12,鑑定,1422.42,OLD_REALM,2026-08-12
セラドの大剣 (鑑定),13,鑑定,7856.28,OLD_REALM,2026-08-12
セラドの大剣 (鑑定),7,鑑定,141.3,OLD_REALM,2026-08-12
セラドの大剣 (鑑定),8,鑑定,409.77,OLD_REALM,2026-08-12
セラドの大剣 (鑑定),9,鑑定,455.3,OLD_REALM,2026-08-12
セラドの布ズボン (未鑑定),0,未鑑定,15.7,OLD_REALM,2026-08-12
セラドの布ズボン (鑑定),0,鑑定,15.7,OLD_REALM,2026-08-12
セラドの布ズボン (鑑定),10,鑑定,332.84000000000003,OLD_REALM,2026-08-12
セラドの布ズボン (鑑定),11,鑑定,596.6,OLD_REALM,2026-08-12
セラドの布ズボン (鑑定),5,鑑定,15.7,OLD_REALM,2026-08-12
セラドの布ズボン (鑑定),6,鑑定,37.68,OLD_REALM,2026-08-12
セラドの布ズボン (鑑定),7,鑑定,157.0,OLD_REALM,2026-08-12
セラドの布ズボン (鑑定),8,鑑定,232.36,OLD_REALM,2026-08-12
セラドの布ズボン (鑑定),9,鑑定,157.0,OLD_REALM,2026-08-12
セラドの帽子 (未鑑定),0,未鑑定,15.7,OLD_REALM,2026-08-12
セラドの帽子 (鑑定),0,鑑定,15.7,OLD_REALM,2026-08-12
セラドの帽子 (鑑定),10,鑑定,188.4,OLD_REALM,2026-08-12
セラドの帽子 (鑑定),11,鑑定,894.9,OLD_REALM,2026-08-12
セラドの帽子 (鑑定),5,鑑定,15.7,OLD_REALM,2026-08-12
セラドの帽子 (鑑定),6,鑑定,37.68,OLD_REALM,2026-08-12
セラドの帽子 (鑑定),7,鑑定,125.6,OLD_REALM,2026-08-12
セラドの帽子 (鑑定),8,鑑定,314.0,OLD_REALM,2026-08-12
セラドの弓 (未鑑定),0,未鑑定,233.93,OLD_REALM,2026-08-12
セラドの弓 (鑑定),0,鑑定,392.5,OLD_REALM,2026-08-12
セラドの弓 (鑑定),10,鑑定,1020.5,OLD_REALM,2026-08-12
セラドの弓 (鑑定),11,鑑定,5722.650000000001,OLD_REALM,2026-08-12
セラドの弓 (鑑定),12,鑑定,6280.0,OLD_REALM,2026-08-12
セラドの弓 (鑑定),7,鑑定,233.93,OLD_REALM,2026-08-12
セラドの弓 (鑑定),8,鑑定,549.5,OLD_REALM,2026-08-12
セラドの弓 (鑑定),9,鑑定,690.8000000000001,OLD_REALM,2026-08-12
セラドの戦棒 (未鑑定),0,未鑑定,303.01,OLD_REALM,2026-08-12
セラドの戦棒 (鑑定),0,鑑定,392.5,OLD_REALM,2026-08-12
セラドの戦棒 (鑑定),10,鑑定,1171.22,OLD_REALM,2026-08-12
セラドの戦棒 (鑑定),12,鑑定,3140.0,OLD_REALM,2026-08-12
セラドの戦棒 (鑑定),15,鑑定,133450.0,OLD_REALM,2026-08-12
セラドの戦棒 (鑑定),6,鑑定,471.0,OLD_REALM,2026-08-12
セラドの戦棒 (鑑定),7,鑑定,329.7,OLD_REALM,2026-08-12
セラドの戦棒 (鑑定),8,鑑定,1224.6,OLD_REALM,2026-08-12
セラドの戦棒 (鑑定),9,鑑定,1256.0,OLD_REALM,2026-08-12
セラドの戦闘マント (鑑定),5,鑑定,3874.76,OLD_REALM,2026-08-12
セラドの戦闘盾 (未鑑定),0,未鑑定,111.47,OLD_REALM,2026-08-12
セラドの戦闘盾 (鑑定),0,鑑定,263.76,OLD_REALM,2026-08-12
セラドの戦闘盾 (鑑定),10,鑑定,904.32,OLD_REALM,2026-08-12
セラドの戦闘盾 (鑑定),11,鑑定,1727.0,OLD_REALM,2026-08-12
セラドの戦闘盾 (鑑定),12,鑑定,3485.4,OLD_REALM,2026-08-12
セラドの戦闘盾 (鑑定),6,鑑定,785.0,OLD_REALM,2026-08-12
セラドの戦闘盾 (鑑定),7,鑑定,516.53,OLD_REALM,2026-08-12
セラドの戦闘盾 (鑑定),8,鑑定,288.88,OLD_REALM,2026-08-12
セラドの手甲 (未鑑定),0,未鑑定,15.7,OLD_REALM,2026-08-12
セラドの手甲 (鑑定),0,鑑定,17.27,OLD_REALM,2026-08-12
セラドの手甲 (鑑定),10,鑑定,400.35,OLD_REALM,2026-08-12
セラドの手甲 (鑑定),5,鑑定,48.67,OLD_REALM,2026-08-12
セラドの手甲 (鑑定),6,鑑定,45.53,OLD_REALM,2026-08-12
セラドの手甲 (鑑定),7,鑑定,157.0,OLD_REALM,2026-08-12
セラドの手甲 (鑑定),8,鑑定,329.7,OLD_REALM,2026-08-12
セラドの杖 (未鑑定),0,未鑑定,116.18,OLD_REALM,2026-08-12
セラドの杖 (鑑定),0,鑑定,139.73,OLD_REALM,2026-08-12
セラドの杖 (鑑定),10,鑑定,612.3,OLD_REALM,2026-08-12
セラドの杖 (鑑定),12,鑑定,1884.0,OLD_REALM,2026-08-12
セラドの杖 (鑑定),13,鑑定,8635.0,OLD_REALM,2026-08-12
セラドの杖 (鑑定),6,鑑定,136.59,OLD_REALM,2026-08-12
セラドの杖 (鑑定),7,鑑定,138.16,OLD_REALM,2026-08-12
セラドの杖 (鑑定),8,鑑定,394.07,OLD_REALM,2026-08-12
セラドの杖 (鑑定),9,鑑定,769.3000000000001,OLD_REALM,2026-08-12
セラドの短剣 (未鑑定),0,未鑑定,186.83,OLD_REALM,2026-08-12
セラドの短剣 (鑑定),0,鑑定,218.23,OLD_REALM,2026-08-12
セラドの短剣 (鑑定),10,鑑定,863.5,OLD_REALM,2026-08-12
セラドの短剣 (鑑定),11,鑑定,2328.31,OLD_REALM,2026-08-12
セラドの短剣 (鑑定),12,鑑定,2711.39,OLD_REALM,2026-08-12
セラドの短剣 (鑑定),7,鑑定,182.12,OLD_REALM,2026-08-12
セラドの短剣 (鑑定),8,鑑定,634.28,OLD_REALM,2026-08-12
セラドの短靴 (未鑑定),0,未鑑定,15.7,OLD_REALM,2026-08-12
セラドの短靴 (鑑定),0,鑑定,15.7,OLD_REALM,2026-08-12
セラドの短靴 (鑑定),10,鑑定,384.65,OLD_REALM,2026-08-12
セラドの短靴 (鑑定),5,鑑定,15.7,OLD_REALM,2026-08-12
セラドの短靴 (鑑定),6,鑑定,114.61,OLD_REALM,2026-08-12
セラドの短靴 (鑑定),7,鑑定,235.5,OLD_REALM,2026-08-12
セラドの短靴 (鑑定),8,鑑定,345.40000000000003,OLD_REALM,2026-08-12
セラドの短靴 (鑑定),9,鑑定,706.5,OLD_REALM,2026-08-12
セラドの破壊マント (鑑定),0,鑑定,452.16,OLD_REALM,2026-08-12
セラドの籠手 (未鑑定),0,未鑑定,73.78999999999999,OLD_REALM,2026-08-12
セラドの籠手 (鑑定),0,鑑定,70.65,OLD_REALM,2026-08-12
セラドの籠手 (鑑定),10,鑑定,359.53000000000003,OLD_REALM,2026-08-12
セラドの籠手 (鑑定),12,鑑定,1334.5,OLD_REALM,2026-08-12
セラドの籠手 (鑑定),7,鑑定,75.36,OLD_REALM,2026-08-12
セラドの籠手 (鑑定),8,鑑定,257.48,OLD_REALM,2026-08-12
セラドの籠手 (鑑定),9,鑑定,533.8,OLD_REALM,2026-08-12
セラドの精霊マント (未鑑定),0,未鑑定,31.4,OLD_REALM,2026-08-12
セラドの精霊マント (鑑定),2,鑑定,544.7900000000001,OLD_REALM,2026-08-12
セラドの精霊マント (鑑定),6,鑑定,1472.66,OLD_REALM,2026-08-12
セラドの鎧 (未鑑定),0,未鑑定,15.7,OLD_REALM,2026-08-12
セラドの鎧 (鑑定),0,鑑定,15.7,OLD_REALM,2026-08-12
セラドの鎧 (鑑定),5,鑑定,15.7,OLD_REALM,2026-08-12
セラドの鎧 (鑑定),6,鑑定,23.55,OLD_REALM,2026-08-12
セラドの鎧 (鑑定),7,鑑定,78.5,OLD_REALM,2026-08-12
セラドの鎧 (鑑定),8,鑑定,244.92,OLD_REALM,2026-08-12
セラドの長靴 (未鑑定),0,未鑑定,15.7,OLD_REALM,2026-08-12
セラドの長靴 (鑑定),0,鑑定,15.7,OLD_REALM,2026-08-12
セラドの長靴 (鑑定),10,鑑定,425.47,OLD_REALM,2026-08-12
セラドの長靴 (鑑定),11,鑑定,628.0,OLD_REALM,2026-08-12
セラドの長靴 (鑑定),5,鑑定,15.7,OLD_REALM,2026-08-12
セラドの長靴 (鑑定),6,鑑定,18.84,OLD_REALM,2026-08-12
セラドの長靴 (鑑定),7,鑑定,157.0,OLD_REALM,2026-08-12
セラドの長靴 (鑑定),8,鑑定,293.59000000000003,OLD_REALM,2026-08-12
セラドの長靴 (鑑定),9,鑑定,188.4,OLD_REALM,2026-08-12
セラドの革ズボン (未鑑定),0,未鑑定,15.7,OLD_REALM,2026-08-12
セラドの革ズボン (鑑定),0,鑑定,15.7,OLD_REALM,2026-08-12
セラドの革ズボン (鑑定),5,鑑定,15.7,OLD_REALM,2026-08-12
セラドの革ズボン (鑑定),6,鑑定,31.4,OLD_REALM,2026-08-12
セラドの革ズボン (鑑定),7,鑑定,157.0,OLD_REALM,2026-08-12
セラドの革ズボン (鑑定),8,鑑定,125.6,OLD_REALM,2026-08-12
セラドの革ズボン (鑑定),9,鑑定,486.7,OLD_REALM,2026-08-12
セルスのイヤリング,0,なし,1529.18,OLD_REALM,2026-08-12
セルスのイヤリング,10,なし,1993.9,OLD_REALM,2026-08-12
セルスのイヤリング,14,なし,1934.24,OLD_REALM,2026-08-12
セルスのイヤリング,16,なし,7850.0,OLD_REALM,2026-08-12
セルスのガントレット (未鑑定),0,未鑑定,73.78999999999999,OLD_REALM,2026-08-12
セルスのガントレット (鑑定),0,鑑定,59.66,OLD_REALM,2026-08-12
セルスのガントレット (鑑定),10,鑑定,3140.0,OLD_REALM,2026-08-12
セルスのガントレット (鑑定),4,鑑定,188.4,OLD_REALM,2026-08-12
セルスのガントレット (鑑定),5,鑑定,50.24,OLD_REALM,2026-08-12
セルスのガントレット (鑑定),6,鑑定,136.59,OLD_REALM,2026-08-12
セルスのガントレット (鑑定),7,鑑定,271.61,OLD_REALM,2026-08-12
セルスのガントレット (鑑定),8,鑑定,427.04,OLD_REALM,2026-08-12
セルスのガントレット (鑑定),9,鑑定,2141.48,OLD_REALM,2026-08-12
セルスのクロスボウ (鑑定),0,鑑定,23250.13,OLD_REALM,2026-08-12
セルスのクロスボウ (鑑定),10,鑑定,23896.97,OLD_REALM,2026-08-12
セルスのクロスボウ (鑑定),8,鑑定,15762.8,OLD_REALM,2026-08-12
セルスのグリーヴ (未鑑定),0,未鑑定,106.76,OLD_REALM,2026-08-12
セルスのグリーヴ (鑑定),0,鑑定,73.78999999999999,OLD_REALM,2026-08-12
セルスのグリーヴ (鑑定),4,鑑定,962.41,OLD_REALM,2026-08-12
セルスのグリーヴ (鑑定),5,鑑定,204.1,OLD_REALM,2026-08-12
セルスのグリーヴ (鑑定),6,鑑定,188.4,OLD_REALM,2026-08-12
セルスのグリーヴ (鑑定),7,鑑定,392.5,OLD_REALM,2026-08-12
セルスのグリーヴ (鑑定),8,鑑定,309.29,OLD_REALM,2026-08-12
セルスのグリーヴ (鑑定),9,鑑定,1549.59,OLD_REALM,2026-08-12
セルスのグローブ (未鑑定),0,未鑑定,298.3,OLD_REALM,2026-08-12
セルスのグローブ (鑑定),0,鑑定,249.63,OLD_REALM,2026-08-12
セルスのグローブ (鑑定),4,鑑定,471.0,OLD_REALM,2026-08-12
セルスのグローブ (鑑定),5,鑑定,649.9799999999999,OLD_REALM,2026-08-12
セルスのグローブ (鑑定),6,鑑定,361.1,OLD_REALM,2026-08-12
セルスのグローブ (鑑定),7,鑑定,1290.5400000000002,OLD_REALM,2026-08-12
セルスのグローブ (鑑定),8,鑑定,1570.0,OLD_REALM,2026-08-12
セルスのグローブ (鑑定),9,鑑定,4710.0,OLD_REALM,2026-08-12
セルスのサイド (未鑑定),0,未鑑定,65274.32,OLD_REALM,2026-08-12
セルスのサイド (鑑定),10,鑑定,103569.76,OLD_REALM,2026-08-12
セルスのネックレス,12,なし,10676.0,OLD_REALM,2026-08-12
セルスのネックレス,16,なし,31400.0,OLD_REALM,2026-08-12
セルスのネックレス,17,なし,14915.0,OLD_REALM,2026-08-12
セルスのネックレス,20,なし,62800.0,OLD_REALM,2026-08-12
セルスのフード (未鑑定),0,未鑑定,205.67,OLD_REALM,2026-08-12
セルスのフード (鑑定),0,鑑定,114.61,OLD_REALM,2026-08-12
セルスのフード (鑑定),4,鑑定,533.8,OLD_REALM,2026-08-12
セルスのフード (鑑定),5,鑑定,124.03,OLD_REALM,2026-08-12
セルスのフード (鑑定),6,鑑定,1020.5,OLD_REALM,2026-08-12
セルスのフード (鑑定),7,鑑定,620.15,OLD_REALM,2026-08-12
セルスのフード (鑑定),8,鑑定,942.0,OLD_REALM,2026-08-12
セルスのブレスレット,0,なし,1538.6,OLD_REALM,2026-08-12
セルスのブレスレット,12,なし,2215.27,OLD_REALM,2026-08-12
セルスのブレスレット,15,なし,2355.0,OLD_REALM,2026-08-12
セルスのブレスレット,16,なし,3100.75,OLD_REALM,2026-08-12
セルスのブレスレット,18,なし,4391.29,OLD_REALM,2026-08-12
セルスのブレスレット,20,なし,37680.0,OLD_REALM,2026-08-12
セルスのヘルム (未鑑定),0,未鑑定,70.65,OLD_REALM,2026-08-12
セルスのヘルム (鑑定),0,鑑定,50.24,OLD_REALM,2026-08-12
セルスのヘルム (鑑定),10,鑑定,1570.0,OLD_REALM,2026-08-12
セルスのヘルム (鑑定),4,鑑定,246.49,OLD_REALM,2026-08-12
セルスのヘルム (鑑定),5,鑑定,102.05,OLD_REALM,2026-08-12
セルスのヘルム (鑑定),6,鑑定,128.73999999999998,OLD_REALM,2026-08-12
セルスのヘルム (鑑定),7,鑑定,282.6,OLD_REALM,2026-08-12
セルスのヘルム (鑑定),8,鑑定,690.8000000000001,OLD_REALM,2026-08-12
セルスのヘルム (鑑定),9,鑑定,1033.06,OLD_REALM,2026-08-12
セルスのベスト (未鑑定),0,未鑑定,160.14,OLD_REALM,2026-08-12
セルスのベスト (鑑定),0,鑑定,89.49,OLD_REALM,2026-08-12
セルスのベスト (鑑定),5,鑑定,314.0,OLD_REALM,2026-08-12
セルスのベスト (鑑定),6,鑑定,204.1,OLD_REALM,2026-08-12
セルスのベスト (鑑定),7,鑑定,916.88,OLD_REALM,2026-08-12
セルスのベスト (鑑定),8,鑑定,763.0200000000001,OLD_REALM,2026-08-12
セルスのベスト (鑑定),9,鑑定,1397.3,OLD_REALM,2026-08-12
セルスのベルト,0,なし,1695.6,OLD_REALM,2026-08-12
セルスのベルト,15,なし,2961.02,OLD_REALM,2026-08-12
セルスのリング,0,なし,1727.0,OLD_REALM,2026-08-12
セルスのレガース (未鑑定),0,未鑑定,62.8,OLD_REALM,2026-08-12
セルスのレガース (鑑定),0,鑑定,48.67,OLD_REALM,2026-08-12
セルスのレガース (鑑定),11,鑑定,4710.0,OLD_REALM,2026-08-12
セルスのレガース (鑑定),4,鑑定,78.5,OLD_REALM,2026-08-12
セルスのレガース (鑑定),5,鑑定,50.24,OLD_REALM,2026-08-12
セルスのレガース (鑑定),6,鑑定,113.04,OLD_REALM,2026-08-12
セルスのレガース (鑑定),7,鑑定,314.0,OLD_REALM,2026-08-12
セルスのレガース (鑑定),8,鑑定,386.22,OLD_REALM,2026-08-12
セルスのレガース (鑑定),9,鑑定,2584.2200000000003,OLD_REALM,2026-08-12
セルスのローブ (未鑑定),0,未鑑定,114.61,OLD_REALM,2026-08-12
セルスのローブ (鑑定),0,鑑定,100.48,OLD_REALM,2026-08-12
セルスのローブ (鑑定),5,鑑定,124.03,OLD_REALM,2026-08-12
セルスのローブ (鑑定),6,鑑定,235.5,OLD_REALM,2026-08-12
セルスのローブ (鑑定),7,鑑定,549.5,OLD_REALM,2026-08-12
セルスのローブ (鑑定),8,鑑定,1020.5,OLD_REALM,2026-08-12
セルスのローブ (鑑定),9,鑑定,1219.89,OLD_REALM,2026-08-12
セルスの剣/盾 (未鑑定),0,未鑑定,15505.320000000002,OLD_REALM,2026-08-12
セルスの剣/盾 (鑑定),10,鑑定,21428.93,OLD_REALM,2026-08-12
セルスの剣/盾 (鑑定),8,鑑定,10440.5,OLD_REALM,2026-08-12
セルスの剣/盾 (鑑定),9,鑑定,15499.04,OLD_REALM,2026-08-12
セルスの勇猛マント (鑑定),2,鑑定,1552.73,OLD_REALM,2026-08-12
セルスの勇猛マント (鑑定),5,鑑定,32970.0,OLD_REALM,2026-08-12
セルスの大剣 (未鑑定),0,未鑑定,10966.45,OLD_REALM,2026-08-12
セルスの大剣 (鑑定),10,鑑定,14444.0,OLD_REALM,2026-08-12
セルスの大剣 (鑑定),8,鑑定,14257.17,OLD_REALM,2026-08-12
セルスの大剣 (鑑定),9,鑑定,24550.09,OLD_REALM,2026-08-12
セルスの布ズボン (未鑑定),0,未鑑定,69.08,OLD_REALM,2026-08-12
セルスの布ズボン (鑑定),0,鑑定,54.95,OLD_REALM,2026-08-12
セルスの布ズボン (鑑定),10,鑑定,1458.53,OLD_REALM,2026-08-12
セルスの布ズボン (鑑定),4,鑑定,65.94,OLD_REALM,2026-08-12
セルスの布ズボン (鑑定),5,鑑定,50.24,OLD_REALM,2026-08-12
セルスの布ズボン (鑑定),6,鑑定,51.81,OLD_REALM,2026-08-12
セルスの布ズボン (鑑定),7,鑑定,312.43,OLD_REALM,2026-08-12
セルスの布ズボン (鑑定),8,鑑定,314.0,OLD_REALM,2026-08-12
セルスの布ズボン (鑑定),9,鑑定,1256.0,OLD_REALM,2026-08-12
セルスの帽子 (未鑑定),0,未鑑定,83.21000000000001,OLD_REALM,2026-08-12
セルスの帽子 (鑑定),0,鑑定,54.95,OLD_REALM,2026-08-12
セルスの帽子 (鑑定),4,鑑定,218.23,OLD_REALM,2026-08-12
セルスの帽子 (鑑定),5,鑑定,40.82,OLD_REALM,2026-08-12
セルスの帽子 (鑑定),6,鑑定,78.5,OLD_REALM,2026-08-12
セルスの帽子 (鑑定),7,鑑定,219.8,OLD_REALM,2026-08-12
セルスの帽子 (鑑定),8,鑑定,376.8,OLD_REALM,2026-08-12
セルスの帽子 (鑑定),9,鑑定,568.34,OLD_REALM,2026-08-12
セルスの弓 (未鑑定),0,未鑑定,14444.0,OLD_REALM,2026-08-12
セルスの弓 (鑑定),10,鑑定,27134.31,OLD_REALM,2026-08-12
セルスの弓 (鑑定),8,鑑定,12545.87,OLD_REALM,2026-08-12
セルスの弓 (鑑定),9,鑑定,28260.0,OLD_REALM,2026-08-12
セルスの戦棒 (未鑑定),0,未鑑定,17270.0,OLD_REALM,2026-08-12
セルスの戦棒 (鑑定),10,鑑定,23257.98,OLD_REALM,2026-08-12
セルスの戦棒 (鑑定),8,鑑定,15543.0,OLD_REALM,2026-08-12
セルスの戦闘マント (鑑定),0,鑑定,3058.36,OLD_REALM,2026-08-12
セルスの戦闘マント (鑑定),2,鑑定,2986.14,OLD_REALM,2026-08-12
セルスの戦闘盾 (未鑑定),0,未鑑定,10862.83,OLD_REALM,2026-08-12
セルスの戦闘盾 (鑑定),10,鑑定,16711.079999999998,OLD_REALM,2026-08-12
セルスの戦闘盾 (鑑定),8,鑑定,7678.87,OLD_REALM,2026-08-12
セルスの手甲 (未鑑定),0,未鑑定,97.34,OLD_REALM,2026-08-12
セルスの手甲 (鑑定),0,鑑定,48.67,OLD_REALM,2026-08-12
セルスの手甲 (鑑定),10,鑑定,4601.67,OLD_REALM,2026-08-12
セルスの手甲 (鑑定),4,鑑定,645.2700000000001,OLD_REALM,2026-08-12
セルスの手甲 (鑑定),5,鑑定,94.2,OLD_REALM,2026-08-12
セルスの手甲 (鑑定),6,鑑定,78.5,OLD_REALM,2026-08-12
セルスの手甲 (鑑定),7,鑑定,157.0,OLD_REALM,2026-08-12
セルスの手甲 (鑑定),8,鑑定,314.0,OLD_REALM,2026-08-12
セルスの手甲 (鑑定),9,鑑定,628.0,OLD_REALM,2026-08-12
セルスの杖 (鑑定),0,鑑定,21980.0,OLD_REALM,2026-08-12
セルスの杖 (鑑定),10,鑑定,11749.88,OLD_REALM,2026-08-12
セルスの杖 (鑑定),8,鑑定,6458.9800000000005,OLD_REALM,2026-08-12
セルスの杖 (鑑定),9,鑑定,9044.77,OLD_REALM,2026-08-12
セルスの短剣 (鑑定),10,鑑定,20410.0,OLD_REALM,2026-08-12
セルスの短剣 (鑑定),8,鑑定,13244.52,OLD_REALM,2026-08-12
セルスの短剣 (鑑定),9,鑑定,26690.0,OLD_REALM,2026-08-12
セルスの短靴 (未鑑定),0,未鑑定,172.70000000000002,OLD_REALM,2026-08-12
セルスの短靴 (鑑定),0,鑑定,131.88,OLD_REALM,2026-08-12
セルスの短靴 (鑑定),5,鑑定,124.03,OLD_REALM,2026-08-12
セルスの短靴 (鑑定),6,鑑定,157.0,OLD_REALM,2026-08-12
セルスの短靴 (鑑定),7,鑑定,412.91,OLD_REALM,2026-08-12
セルスの短靴 (鑑定),8,鑑定,626.4300000000001,OLD_REALM,2026-08-12
セルスの籠手 (未鑑定),0,未鑑定,3885.75,OLD_REALM,2026-08-12
セルスの籠手 (鑑定),8,鑑定,6729.02,OLD_REALM,2026-08-12
セルスの精霊マント (未鑑定),0,未鑑定,1256.0,OLD_REALM,2026-08-12
セルスの精霊マント (鑑定),6,鑑定,16400.219999999998,OLD_REALM,2026-08-12
セルスの鎧 (未鑑定),0,未鑑定,76.92999999999999,OLD_REALM,2026-08-12
セルスの鎧 (鑑定),0,鑑定,51.81,OLD_REALM,2026-08-12
セルスの鎧 (鑑定),10,鑑定,1727.0,OLD_REALM,2026-08-12
セルスの鎧 (鑑定),4,鑑定,62.8,OLD_REALM,2026-08-12
セルスの鎧 (鑑定),5,鑑定,139.73,OLD_REALM,2026-08-12
セルスの鎧 (鑑定),6,鑑定,127.17,OLD_REALM,2026-08-12
セルスの鎧 (鑑定),7,鑑定,284.17,OLD_REALM,2026-08-12
セルスの鎧 (鑑定),8,鑑定,596.6,OLD_REALM,2026-08-12
セルスの鎧 (鑑定),9,鑑定,863.5,OLD_REALM,2026-08-12
セルスの長靴 (未鑑定),0,未鑑定,108.33,OLD_REALM,2026-08-12
セルスの長靴 (鑑定),0,鑑定,48.67,OLD_REALM,2026-08-12
セルスの長靴 (鑑定),10,鑑定,2198.0,OLD_REALM,2026-08-12
セルスの長靴 (鑑定),5,鑑定,64.36999999999999,OLD_REALM,2026-08-12
セルスの長靴 (鑑定),6,鑑定,153.86,OLD_REALM,2026-08-12
セルスの長靴 (鑑定),7,鑑定,233.93,OLD_REALM,2026-08-12
セルスの長靴 (鑑定),8,鑑定,384.65,OLD_REALM,2026-08-12
セルスの長靴 (鑑定),9,鑑定,384.65,OLD_REALM,2026-08-12
セルスの革ズボン (未鑑定),0,未鑑定,114.61,OLD_REALM,2026-08-12
セルスの革ズボン (鑑定),0,鑑定,84.78,OLD_REALM,2026-08-12
セルスの革ズボン (鑑定),5,鑑定,218.23,OLD_REALM,2026-08-12
セルスの革ズボン (鑑定),6,鑑定,157.0,OLD_REALM,2026-08-12
セルスの革ズボン (鑑定),7,鑑定,715.92,OLD_REALM,2026-08-12
セルスの革ズボン (鑑定),8,鑑定,475.71,OLD_REALM,2026-08-12
セルスの革ズボン (鑑定),9,鑑定,1020.5,OLD_REALM,2026-08-12
セルビスのイヤリング,0,なし,45.53,OLD_REALM,2026-08-12
セルビスのイヤリング,1,なし,149.15,OLD_REALM,2026-08-12
セルビスのイヤリング,10,なし,254.34,OLD_REALM,2026-08-12
セルビスのイヤリング,12,なし,141.3,OLD_REALM,2026-08-12
セルビスのイヤリング,13,なし,157.0,OLD_REALM,2026-08-12
セルビスのイヤリング,15,なし,155.43,OLD_REALM,2026-08-12
セルビスのイヤリング,16,なし,268.47,OLD_REALM,2026-08-12
セルビスのイヤリング,2,なし,2565.38,OLD_REALM,2026-08-12
セルビスのイヤリング,5,なし,180.55,OLD_REALM,2026-08-12
セルビスのガントレット (未鑑定),0,未鑑定,15.7,OLD_REALM,2026-08-12
セルビスのガントレット (鑑定),0,鑑定,15.7,OLD_REALM,2026-08-12
セルビスのガントレット (鑑定),10,鑑定,516.53,OLD_REALM,2026-08-12
セルビスのガントレット (鑑定),12,鑑定,4840.31,OLD_REALM,2026-08-12
セルビスのガントレット (鑑定),5,鑑定,15.7,OLD_REALM,2026-08-12
セルビスのガントレット (鑑定),6,鑑定,37.68,OLD_REALM,2026-08-12
セルビスのガントレット (鑑定),7,鑑定,227.65,OLD_REALM,2026-08-12
セルビスのガントレット (鑑定),8,鑑定,157.0,OLD_REALM,2026-08-12
セルビスのガントレット (鑑定),9,鑑定,301.44,OLD_REALM,2026-08-12
セルビスのクロスボウ (未鑑定),0,未鑑定,1177.5,OLD_REALM,2026-08-12
セルビスのクロスボウ (鑑定),12,鑑定,2716.1,OLD_REALM,2026-08-12
セルビスのクロスボウ (鑑定),6,鑑定,1020.5,OLD_REALM,2026-08-12
セルビスのクロスボウ (鑑定),7,鑑定,952.99,OLD_REALM,2026-08-12
セルビスのクロスボウ (鑑定),8,鑑定,1097.43,OLD_REALM,2026-08-12
セルビスのグリーヴ (鑑定),0,鑑定,28.26,OLD_REALM,2026-08-12
セルビスのグリーヴ (鑑定),5,鑑定,127.17,OLD_REALM,2026-08-12
セルビスのグリーヴ (鑑定),6,鑑定,314.0,OLD_REALM,2026-08-12
セルビスのグリーヴ (鑑定),8,鑑定,172.70000000000002,OLD_REALM,2026-08-12
セルビスのグリーヴ (鑑定),9,鑑定,430.18,OLD_REALM,2026-08-12
セルビスのグローブ (未鑑定),0,未鑑定,76.92999999999999,OLD_REALM,2026-08-12
セルビスのグローブ (鑑定),0,鑑定,138.16,OLD_REALM,2026-08-12
セルビスのグローブ (鑑定),10,鑑定,314.0,OLD_REALM,2026-08-12
セルビスのグローブ (鑑定),5,鑑定,138.16,OLD_REALM,2026-08-12
セルビスのグローブ (鑑定),6,鑑定,157.0,OLD_REALM,2026-08-12
セルビスのグローブ (鑑定),8,鑑定,251.2,OLD_REALM,2026-08-12
セルビスのサイド (未鑑定),0,未鑑定,642.13,OLD_REALM,2026-08-12
セルビスのサイド (鑑定),0,鑑定,942.0,OLD_REALM,2026-08-12
セルビスのサイド (鑑定),10,鑑定,4761.81,OLD_REALM,2026-08-12
セルビスのサイド (鑑定),11,鑑定,7856.28,OLD_REALM,2026-08-12
セルビスのサイド (鑑定),12,鑑定,7222.0,OLD_REALM,2026-08-12
セルビスのサイド (鑑定),7,鑑定,5174.72,OLD_REALM,2026-08-12
セルビスのサイド (鑑定),8,鑑定,1334.5,OLD_REALM,2026-08-12
セルビスのサイド (鑑定),9,鑑定,2826.0,OLD_REALM,2026-08-12
セルビスのネックレス,0,なし,138.16,OLD_REALM,2026-08-12
セルビスのネックレス,12,なし,314.0,OLD_REALM,2026-08-12
セルビスのネックレス,13,なし,942.0,OLD_REALM,2026-08-12
セルビスのネックレス,14,なし,392.5,OLD_REALM,2026-08-12
セルビスのネックレス,15,なし,431.75,OLD_REALM,2026-08-12
セルビスのネックレス,16,なし,1146.1,OLD_REALM,2026-08-12
セルビスのネックレス,18,なし,706.5,OLD_REALM,2026-08-12
セルビスのネックレス,19,なし,1554.3,OLD_REALM,2026-08-12
セルビスのネックレス,20,なし,2119.5,OLD_REALM,2026-08-12
セルビスのフード (未鑑定),0,未鑑定,15.7,OLD_REALM,2026-08-12
セルビスのフード (鑑定),0,鑑定,43.96,OLD_REALM,2026-08-12
セルビスのフード (鑑定),5,鑑定,128.73999999999998,OLD_REALM,2026-08-12
セルビスのフード (鑑定),6,鑑定,257.48,OLD_REALM,2026-08-12
セルビスのフード (鑑定),7,鑑定,310.86,OLD_REALM,2026-08-12
セルビスのフード (鑑定),8,鑑定,620.15,OLD_REALM,2026-08-12
セルビスのブレスレット,0,なし,43.96,OLD_REALM,2026-08-12
セルビスのヘルム (未鑑定),0,未鑑定,15.7,OLD_REALM,2026-08-12
セルビスのヘルム (鑑定),0,鑑定,15.7,OLD_REALM,2026-08-12
セルビスのヘルム (鑑定),10,鑑定,549.5,OLD_REALM,2026-08-12
セルビスのヘルム (鑑定),4,鑑定,25.12,OLD_REALM,2026-08-12
セルビスのヘルム (鑑定),5,鑑定,15.7,OLD_REALM,2026-08-12
セルビスのヘルム (鑑定),6,鑑定,78.5,OLD_REALM,2026-08-12
セルビスのヘルム (鑑定),8,鑑定,188.4,OLD_REALM,2026-08-12
セルビスのヘルム (鑑定),9,鑑定,471.0,OLD_REALM,2026-08-12
セルビスのベスト (未鑑定),0,未鑑定,15.7,OLD_REALM,2026-08-12
セルビスのベスト (鑑定),0,鑑定,15.7,OLD_REALM,2026-08-12
セルビスのベスト (鑑定),10,鑑定,628.0,OLD_REALM,2026-08-12
セルビスのベスト (鑑定),5,鑑定,21.98,OLD_REALM,2026-08-12
セルビスのベスト (鑑定),6,鑑定,83.21000000000001,OLD_REALM,2026-08-12
セルビスのベスト (鑑定),8,鑑定,163.28,OLD_REALM,2026-08-12
セルビスのベルト,0,なし,39.25,OLD_REALM,2026-08-12
セルビスのリング,0,なし,45.53,OLD_REALM,2026-08-12
セルビスのリング,12,なし,282.6,OLD_REALM,2026-08-12
セルビスのリング,15,なし,785.0,OLD_REALM,2026-08-12
セルビスのリング,17,なし,244.92,OLD_REALM,2026-08-12
セルビスのレガース (未鑑定),0,未鑑定,43.96,OLD_REALM,2026-08-12
セルビスのレガース (鑑定),5,鑑定,157.0,OLD_REALM,2026-08-12
セルビスのレガース (鑑定),7,鑑定,469.43,OLD_REALM,2026-08-12
セルビスのレガース (鑑定),8,鑑定,638.99,OLD_REALM,2026-08-12
セルビスのローブ (未鑑定),0,未鑑定,15.7,OLD_REALM,2026-08-12
セルビスのローブ (鑑定),0,鑑定,15.7,OLD_REALM,2026-08-12
セルビスのローブ (鑑定),10,鑑定,555.78,OLD_REALM,2026-08-12
セルビスのローブ (鑑定),5,鑑定,25.12,OLD_REALM,2026-08-12
セルビスのローブ (鑑定),6,鑑定,109.9,OLD_REALM,2026-08-12
セルビスのローブ (鑑定),7,鑑定,157.0,OLD_REALM,2026-08-12
セルビスのローブ (鑑定),8,鑑定,188.4,OLD_REALM,2026-08-12
セルビスのローブ (鑑定),9,鑑定,412.91,OLD_REALM,2026-08-12
セルビスの剣/盾 (未鑑定),0,未鑑定,342.26000000000005,OLD_REALM,2026-08-12
セルビスの剣/盾 (鑑定),10,鑑定,2315.75,OLD_REALM,2026-08-12
セルビスの剣/盾 (鑑定),11,鑑定,2370.7,OLD_REALM,2026-08-12
セルビスの剣/盾 (鑑定),12,鑑定,7749.519999999999,OLD_REALM,2026-08-12
セルビスの剣/盾 (鑑定),8,鑑定,1334.5,OLD_REALM,2026-08-12
セルビスの剣/盾 (鑑定),9,鑑定,785.0,OLD_REALM,2026-08-12
セルビスの勇猛マント (未鑑定),0,未鑑定,29.83,OLD_REALM,2026-08-12
セルビスの勇猛マント (鑑定),0,鑑定,43.96,OLD_REALM,2026-08-12
セルビスの勇猛マント (鑑定),1,鑑定,282.6,OLD_REALM,2026-08-12
セルビスの勇猛マント (鑑定),3,鑑定,84.78,OLD_REALM,2026-08-12
セルビスの勇猛マント (鑑定),5,鑑定,401.92,OLD_REALM,2026-08-12
セルビスの勇猛マント (鑑定),6,鑑定,2198.0,OLD_REALM,2026-08-12
セルビスの大剣 (未鑑定),0,未鑑定,171.13000000000002,OLD_REALM,2026-08-12
セルビスの大剣 (鑑定),0,鑑定,706.5,OLD_REALM,2026-08-12
セルビスの大剣 (鑑定),10,鑑定,1164.94,OLD_REALM,2026-08-12
セルビスの大剣 (鑑定),11,鑑定,3815.1,OLD_REALM,2026-08-12
セルビスの大剣 (鑑定),13,鑑定,8721.35,OLD_REALM,2026-08-12
セルビスの大剣 (鑑定),6,鑑定,502.4,OLD_REALM,2026-08-12
セルビスの大剣 (鑑定),7,鑑定,315.57,OLD_REALM,2026-08-12
セルビスの大剣 (鑑定),8,鑑定,783.4300000000001,OLD_REALM,2026-08-12
セルビスの布ズボン (未鑑定),0,未鑑定,15.7,OLD_REALM,2026-08-12
セルビスの布ズボン (鑑定),0,鑑定,31.4,OLD_REALM,2026-08-12
セルビスの布ズボン (鑑定),10,鑑定,471.0,OLD_REALM,2026-08-12
セルビスの布ズボン (鑑定),5,鑑定,127.17,OLD_REALM,2026-08-12
セルビスの布ズボン (鑑定),6,鑑定,157.0,OLD_REALM,2026-08-12
セルビスの布ズボン (鑑定),7,鑑定,310.86,OLD_REALM,2026-08-12
セルビスの布ズボン (鑑定),8,鑑定,547.9300000000001,OLD_REALM,2026-08-12
セルビスの帽子 (未鑑定),0,未鑑定,15.7,OLD_REALM,2026-08-12
セルビスの帽子 (鑑定),0,鑑定,15.7,OLD_REALM,2026-08-12
セルビスの帽子 (鑑定),5,鑑定,15.7,OLD_REALM,2026-08-12
セルビスの帽子 (鑑定),6,鑑定,25.12,OLD_REALM,2026-08-12
セルビスの帽子 (鑑定),8,鑑定,266.9,OLD_REALM,2026-08-12
セルビスの帽子 (鑑定),9,鑑定,332.84000000000003,OLD_REALM,2026-08-12
セルビスの弓 (未鑑定),0,未鑑定,293.59000000000003,OLD_REALM,2026-08-12
セルビスの弓 (鑑定),0,鑑定,1007.94,OLD_REALM,2026-08-12
セルビスの弓 (鑑定),10,鑑定,1006.37,OLD_REALM,2026-08-12
セルビスの弓 (鑑定),12,鑑定,4341.05,OLD_REALM,2026-08-12
セルビスの弓 (鑑定),13,鑑定,8688.380000000001,OLD_REALM,2026-08-12
セルビスの弓 (鑑定),7,鑑定,383.08,OLD_REALM,2026-08-12
セルビスの弓 (鑑定),8,鑑定,513.39,OLD_REALM,2026-08-12
セルビスの戦棒 (未鑑定),0,未鑑定,324.98999999999995,OLD_REALM,2026-08-12
セルビスの戦棒 (鑑定),10,鑑定,1292.11,OLD_REALM,2026-08-12
セルビスの戦棒 (鑑定),7,鑑定,1570.0,OLD_REALM,2026-08-12
セルビスの戦棒 (鑑定),8,鑑定,942.0,OLD_REALM,2026-08-12
セルビスの戦闘マント (未鑑定),0,未鑑定,59.66,OLD_REALM,2026-08-12
セルビスの戦闘マント (鑑定),0,鑑定,45.53,OLD_REALM,2026-08-12
セルビスの戦闘マント (鑑定),2,鑑定,235.5,OLD_REALM,2026-08-12
セルビスの戦闘マント (鑑定),3,鑑定,141.3,OLD_REALM,2026-08-12
セルビスの戦闘マント (鑑定),4,鑑定,785.0,OLD_REALM,2026-08-12
セルビスの戦闘マント (鑑定),5,鑑定,401.92,OLD_REALM,2026-08-12
セルビスの戦闘マント (鑑定),6,鑑定,2355.0,OLD_REALM,2026-08-12
セルビスの戦闘盾 (未鑑定),0,未鑑定,109.9,OLD_REALM,2026-08-12
セルビスの戦闘盾 (鑑定),0,鑑定,157.0,OLD_REALM,2026-08-12
セルビスの戦闘盾 (鑑定),10,鑑定,1067.6,OLD_REALM,2026-08-12
セルビスの戦闘盾 (鑑定),12,鑑定,5179.43,OLD_REALM,2026-08-12
セルビスの戦闘盾 (鑑定),7,鑑定,279.46,OLD_REALM,2026-08-12
セルビスの戦闘盾 (鑑定),8,鑑定,431.75,OLD_REALM,2026-08-12
セルビスの戦闘盾 (鑑定),9,鑑定,518.1,OLD_REALM,2026-08-12
セルビスの手甲 (未鑑定),0,未鑑定,237.07,OLD_REALM,2026-08-12
セルビスの手甲 (鑑定),0,鑑定,389.36,OLD_REALM,2026-08-12
セルビスの手甲 (鑑定),8,鑑定,389.36,OLD_REALM,2026-08-12
セルビスの手甲 (鑑定),9,鑑定,783.4300000000001,OLD_REALM,2026-08-12
セルビスの杖 (未鑑定),0,未鑑定,172.70000000000002,OLD_REALM,2026-08-12
セルビスの杖 (鑑定),0,鑑定,596.6,OLD_REALM,2026-08-12
セルビスの杖 (鑑定),10,鑑定,926.3,OLD_REALM,2026-08-12
セルビスの杖 (鑑定),11,鑑定,2844.84,OLD_REALM,2026-08-12
セルビスの杖 (鑑定),12,鑑定,3408.4700000000003,OLD_REALM,2026-08-12
セルビスの杖 (鑑定),13,鑑定,7536.0,OLD_REALM,2026-08-12
セルビスの杖 (鑑定),7,鑑定,172.70000000000002,OLD_REALM,2026-08-12
セルビスの杖 (鑑定),8,鑑定,596.6,OLD_REALM,2026-08-12
セルビスの杖 (鑑定),9,鑑定,1097.43,OLD_REALM,2026-08-12
セルビスの短剣 (未鑑定),0,未鑑定,270.04,OLD_REALM,2026-08-12
セルビスの短剣 (鑑定),0,鑑定,489.84,OLD_REALM,2026-08-12
セルビスの短剣 (鑑定),10,鑑定,2199.57,OLD_REALM,2026-08-12
セルビスの短剣 (鑑定),12,鑑定,2512.0,OLD_REALM,2026-08-12
セルビスの短剣 (鑑定),7,鑑定,1570.0,OLD_REALM,2026-08-12
セルビスの短剣 (鑑定),8,鑑定,516.53,OLD_REALM,2026-08-12
セルビスの短靴 (未鑑定),0,未鑑定,15.7,OLD_REALM,2026-08-12
セルビスの短靴 (鑑定),0,鑑定,15.7,OLD_REALM,2026-08-12
セルビスの短靴 (鑑定),10,鑑定,628.0,OLD_REALM,2026-08-12
セルビスの短靴 (鑑定),11,鑑定,1099.0,OLD_REALM,2026-08-12
セルビスの短靴 (鑑定),5,鑑定,15.7,OLD_REALM,2026-08-12
セルビスの短靴 (鑑定),6,鑑定,78.5,OLD_REALM,2026-08-12
セルビスの短靴 (鑑定),8,鑑定,345.40000000000003,OLD_REALM,2026-08-12
セルビスの短靴 (鑑定),9,鑑定,392.5,OLD_REALM,2026-08-12
セルビスの破壊マント (未鑑定),0,未鑑定,29.83,OLD_REALM,2026-08-12
セルビスの破壊マント (鑑定),0,鑑定,37.68,OLD_REALM,2026-08-12
セルビスの破壊マント (鑑定),1,鑑定,202.53,OLD_REALM,2026-08-12
セルビスの破壊マント (鑑定),3,鑑定,141.3,OLD_REALM,2026-08-12
セルビスの破壊マント (鑑定),4,鑑定,307.72,OLD_REALM,2026-08-12
セルビスの破壊マント (鑑定),5,鑑定,284.17,OLD_REALM,2026-08-12
セルビスの破壊マント (鑑定),6,鑑定,1265.42,OLD_REALM,2026-08-12
セルビスの籠手 (未鑑定),0,未鑑定,197.82,OLD_REALM,2026-08-12
セルビスの籠手 (鑑定),0,鑑定,282.6,OLD_REALM,2026-08-12
セルビスの籠手 (鑑定),10,鑑定,1099.0,OLD_REALM,2026-08-12
セルビスの籠手 (鑑定),7,鑑定,281.03000000000003,OLD_REALM,2026-08-12
セルビスの籠手 (鑑定),8,鑑定,645.2700000000001,OLD_REALM,2026-08-12
セルビスの精霊マント (未鑑定),0,未鑑定,28.26,OLD_REALM,2026-08-12
セルビスの精霊マント (鑑定),0,鑑定,31.4,OLD_REALM,2026-08-12
セルビスの精霊マント (鑑定),1,鑑定,255.91,OLD_REALM,2026-08-12
セルビスの精霊マント (鑑定),2,鑑定,257.48,OLD_REALM,2026-08-12
セルビスの精霊マント (鑑定),3,鑑定,205.67,OLD_REALM,2026-08-12
セルビスの精霊マント (鑑定),4,鑑定,166.42000000000002,OLD_REALM,2026-08-12
セルビスの精霊マント (鑑定),5,鑑定,279.46,OLD_REALM,2026-08-12
セルビスの精霊マント (鑑定),6,鑑定,1570.0,OLD_REALM,2026-08-12
セルビスの鎧 (未鑑定),0,未鑑定,15.7,OLD_REALM,2026-08-12
セルビスの鎧 (鑑定),0,鑑定,15.7,OLD_REALM,2026-08-12
セルビスの鎧 (鑑定),12,鑑定,1549.59,OLD_REALM,2026-08-12
セルビスの鎧 (鑑定),5,鑑定,15.7,OLD_REALM,2026-08-12
セルビスの鎧 (鑑定),6,鑑定,78.5,OLD_REALM,2026-08-12
セルビスの鎧 (鑑定),8,鑑定,109.9,OLD_REALM,2026-08-12
セルビスの鎧 (鑑定),9,鑑定,392.5,OLD_REALM,2026-08-12
セルビスの長靴 (未鑑定),0,未鑑定,15.7,OLD_REALM,2026-08-12
セルビスの長靴 (鑑定),0,鑑定,45.53,OLD_REALM,2026-08-12
セルビスの長靴 (鑑定),5,鑑定,84.78,OLD_REALM,2026-08-12
セルビスの長靴 (鑑定),6,鑑定,42.39,OLD_REALM,2026-08-12
セルビスの長靴 (鑑定),7,鑑定,282.6,OLD_REALM,2026-08-12
セルビスの長靴 (鑑定),8,鑑定,469.43,OLD_REALM,2026-08-12
セルビスの革ズボン (未鑑定),0,未鑑定,15.7,OLD_REALM,2026-08-12
セルビスの革ズボン (鑑定),0,鑑定,15.7,OLD_REALM,2026-08-12
セルビスの革ズボン (鑑定),10,鑑定,314.0,OLD_REALM,2026-08-12
セルビスの革ズボン (鑑定),5,鑑定,62.8,OLD_REALM,2026-08-12
セルビスの革ズボン (鑑定),6,鑑定,157.0,OLD_REALM,2026-08-12
セルビスの革ズボン (鑑定),7,鑑定,266.9,OLD_REALM,2026-08-12
セルビスの革ズボン (鑑定),8,鑑定,471.0,OLD_REALM,2026-08-12
ソムニウムのサドル,0,なし,2950.03,OLD_REALM,2026-08-12
テレノスのガントレット (未鑑定),0,未鑑定,11775.0,OLD_REALM,2026-08-12
テレノスのガントレット (鑑定),0,鑑定,12560.0,OLD_REALM,2026-08-12
テレノスのクロスボウ (鑑定),10,鑑定,1413000.0,OLD_REALM,2026-08-12
テレノスのグリーヴ (未鑑定),0,未鑑定,11618.0,OLD_REALM,2026-08-12
テレノスのグローブ (未鑑定),0,未鑑定,47100.0,OLD_REALM,2026-08-12
テレノスのフード (未鑑定),0,未鑑定,27176.7,OLD_REALM,2026-08-12
テレノスのフード (鑑定),7,鑑定,77652.2,OLD_REALM,2026-08-12
テレノスのレガース (鑑定),6,鑑定,15700.0,OLD_REALM,2026-08-12
テレノスのローブ (未鑑定),0,未鑑定,39250.0,OLD_REALM,2026-08-12
テレノスの剣/盾 (鑑定),10,鑑定,911149.5,OLD_REALM,2026-08-12
テレノスの勇猛マント (未鑑定),0,未鑑定,26660.17,OLD_REALM,2026-08-12
テレノスの大剣 (未鑑定),0,未鑑定,517683.95,OLD_REALM,2026-08-12
テレノスの戦闘マント (鑑定),2,鑑定,13715.52,OLD_REALM,2026-08-12
テレノスの戦闘盾 (未鑑定),0,未鑑定,203943.0,OLD_REALM,2026-08-12
テレノスの短靴 (鑑定),8,鑑定,164850.0,OLD_REALM,2026-08-12
テレノスの籠手 (未鑑定),0,未鑑定,314000.0,OLD_REALM,2026-08-12
テレノスの精霊マント (未鑑定),0,未鑑定,17270.0,OLD_REALM,2026-08-12
テレノスの精霊マント (鑑定),3,鑑定,23251.7,OLD_REALM,2026-08-12
テレノスの鎧 (未鑑定),0,未鑑定,12522.320000000002,OLD_REALM,2026-08-12
テレノスの長靴 (未鑑定),0,未鑑定,37523.0,OLD_REALM,2026-08-12
テレノスの長靴 (鑑定),8,鑑定,72639.19,OLD_REALM,2026-08-12
テレノスの革ズボン (未鑑定),0,未鑑定,28260.0,OLD_REALM,2026-08-12
テレノスの革ズボン (鑑定),8,鑑定,72639.19,OLD_REALM,2026-08-12
デルフォンのサドル,0,なし,806.9799999999999,OLD_REALM,2026-08-12
ドラカスのサドル,0,なし,28.26,OLD_REALM,2026-08-12
ネドラのネックレス,16,なし,8721.35,OLD_REALM,2026-08-12
バフォンのサドル,0,なし,1329.7900000000002,OLD_REALM,2026-08-12
パルトのリング,0,なし,328.13,OLD_REALM,2026-08-12
ブルカヌスのサドル,0,なし,2117.93,OLD_REALM,2026-08-12
ペルトロフのサドル,0,なし,197.82,OLD_REALM,2026-08-12
ペルノクスのイヤリング,0,なし,1491.5,OLD_REALM,2026-08-12
ペルノクスのイヤリング,13,なし,6280.0,OLD_REALM,2026-08-12
ペルノクスのイヤリング,16,なし,2669.0,OLD_REALM,2026-08-12
ペルノクスのイヤリング,17,なし,5972.28,OLD_REALM,2026-08-12
ペルノクスのイヤリング,18,なし,3876.33,OLD_REALM,2026-08-12
ペルノクスのイヤリング,20,なし,54165.0,OLD_REALM,2026-08-12
ペルノクスのガントレット (未鑑定),0,未鑑定,155.43,OLD_REALM,2026-08-12
ペルノクスのガントレット (鑑定),0,鑑定,188.4,OLD_REALM,2026-08-12
ペルノクスのガントレット (鑑定),5,鑑定,785.0,OLD_REALM,2026-08-12
ペルノクスのガントレット (鑑定),7,鑑定,292.02000000000004,OLD_REALM,2026-08-12
ペルノクスのガントレット (鑑定),9,鑑定,1570.0,OLD_REALM,2026-08-12
ペルノクスのクロスボウ (鑑定),10,鑑定,35953.0,OLD_REALM,2026-08-12
ペルノクスのグリーヴ (未鑑定),0,未鑑定,169.56,OLD_REALM,2026-08-12
ペルノクスのグリーヴ (鑑定),0,鑑定,813.26,OLD_REALM,2026-08-12
ペルノクスのグローブ (未鑑定),0,未鑑定,628.0,OLD_REALM,2026-08-12
ペルノクスのグローブ (鑑定),0,鑑定,314.0,OLD_REALM,2026-08-12
ペルノクスのグローブ (鑑定),4,鑑定,312.43,OLD_REALM,2026-08-12
ペルノクスのグローブ (鑑定),6,鑑定,525.95,OLD_REALM,2026-08-12
ペルノクスのネックレス,0,なし,10990.0,OLD_REALM,2026-08-12
ペルノクスのネックレス,18,なし,23890.69,OLD_REALM,2026-08-12
ペルノクスのフード (未鑑定),0,未鑑定,514.9599999999999,OLD_REALM,2026-08-12
ペルノクスのフード (鑑定),0,鑑定,471.0,OLD_REALM,2026-08-12
ペルノクスのフード (鑑定),7,鑑定,1138.25,OLD_REALM,2026-08-12
ペルノクスのブレスレット,0,なし,1570.0,OLD_REALM,2026-08-12
ペルノクスのブレスレット,14,なし,6367.92,OLD_REALM,2026-08-12
ペルノクスのブレスレット,16,なし,2970.44,OLD_REALM,2026-08-12
ペルノクスのブレスレット,18,なし,6437.0,OLD_REALM,2026-08-12
ペルノクスのヘルム (未鑑定),0,未鑑定,116.18,OLD_REALM,2026-08-12
ペルノクスのヘルム (鑑定),0,鑑定,114.61,OLD_REALM,2026-08-12
ペルノクスのヘルム (鑑定),10,鑑定,2276.5,OLD_REALM,2026-08-12
ペルノクスのヘルム (鑑定),6,鑑定,314.0,OLD_REALM,2026-08-12
ペルノクスのベスト (未鑑定),0,未鑑定,438.03,OLD_REALM,2026-08-12
ペルノクスのベスト (鑑定),0,鑑定,562.0600000000001,OLD_REALM,2026-08-12
ペルノクスのベルト,15,なし,3100.75,OLD_REALM,2026-08-12
ペルノクスのベルト,16,なし,11690.22,OLD_REALM,2026-08-12
ペルノクスのベルト,17,なし,8645.99,OLD_REALM,2026-08-12
ペルノクスのベルト,18,なし,10285.070000000002,OLD_REALM,2026-08-12
ペルノクスのベルト,4,なし,4815.1900000000005,OLD_REALM,2026-08-12
ペルノクスのリング,20,なし,47100.0,OLD_REALM,2026-08-12
ペルノクスのレガース (未鑑定),0,未鑑定,328.13,OLD_REALM,2026-08-12
ペルノクスのレガース (鑑定),10,鑑定,2069.26,OLD_REALM,2026-08-12
ペルノクスのレガース (鑑定),6,鑑定,229.22,OLD_REALM,2026-08-12
ペルノクスのローブ (未鑑定),0,未鑑定,208.81,OLD_REALM,2026-08-12
ペルノクスのローブ (鑑定),0,鑑定,188.4,OLD_REALM,2026-08-12
ペルノクスのローブ (鑑定),6,鑑定,942.0,OLD_REALM,2026-08-12
ペルノクスの勇猛マント (未鑑定),0,未鑑定,2274.93,OLD_REALM,2026-08-12
ペルノクスの布ズボン (未鑑定),0,未鑑定,255.91,OLD_REALM,2026-08-12
ペルノクスの布ズボン (鑑定),6,鑑定,408.2,OLD_REALM,2026-08-12
ペルノクスの帽子 (未鑑定),0,未鑑定,277.89,OLD_REALM,2026-08-12
ペルノクスの帽子 (鑑定),0,鑑定,314.0,OLD_REALM,2026-08-12
ペルノクスの帽子 (鑑定),5,鑑定,910.6,OLD_REALM,2026-08-12
ペルノクスの帽子 (鑑定),6,鑑定,282.6,OLD_REALM,2026-08-12
ペルノクスの帽子 (鑑定),8,鑑定,2826.0,OLD_REALM,2026-08-12
ペルノクスの戦棒 (鑑定),10,鑑定,46315.0,OLD_REALM,2026-08-12
ペルノクスの戦棒 (鑑定),8,鑑定,90449.27,OLD_REALM,2026-08-12
ペルノクスの戦闘マント (鑑定),0,鑑定,1551.16,OLD_REALM,2026-08-12
ペルノクスの戦闘マント (鑑定),3,鑑定,4710.0,OLD_REALM,2026-08-12
ペルノクスの戦闘マント (鑑定),4,鑑定,8164.0,OLD_REALM,2026-08-12
ペルノクスの戦闘盾 (未鑑定),0,未鑑定,16601.18,OLD_REALM,2026-08-12
ペルノクスの戦闘盾 (鑑定),10,鑑定,23550.0,OLD_REALM,2026-08-12
ペルノクスの手甲 (未鑑定),0,未鑑定,157.0,OLD_REALM,2026-08-12
ペルノクスの手甲 (鑑定),5,鑑定,314.0,OLD_REALM,2026-08-12
ペルノクスの手甲 (鑑定),7,鑑定,703.36,OLD_REALM,2026-08-12
ペルノクスの短剣 (鑑定),10,鑑定,39250.0,OLD_REALM,2026-08-12
ペルノクスの短靴 (未鑑定),0,未鑑定,298.3,OLD_REALM,2026-08-12
ペルノクスの破壊マント (未鑑定),0,未鑑定,2826.0,OLD_REALM,2026-08-12
ペルノクスの破壊マント (鑑定),4,鑑定,15930.79,OLD_REALM,2026-08-12
ペルノクスの籠手 (鑑定),8,鑑定,5966.0,OLD_REALM,2026-08-12
ペルノクスの精霊マント (未鑑定),0,未鑑定,1570.0,OLD_REALM,2026-08-12
ペルノクスの精霊マント (鑑定),4,鑑定,7619.21,OLD_REALM,2026-08-12
ペルノクスの鎧 (未鑑定),0,未鑑定,312.43,OLD_REALM,2026-08-12
ペルノクスの鎧 (鑑定),6,鑑定,764.59,OLD_REALM,2026-08-12
ペルノクスの長靴 (未鑑定),0,未鑑定,152.29,OLD_REALM,2026-08-12
ペルノクスの長靴 (鑑定),0,鑑定,125.6,OLD_REALM,2026-08-12
ペルノクスの長靴 (鑑定),8,鑑定,2669.0,OLD_REALM,2026-08-12
ペルノクスの革ズボン (未鑑定),0,未鑑定,200.96,OLD_REALM,2026-08-12
ペルノクスの革ズボン (鑑定),0,鑑定,314.0,OLD_REALM,2026-08-12
ペルノクスの革ズボン (鑑定),6,鑑定,910.6,OLD_REALM,2026-08-12
ラバトニスのサドル,0,なし,373.66,OLD_REALM,2026-08-12
ランフォンのサドル,0,なし,171.13000000000002,OLD_REALM,2026-08-12
リバティのサドル,0,なし,89.49,OLD_REALM,2026-08-12
レア装飾品強化箱(100個),0,なし,15.7,OLD_REALM,2026-08-12
レプティリスのサドル,0,なし,1061.32,OLD_REALM,2026-08-12
光の戦闘馬のサドル,0,なし,26.69,OLD_REALM,2026-08-12
剣と盾：戦場の先駆者,0,なし,2979.86,OLD_REALM,2026-08-12
剣と盾：機会捕捉,0,なし,15.7,OLD_REALM,2026-08-12
剣と盾：防御修練,0,なし,155.43,OLD_REALM,2026-08-12
大剣：極限の力,0,なし,122.46,OLD_REALM,2026-08-12
大剣：狂戦士の誇り,0,なし,2182.3,OLD_REALM,2026-08-12
大剣：鋭い剣,0,なし,15.7,OLD_REALM,2026-08-12
審判の水晶球 (未鑑定),0,未鑑定,6280.0,OLD_REALM,2026-08-12
審判の水晶球 (鑑定),0,鑑定,3140.0,OLD_REALM,2026-08-12
審判の水晶球 (鑑定),10,鑑定,7850.0,OLD_REALM,2026-08-12
審判の水晶球 (鑑定),7,鑑定,2488.45,OLD_REALM,2026-08-12
審判の王しゃく (鑑定),0,鑑定,3140.0,OLD_REALM,2026-08-12
審判の王しゃく (鑑定),8,鑑定,2198.0,OLD_REALM,2026-08-12
審判の聖杯 (未鑑定),0,未鑑定,6280.0,OLD_REALM,2026-08-12
審判の聖杯 (鑑定),0,鑑定,2826.0,OLD_REALM,2026-08-12
審判の聖杯 (鑑定),7,鑑定,2826.0,OLD_REALM,2026-08-12
審判の聖杯 (鑑定),8,鑑定,2480.6,OLD_REALM,2026-08-12
弓：品質の良い矢,0,なし,61.23,OLD_REALM,2026-08-12
弓：完璧な狙撃手,0,なし,7030.46,OLD_REALM,2026-08-12
弓：標的照準,0,なし,146.01000000000002,OLD_REALM,2026-08-12
戦棒：均衡,0,なし,15.7,OLD_REALM,2026-08-12
戦棒：軽やかな身のこなし,0,なし,155.43,OLD_REALM,2026-08-12
戦棒：魔法武術の境地,0,なし,16824.12,OLD_REALM,2026-08-12
戦闘盾：光の守護者,0,なし,2983.0,OLD_REALM,2026-08-12
戦闘盾：堅固な鎧,0,なし,15.7,OLD_REALM,2026-08-12
戦闘盾：忍耐力,0,なし,54.95,OLD_REALM,2026-08-12
手懐けられたモネタ狼のサドル,0,なし,86.35000000000001,OLD_REALM,2026-08-12
杖：元素覚醒,0,なし,2433.5,OLD_REALM,2026-08-12
杖：魔力無視,0,なし,15.7,OLD_REALM,2026-08-12
杖：黒オール,0,なし,15.7,OLD_REALM,2026-08-12
武装したバイランの軍馬のサドル,0,なし,36.11,OLD_REALM,2026-08-12
流浪狼のサドル,0,なし,18.84,OLD_REALM,2026-08-12
灰色の夜明けのイヤリング,0,なし,64.36999999999999,OLD_REALM,2026-08-12
灰色の夜明けのイヤリング,1,なし,1884.0,OLD_REALM,2026-08-12
灰色の夜明けのイヤリング,10,なし,117.75,OLD_REALM,2026-08-12
灰色の夜明けのイヤリング,12,なし,471.0,OLD_REALM,2026-08-12
灰色の夜明けのガントレット (未鑑定),0,未鑑定,15.7,OLD_REALM,2026-08-12
灰色の夜明けのガントレット (鑑定),0,鑑定,15.7,OLD_REALM,2026-08-12
灰色の夜明けのガントレット (鑑定),10,鑑定,186.83,OLD_REALM,2026-08-12
灰色の夜明けのガントレット (鑑定),5,鑑定,15.7,OLD_REALM,2026-08-12
灰色の夜明けのガントレット (鑑定),6,鑑定,45.53,OLD_REALM,2026-08-12
灰色の夜明けのガントレット (鑑定),7,鑑定,50.24,OLD_REALM,2026-08-12
灰色の夜明けのガントレット (鑑定),8,鑑定,172.70000000000002,OLD_REALM,2026-08-12
灰色の夜明けのガントレット (鑑定),9,鑑定,381.5100000000001,OLD_REALM,2026-08-12
灰色の夜明けのクロスボウ (未鑑定),0,未鑑定,157.0,OLD_REALM,2026-08-12
灰色の夜明けのクロスボウ (鑑定),0,鑑定,139.73,OLD_REALM,2026-08-12
灰色の夜明けのクロスボウ (鑑定),10,鑑定,546.36,OLD_REALM,2026-08-12
灰色の夜明けのクロスボウ (鑑定),11,鑑定,5022.429999999999,OLD_REALM,2026-08-12
灰色の夜明けのクロスボウ (鑑定),12,鑑定,2904.5,OLD_REALM,2026-08-12
灰色の夜明けのクロスボウ (鑑定),6,鑑定,259.05,OLD_REALM,2026-08-12
灰色の夜明けのクロスボウ (鑑定),7,鑑定,189.97,OLD_REALM,2026-08-12
灰色の夜明けのクロスボウ (鑑定),8,鑑定,309.29,OLD_REALM,2026-08-12
灰色の夜明けのクロスボウ (鑑定),9,鑑定,284.17,OLD_REALM,2026-08-12
灰色の夜明けのグリーヴ (未鑑定),0,未鑑定,15.7,OLD_REALM,2026-08-12
灰色の夜明けのグリーヴ (鑑定),0,鑑定,34.54,OLD_REALM,2026-08-12
灰色の夜明けのグリーヴ (鑑定),4,鑑定,54.95,OLD_REALM,2026-08-12
灰色の夜明けのグリーヴ (鑑定),5,鑑定,39.25,OLD_REALM,2026-08-12
灰色の夜明けのグリーヴ (鑑定),6,鑑定,34.54,OLD_REALM,2026-08-12
灰色の夜明けのグリーヴ (鑑定),7,鑑定,194.68,OLD_REALM,2026-08-12
灰色の夜明けのグリーヴ (鑑定),8,鑑定,235.5,OLD_REALM,2026-08-12
灰色の夜明けのグローブ (未鑑定),0,未鑑定,15.7,OLD_REALM,2026-08-12
灰色の夜明けのグローブ (鑑定),0,鑑定,15.7,OLD_REALM,2026-08-12
灰色の夜明けのグローブ (鑑定),10,鑑定,309.29,OLD_REALM,2026-08-12
灰色の夜明けのグローブ (鑑定),5,鑑定,155.43,OLD_REALM,2026-08-12
灰色の夜明けのグローブ (鑑定),6,鑑定,25.12,OLD_REALM,2026-08-12
灰色の夜明けのグローブ (鑑定),7,鑑定,78.5,OLD_REALM,2026-08-12
灰色の夜明けのグローブ (鑑定),8,鑑定,266.9,OLD_REALM,2026-08-12
灰色の夜明けのグローブ (鑑定),9,鑑定,282.6,OLD_REALM,2026-08-12
灰色の夜明けのサイド (未鑑定),0,未鑑定,841.5200000000001,OLD_REALM,2026-08-12
灰色の夜明けのサイド (鑑定),0,鑑定,832.1,OLD_REALM,2026-08-12
灰色の夜明けのサイド (鑑定),10,鑑定,5024.0,OLD_REALM,2026-08-12
灰色の夜明けのサイド (鑑定),6,鑑定,931.01,OLD_REALM,2026-08-12
灰色の夜明けのサイド (鑑定),7,鑑定,1309.38,OLD_REALM,2026-08-12
灰色の夜明けのサイド (鑑定),8,鑑定,1185.35,OLD_REALM,2026-08-12
灰色の夜明けのサイド (鑑定),9,鑑定,2669.0,OLD_REALM,2026-08-12
灰色の夜明けのネックレス,0,なし,155.43,OLD_REALM,2026-08-12
灰色の夜明けのネックレス,13,なし,431.75,OLD_REALM,2026-08-12
灰色の夜明けのネックレス,16,なし,450.59,OLD_REALM,2026-08-12
灰色の夜明けのネックレス,17,なし,775.58,OLD_REALM,2026-08-12
灰色の夜明けのネックレス,18,なし,711.21,OLD_REALM,2026-08-12
灰色の夜明けのネックレス,20,なし,5089.9400000000005,OLD_REALM,2026-08-12
灰色の夜明けのフード (未鑑定),0,未鑑定,120.89,OLD_REALM,2026-08-12
灰色の夜明けのフード (鑑定),0,鑑定,15.7,OLD_REALM,2026-08-12
灰色の夜明けのフード (鑑定),10,鑑定,706.5,OLD_REALM,2026-08-12
灰色の夜明けのフード (鑑定),5,鑑定,23.55,OLD_REALM,2026-08-12
灰色の夜明けのフード (鑑定),6,鑑定,157.0,OLD_REALM,2026-08-12
灰色の夜明けのフード (鑑定),7,鑑定,471.0,OLD_REALM,2026-08-12
灰色の夜明けのフード (鑑定),9,鑑定,405.06,OLD_REALM,2026-08-12
灰色の夜明けのブレスレット,0,なし,39.25,OLD_REALM,2026-08-12
灰色の夜明けのブレスレット,12,なし,282.6,OLD_REALM,2026-08-12
灰色の夜明けのブレスレット,14,なし,471.0,OLD_REALM,2026-08-12
灰色の夜明けのブレスレット,15,なし,224.51,OLD_REALM,2026-08-12
灰色の夜明けのブレスレット,16,なし,257.48,OLD_REALM,2026-08-12
灰色の夜明けのブレスレット,17,なし,471.0,OLD_REALM,2026-08-12
灰色の夜明けのブレスレット,18,なし,722.1999999999999,OLD_REALM,2026-08-12
灰色の夜明けのブレスレット,8,なし,117.75,OLD_REALM,2026-08-12
灰色の夜明けのブレスレット,9,なし,193.11,OLD_REALM,2026-08-12
灰色の夜明けのヘルム (未鑑定),0,未鑑定,50.24,OLD_REALM,2026-08-12
灰色の夜明けのヘルム (鑑定),0,鑑定,15.7,OLD_REALM,2026-08-12
灰色の夜明けのヘルム (鑑定),10,鑑定,704.9300000000001,OLD_REALM,2026-08-12
灰色の夜明けのヘルム (鑑定),5,鑑定,73.78999999999999,OLD_REALM,2026-08-12
灰色の夜明けのヘルム (鑑定),6,鑑定,157.0,OLD_REALM,2026-08-12
灰色の夜明けのヘルム (鑑定),8,鑑定,293.59000000000003,OLD_REALM,2026-08-12
灰色の夜明けのベスト (未鑑定),0,未鑑定,15.7,OLD_REALM,2026-08-12
灰色の夜明けのベスト (鑑定),0,鑑定,15.7,OLD_REALM,2026-08-12
灰色の夜明けのベスト (鑑定),11,鑑定,1570.0,OLD_REALM,2026-08-12
灰色の夜明けのベスト (鑑定),5,鑑定,235.5,OLD_REALM,2026-08-12
灰色の夜明けのベスト (鑑定),6,鑑定,47.1,OLD_REALM,2026-08-12
灰色の夜明けのベスト (鑑定),8,鑑定,204.1,OLD_REALM,2026-08-12
灰色の夜明けのベスト (鑑定),9,鑑定,365.81,OLD_REALM,2026-08-12
灰色の夜明けのベルト,0,なし,45.53,OLD_REALM,2026-08-12
灰色の夜明けのベルト,12,なし,471.0,OLD_REALM,2026-08-12
灰色の夜明けのベルト,14,なし,235.5,OLD_REALM,2026-08-12
灰色の夜明けのベルト,15,なし,255.91,OLD_REALM,2026-08-12
灰色の夜明けのベルト,16,なし,254.34,OLD_REALM,2026-08-12
灰色の夜明けのベルト,17,なし,865.0699999999999,OLD_REALM,2026-08-12
灰色の夜明けのベルト,2,なし,2565.38,OLD_REALM,2026-08-12
灰色の夜明けのベルト,3,なし,64.36999999999999,OLD_REALM,2026-08-12
灰色の夜明けのリング,0,なし,39.25,OLD_REALM,2026-08-12
灰色の夜明けのリング,14,なし,186.83,OLD_REALM,2026-08-12
灰色の夜明けのリング,15,なし,157.0,OLD_REALM,2026-08-12
灰色の夜明けのリング,17,なし,282.6,OLD_REALM,2026-08-12
灰色の夜明けのリング,20,なし,4377.16,OLD_REALM,2026-08-12
灰色の夜明けのリング,8,なし,304.58,OLD_REALM,2026-08-12
灰色の夜明けのレガース (未鑑定),0,未鑑定,15.7,OLD_REALM,2026-08-12
灰色の夜明けのレガース (鑑定),0,鑑定,15.7,OLD_REALM,2026-08-12
灰色の夜明けのレガース (鑑定),5,鑑定,15.7,OLD_REALM,2026-08-12
灰色の夜明けのレガース (鑑定),6,鑑定,15.7,OLD_REALM,2026-08-12
灰色の夜明けのレガース (鑑定),7,鑑定,78.5,OLD_REALM,2026-08-12
灰色の夜明けのレガース (鑑定),8,鑑定,109.9,OLD_REALM,2026-08-12
灰色の夜明けのレガース (鑑定),9,鑑定,469.43,OLD_REALM,2026-08-12
灰色の夜明けのローブ (未鑑定),0,未鑑定,15.7,OLD_REALM,2026-08-12
灰色の夜明けのローブ (鑑定),0,鑑定,15.7,OLD_REALM,2026-08-12
灰色の夜明けのローブ (鑑定),1,鑑定,50.24,OLD_REALM,2026-08-12
灰色の夜明けのローブ (鑑定),5,鑑定,15.7,OLD_REALM,2026-08-12
灰色の夜明けのローブ (鑑定),6,鑑定,75.36,OLD_REALM,2026-08-12
灰色の夜明けのローブ (鑑定),7,鑑定,78.5,OLD_REALM,2026-08-12
灰色の夜明けのローブ (鑑定),8,鑑定,237.07,OLD_REALM,2026-08-12
灰色の夜明けのローブ (鑑定),9,鑑定,401.92,OLD_REALM,2026-08-12
灰色の夜明けの剣/盾 (未鑑定),0,未鑑定,224.51,OLD_REALM,2026-08-12
灰色の夜明けの剣/盾 (鑑定),0,鑑定,169.56,OLD_REALM,2026-08-12
灰色の夜明けの剣/盾 (鑑定),10,鑑定,617.01,OLD_REALM,2026-08-12
灰色の夜明けの剣/盾 (鑑定),12,鑑定,4710.0,OLD_REALM,2026-08-12
灰色の夜明けの剣/盾 (鑑定),6,鑑定,752.03,OLD_REALM,2026-08-12
灰色の夜明けの剣/盾 (鑑定),7,鑑定,172.70000000000002,OLD_REALM,2026-08-12
灰色の夜明けの剣/盾 (鑑定),8,鑑定,513.39,OLD_REALM,2026-08-12
灰色の夜明けの剣/盾 (鑑定),9,鑑定,1099.0,OLD_REALM,2026-08-12
灰色の夜明けの勇猛マント (未鑑定),0,未鑑定,31.4,OLD_REALM,2026-08-12
灰色の夜明けの勇猛マント (鑑定),0,鑑定,31.4,OLD_REALM,2026-08-12
灰色の夜明けの勇猛マント (鑑定),1,鑑定,76.92999999999999,OLD_REALM,2026-08-12
灰色の夜明けの勇猛マント (鑑定),2,鑑定,218.23,OLD_REALM,2026-08-12
灰色の夜明けの勇猛マント (鑑定),3,鑑定,50.24,OLD_REALM,2026-08-12
灰色の夜明けの勇猛マント (鑑定),4,鑑定,257.48,OLD_REALM,2026-08-12
灰色の夜明けの勇猛マント (鑑定),5,鑑定,513.39,OLD_REALM,2026-08-12
灰色の夜明けの勇猛マント (鑑定),6,鑑定,1099.0,OLD_REALM,2026-08-12
灰色の夜明けの勇猛マント (鑑定),7,鑑定,4396.0,OLD_REALM,2026-08-12
灰色の夜明けの大剣 (未鑑定),0,未鑑定,178.98,OLD_REALM,2026-08-12
灰色の夜明けの大剣 (鑑定),0,鑑定,235.5,OLD_REALM,2026-08-12
灰色の夜明けの大剣 (鑑定),10,鑑定,1293.68,OLD_REALM,2026-08-12
灰色の夜明けの大剣 (鑑定),7,鑑定,774.01,OLD_REALM,2026-08-12
灰色の夜明けの大剣 (鑑定),8,鑑定,516.53,OLD_REALM,2026-08-12
灰色の夜明けの布ズボン (未鑑定),0,未鑑定,15.7,OLD_REALM,2026-08-12
灰色の夜明けの布ズボン (鑑定),0,鑑定,15.7,OLD_REALM,2026-08-12
灰色の夜明けの布ズボン (鑑定),10,鑑定,458.44,OLD_REALM,2026-08-12
灰色の夜明けの布ズボン (鑑定),5,鑑定,15.7,OLD_REALM,2026-08-12
灰色の夜明けの布ズボン (鑑定),6,鑑定,54.95,OLD_REALM,2026-08-12
灰色の夜明けの布ズボン (鑑定),7,鑑定,78.5,OLD_REALM,2026-08-12
灰色の夜明けの布ズボン (鑑定),8,鑑定,343.83,OLD_REALM,2026-08-12
灰色の夜明けの布ズボン (鑑定),9,鑑定,549.5,OLD_REALM,2026-08-12
灰色の夜明けの帽子 (未鑑定),0,未鑑定,15.7,OLD_REALM,2026-08-12
灰色の夜明けの帽子 (鑑定),0,鑑定,15.7,OLD_REALM,2026-08-12
灰色の夜明けの帽子 (鑑定),10,鑑定,785.0,OLD_REALM,2026-08-12
灰色の夜明けの帽子 (鑑定),4,鑑定,18.84,OLD_REALM,2026-08-12
灰色の夜明けの帽子 (鑑定),5,鑑定,257.48,OLD_REALM,2026-08-12
灰色の夜明けの帽子 (鑑定),6,鑑定,114.61,OLD_REALM,2026-08-12
灰色の夜明けの帽子 (鑑定),7,鑑定,157.0,OLD_REALM,2026-08-12
灰色の夜明けの帽子 (鑑定),8,鑑定,536.9399999999999,OLD_REALM,2026-08-12
灰色の夜明けの帽子 (鑑定),9,鑑定,296.73,OLD_REALM,2026-08-12
灰色の夜明けの弓 (未鑑定),0,未鑑定,326.56,OLD_REALM,2026-08-12
灰色の夜明けの弓 (鑑定),0,鑑定,596.6,OLD_REALM,2026-08-12
灰色の夜明けの弓 (鑑定),10,鑑定,1727.0,OLD_REALM,2026-08-12
灰色の夜明けの弓 (鑑定),7,鑑定,295.16,OLD_REALM,2026-08-12
灰色の夜明けの弓 (鑑定),8,鑑定,392.5,OLD_REALM,2026-08-12
灰色の夜明けの弓 (鑑定),9,鑑定,1177.5,OLD_REALM,2026-08-12
灰色の夜明けの戦棒 (未鑑定),0,未鑑定,348.54,OLD_REALM,2026-08-12
灰色の夜明けの戦棒 (鑑定),0,鑑定,546.36,OLD_REALM,2026-08-12
灰色の夜明けの戦棒 (鑑定),10,鑑定,1552.73,OLD_REALM,2026-08-12
灰色の夜明けの戦棒 (鑑定),12,鑑定,5171.58,OLD_REALM,2026-08-12
灰色の夜明けの戦棒 (鑑定),7,鑑定,549.5,OLD_REALM,2026-08-12
灰色の夜明けの戦棒 (鑑定),8,鑑定,549.5,OLD_REALM,2026-08-12
灰色の夜明けの戦棒 (鑑定),9,鑑定,949.85,OLD_REALM,2026-08-12
灰色の夜明けの戦闘マント (未鑑定),0,未鑑定,62.8,OLD_REALM,2026-08-12
灰色の夜明けの戦闘マント (鑑定),0,鑑定,78.5,OLD_REALM,2026-08-12
灰色の夜明けの戦闘マント (鑑定),1,鑑定,78.5,OLD_REALM,2026-08-12
灰色の夜明けの戦闘マント (鑑定),2,鑑定,128.73999999999998,OLD_REALM,2026-08-12
灰色の夜明けの戦闘マント (鑑定),3,鑑定,211.95,OLD_REALM,2026-08-12
灰色の夜明けの戦闘マント (鑑定),4,鑑定,298.3,OLD_REALM,2026-08-12
灰色の夜明けの戦闘マント (鑑定),5,鑑定,563.63,OLD_REALM,2026-08-12
灰色の夜明けの戦闘マント (鑑定),7,鑑定,2041.0,OLD_REALM,2026-08-12
灰色の夜明けの戦闘盾 (未鑑定),0,未鑑定,204.1,OLD_REALM,2026-08-12
灰色の夜明けの戦闘盾 (鑑定),0,鑑定,314.0,OLD_REALM,2026-08-12
灰色の夜明けの戦闘盾 (鑑定),10,鑑定,942.0,OLD_REALM,2026-08-12
灰色の夜明けの戦闘盾 (鑑定),12,鑑定,3140.0,OLD_REALM,2026-08-12
灰色の夜明けの戦闘盾 (鑑定),7,鑑定,314.0,OLD_REALM,2026-08-12
灰色の夜明けの戦闘盾 (鑑定),8,鑑定,571.48,OLD_REALM,2026-08-12
灰色の夜明けの戦闘盾 (鑑定),9,鑑定,628.0,OLD_REALM,2026-08-12
灰色の夜明けの手甲 (未鑑定),0,未鑑定,15.7,OLD_REALM,2026-08-12
灰色の夜明けの手甲 (鑑定),0,鑑定,15.7,OLD_REALM,2026-08-12
灰色の夜明けの手甲 (鑑定),10,鑑定,596.6,OLD_REALM,2026-08-12
灰色の夜明けの手甲 (鑑定),11,鑑定,2355.0,OLD_REALM,2026-08-12
灰色の夜明けの手甲 (鑑定),5,鑑定,15.7,OLD_REALM,2026-08-12
灰色の夜明けの手甲 (鑑定),6,鑑定,39.25,OLD_REALM,2026-08-12
灰色の夜明けの手甲 (鑑定),7,鑑定,50.24,OLD_REALM,2026-08-12
灰色の夜明けの手甲 (鑑定),8,鑑定,76.92999999999999,OLD_REALM,2026-08-12
灰色の夜明けの手甲 (鑑定),9,鑑定,117.75,OLD_REALM,2026-08-12
灰色の夜明けの杖 (未鑑定),0,未鑑定,193.11,OLD_REALM,2026-08-12
灰色の夜明けの杖 (鑑定),0,鑑定,216.66,OLD_REALM,2026-08-12
灰色の夜明けの杖 (鑑定),10,鑑定,706.5,OLD_REALM,2026-08-12
灰色の夜明けの杖 (鑑定),11,鑑定,1546.45,OLD_REALM,2026-08-12
灰色の夜明けの杖 (鑑定),12,鑑定,2712.96,OLD_REALM,2026-08-12
灰色の夜明けの杖 (鑑定),7,鑑定,218.23,OLD_REALM,2026-08-12
灰色の夜明けの杖 (鑑定),8,鑑定,516.53,OLD_REALM,2026-08-12
灰色の夜明けの杖 (鑑定),9,鑑定,1161.8,OLD_REALM,2026-08-12
灰色の夜明けの短剣 (未鑑定),0,未鑑定,215.09,OLD_REALM,2026-08-12
灰色の夜明けの短剣 (鑑定),0,鑑定,235.5,OLD_REALM,2026-08-12
灰色の夜明けの短剣 (鑑定),10,鑑定,1538.6,OLD_REALM,2026-08-12
灰色の夜明けの短剣 (鑑定),11,鑑定,2581.0800000000004,OLD_REALM,2026-08-12
灰色の夜明けの短剣 (鑑定),12,鑑定,5179.43,OLD_REALM,2026-08-12
灰色の夜明けの短剣 (鑑定),7,鑑定,221.37,OLD_REALM,2026-08-12
灰色の夜明けの短剣 (鑑定),8,鑑定,518.1,OLD_REALM,2026-08-12
灰色の夜明けの短剣 (鑑定),9,鑑定,690.8000000000001,OLD_REALM,2026-08-12
灰色の夜明けの短靴 (未鑑定),0,未鑑定,15.7,OLD_REALM,2026-08-12
灰色の夜明けの短靴 (鑑定),0,鑑定,15.7,OLD_REALM,2026-08-12
灰色の夜明けの短靴 (鑑定),10,鑑定,157.0,OLD_REALM,2026-08-12
灰色の夜明けの短靴 (鑑定),5,鑑定,29.83,OLD_REALM,2026-08-12
灰色の夜明けの短靴 (鑑定),6,鑑定,47.1,OLD_REALM,2026-08-12
灰色の夜明けの短靴 (鑑定),7,鑑定,109.9,OLD_REALM,2026-08-12
灰色の夜明けの短靴 (鑑定),8,鑑定,282.6,OLD_REALM,2026-08-12
灰色の夜明けの破壊マント (未鑑定),0,未鑑定,34.54,OLD_REALM,2026-08-12
灰色の夜明けの破壊マント (鑑定),0,鑑定,31.4,OLD_REALM,2026-08-12
灰色の夜明けの破壊マント (鑑定),2,鑑定,2826.0,OLD_REALM,2026-08-12
灰色の夜明けの破壊マント (鑑定),3,鑑定,235.5,OLD_REALM,2026-08-12
灰色の夜明けの破壊マント (鑑定),4,鑑定,596.6,OLD_REALM,2026-08-12
灰色の夜明けの破壊マント (鑑定),5,鑑定,412.91,OLD_REALM,2026-08-12
灰色の夜明けの破壊マント (鑑定),6,鑑定,1570.0,OLD_REALM,2026-08-12
灰色の夜明けの籠手 (未鑑定),0,未鑑定,144.44,OLD_REALM,2026-08-12
灰色の夜明けの籠手 (鑑定),0,鑑定,219.8,OLD_REALM,2026-08-12
灰色の夜明けの籠手 (鑑定),10,鑑定,392.5,OLD_REALM,2026-08-12
灰色の夜明けの籠手 (鑑定),11,鑑定,3768.0,OLD_REALM,2026-08-12
灰色の夜明けの籠手 (鑑定),12,鑑定,3611.0,OLD_REALM,2026-08-12
灰色の夜明けの籠手 (鑑定),7,鑑定,142.87,OLD_REALM,2026-08-12
灰色の夜明けの籠手 (鑑定),8,鑑定,285.74,OLD_REALM,2026-08-12
灰色の夜明けの籠手 (鑑定),9,鑑定,1405.15,OLD_REALM,2026-08-12
灰色の夜明けの精霊マント (未鑑定),0,未鑑定,42.39,OLD_REALM,2026-08-12
灰色の夜明けの精霊マント (鑑定),0,鑑定,32.97,OLD_REALM,2026-08-12
灰色の夜明けの精霊マント (鑑定),1,鑑定,235.5,OLD_REALM,2026-08-12
灰色の夜明けの精霊マント (鑑定),2,鑑定,211.95,OLD_REALM,2026-08-12
灰色の夜明けの精霊マント (鑑定),3,鑑定,64.36999999999999,OLD_REALM,2026-08-12
灰色の夜明けの精霊マント (鑑定),4,鑑定,296.73,OLD_REALM,2026-08-12
灰色の夜明けの精霊マント (鑑定),5,鑑定,232.36,OLD_REALM,2026-08-12
灰色の夜明けの精霊マント (鑑定),6,鑑定,628.0,OLD_REALM,2026-08-12
灰色の夜明けの鎧 (未鑑定),0,未鑑定,15.7,OLD_REALM,2026-08-12
灰色の夜明けの鎧 (鑑定),0,鑑定,15.7,OLD_REALM,2026-08-12
灰色の夜明けの鎧 (鑑定),10,鑑定,235.5,OLD_REALM,2026-08-12
灰色の夜明けの鎧 (鑑定),4,鑑定,37.68,OLD_REALM,2026-08-12
灰色の夜明けの鎧 (鑑定),5,鑑定,25.12,OLD_REALM,2026-08-12
灰色の夜明けの鎧 (鑑定),6,鑑定,15.7,OLD_REALM,2026-08-12
灰色の夜明けの鎧 (鑑定),7,鑑定,36.11,OLD_REALM,2026-08-12
灰色の夜明けの鎧 (鑑定),8,鑑定,109.9,OLD_REALM,2026-08-12
灰色の夜明けの鎧 (鑑定),9,鑑定,255.91,OLD_REALM,2026-08-12
灰色の夜明けの長靴 (未鑑定),0,未鑑定,15.7,OLD_REALM,2026-08-12
灰色の夜明けの長靴 (鑑定),0,鑑定,15.7,OLD_REALM,2026-08-12
灰色の夜明けの長靴 (鑑定),10,鑑定,237.07,OLD_REALM,2026-08-12
灰色の夜明けの長靴 (鑑定),11,鑑定,761.4499999999999,OLD_REALM,2026-08-12
灰色の夜明けの長靴 (鑑定),5,鑑定,15.7,OLD_REALM,2026-08-12
灰色の夜明けの長靴 (鑑定),6,鑑定,18.84,OLD_REALM,2026-08-12
灰色の夜明けの長靴 (鑑定),7,鑑定,76.92999999999999,OLD_REALM,2026-08-12
灰色の夜明けの長靴 (鑑定),8,鑑定,109.9,OLD_REALM,2026-08-12
灰色の夜明けの長靴 (鑑定),9,鑑定,185.26,OLD_REALM,2026-08-12
灰色の夜明けの革ズボン (未鑑定),0,未鑑定,15.7,OLD_REALM,2026-08-12
灰色の夜明けの革ズボン (鑑定),0,鑑定,15.7,OLD_REALM,2026-08-12
灰色の夜明けの革ズボン (鑑定),10,鑑定,471.0,OLD_REALM,2026-08-12
灰色の夜明けの革ズボン (鑑定),11,鑑定,580.9,OLD_REALM,2026-08-12
灰色の夜明けの革ズボン (鑑定),12,鑑定,1781.95,OLD_REALM,2026-08-12
灰色の夜明けの革ズボン (鑑定),5,鑑定,15.7,OLD_REALM,2026-08-12
灰色の夜明けの革ズボン (鑑定),6,鑑定,47.1,OLD_REALM,2026-08-12
灰色の夜明けの革ズボン (鑑定),7,鑑定,69.08,OLD_REALM,2026-08-12
灰色の夜明けの革ズボン (鑑定),8,鑑定,61.23,OLD_REALM,2026-08-12
灰色の夜明けの革ズボン (鑑定),9,鑑定,194.68,OLD_REALM,2026-08-12
白い戦闘馬のサドル,0,なし,69.08,OLD_REALM,2026-08-12
真理の聖杯 (鑑定),7,鑑定,71435.0,OLD_REALM,2026-08-12
短剣：再整備,0,なし,3344.1,OLD_REALM,2026-08-12
短剣：暗殺者の印,0,なし,87.92,OLD_REALM,2026-08-12
短剣：素早さ,0,なし,15.7,OLD_REALM,2026-08-12
素手：武術修練,0,なし,522.8100000000001,OLD_REALM,2026-08-12
聖戦士の軍馬のサドル,0,なし,34.54,OLD_REALM,2026-08-12
荒ぶる戦闘狼のサドル,0,なし,15.7,OLD_REALM,2026-08-12
青い戦闘馬のサドル,0,なし,50.24,OLD_REALM,2026-08-12
魔法使いの駿馬のサドル,0,なし,65.94,OLD_REALM,2026-08-12
黒い戦闘馬のサドル,0,なし,73.78999999999999,OLD_REALM,2026-08-12
黒棘のイヤリング,17,なし,334.41,OLD_REALM,2026-08-12
黒棘のガントレット (未鑑定),0,未鑑定,15.7,OLD_REALM,2026-08-12
黒棘のガントレット (鑑定),0,鑑定,15.7,OLD_REALM,2026-08-12
黒棘のガントレット (鑑定),10,鑑定,193.11,OLD_REALM,2026-08-12
黒棘のガントレット (鑑定),5,鑑定,15.7,OLD_REALM,2026-08-12
黒棘のガントレット (鑑定),6,鑑定,15.7,OLD_REALM,2026-08-12
黒棘のガントレット (鑑定),7,鑑定,113.04,OLD_REALM,2026-08-12
黒棘のガントレット (鑑定),8,鑑定,290.45,OLD_REALM,2026-08-12
黒棘のガントレット (鑑定),9,鑑定,379.94,OLD_REALM,2026-08-12
黒棘のクロスボウ (未鑑定),0,未鑑定,783.4300000000001,OLD_REALM,2026-08-12
黒棘のクロスボウ (鑑定),0,鑑定,777.15,OLD_REALM,2026-08-12
黒棘のクロスボウ (鑑定),10,鑑定,5212.400000000001,OLD_REALM,2026-08-12
黒棘のクロスボウ (鑑定),12,鑑定,13031.0,OLD_REALM,2026-08-12
黒棘のクロスボウ (鑑定),7,鑑定,785.0,OLD_REALM,2026-08-12
黒棘のクロスボウ (鑑定),8,鑑定,2355.0,OLD_REALM,2026-08-12
黒棘のクロスボウ (鑑定),9,鑑定,3874.76,OLD_REALM,2026-08-12
黒棘のグリーヴ (未鑑定),0,未鑑定,18.84,OLD_REALM,2026-08-12
黒棘のグリーヴ (鑑定),0,鑑定,15.7,OLD_REALM,2026-08-12
黒棘のグリーヴ (鑑定),10,鑑定,1780.38,OLD_REALM,2026-08-12
黒棘のグリーヴ (鑑定),5,鑑定,292.02000000000004,OLD_REALM,2026-08-12
黒棘のグリーヴ (鑑定),6,鑑定,188.4,OLD_REALM,2026-08-12
黒棘のグリーヴ (鑑定),7,鑑定,438.03,OLD_REALM,2026-08-12
黒棘のグリーヴ (鑑定),8,鑑定,416.05,OLD_REALM,2026-08-12
黒棘のグリーヴ (鑑定),9,鑑定,785.0,OLD_REALM,2026-08-12
黒棘のグローブ (未鑑定),0,未鑑定,36.11,OLD_REALM,2026-08-12
黒棘のグローブ (鑑定),0,鑑定,31.4,OLD_REALM,2026-08-12
黒棘のグローブ (鑑定),10,鑑定,384.65,OLD_REALM,2026-08-12
黒棘のグローブ (鑑定),5,鑑定,157.0,OLD_REALM,2026-08-12
黒棘のグローブ (鑑定),6,鑑定,157.0,OLD_REALM,2026-08-12
黒棘のグローブ (鑑定),7,鑑定,188.4,OLD_REALM,2026-08-12
黒棘のグローブ (鑑定),8,鑑定,645.2700000000001,OLD_REALM,2026-08-12
黒棘のサイド (未鑑定),0,未鑑定,1252.86,OLD_REALM,2026-08-12
黒棘のサイド (鑑定),0,鑑定,1808.64,OLD_REALM,2026-08-12
黒棘のサイド (鑑定),10,鑑定,6123.0,OLD_REALM,2026-08-12
黒棘のサイド (鑑定),7,鑑定,1240.3,OLD_REALM,2026-08-12
黒棘のサイド (鑑定),8,鑑定,2355.0,OLD_REALM,2026-08-12
黒棘のサイド (鑑定),9,鑑定,7065.0,OLD_REALM,2026-08-12
黒棘のネックレス,12,なし,471.0,OLD_REALM,2026-08-12
黒棘のネックレス,17,なし,1033.06,OLD_REALM,2026-08-12
黒棘のネックレス,20,なし,3229.49,OLD_REALM,2026-08-12
黒棘のフード (未鑑定),0,未鑑定,15.7,OLD_REALM,2026-08-12
黒棘のフード (鑑定),0,鑑定,15.7,OLD_REALM,2026-08-12
黒棘のフード (鑑定),10,鑑定,180.55,OLD_REALM,2026-08-12
黒棘のフード (鑑定),11,鑑定,2512.0,OLD_REALM,2026-08-12
黒棘のフード (鑑定),5,鑑定,15.7,OLD_REALM,2026-08-12
黒棘のフード (鑑定),6,鑑定,78.5,OLD_REALM,2026-08-12
黒棘のフード (鑑定),7,鑑定,296.73,OLD_REALM,2026-08-12
黒棘のフード (鑑定),8,鑑定,204.1,OLD_REALM,2026-08-12
黒棘のフード (鑑定),9,鑑定,157.0,OLD_REALM,2026-08-12
黒棘のブレスレット,0,なし,36.11,OLD_REALM,2026-08-12
黒棘のブレスレット,10,なし,314.0,OLD_REALM,2026-08-12
黒棘のブレスレット,12,なし,257.48,OLD_REALM,2026-08-12
黒棘のブレスレット,13,なし,730.0500000000001,OLD_REALM,2026-08-12
黒棘のブレスレット,14,なし,628.0,OLD_REALM,2026-08-12
黒棘のブレスレット,15,なし,205.67,OLD_REALM,2026-08-12
黒棘のブレスレット,16,なし,266.9,OLD_REALM,2026-08-12
黒棘のブレスレット,17,なし,381.5100000000001,OLD_REALM,2026-08-12
黒棘のブレスレット,18,なし,863.5,OLD_REALM,2026-08-12
黒棘のブレスレット,20,なし,3570.18,OLD_REALM,2026-08-12
黒棘のヘルム (未鑑定),0,未鑑定,15.7,OLD_REALM,2026-08-12
黒棘のヘルム (鑑定),0,鑑定,15.7,OLD_REALM,2026-08-12
黒棘のヘルム (鑑定),10,鑑定,785.0,OLD_REALM,2026-08-12
黒棘のヘルム (鑑定),5,鑑定,26.69,OLD_REALM,2026-08-12
黒棘のヘルム (鑑定),6,鑑定,61.23,OLD_REALM,2026-08-12
黒棘のヘルム (鑑定),7,鑑定,259.05,OLD_REALM,2026-08-12
黒棘のヘルム (鑑定),8,鑑定,235.5,OLD_REALM,2026-08-12
黒棘のベスト (未鑑定),0,未鑑定,15.7,OLD_REALM,2026-08-12
黒棘のベスト (鑑定),0,鑑定,15.7,OLD_REALM,2026-08-12
黒棘のベスト (鑑定),10,鑑定,464.72,OLD_REALM,2026-08-12
黒棘のベスト (鑑定),11,鑑定,942.0,OLD_REALM,2026-08-12
黒棘のベスト (鑑定),5,鑑定,15.7,OLD_REALM,2026-08-12
黒棘のベスト (鑑定),7,鑑定,312.43,OLD_REALM,2026-08-12
黒棘のベスト (鑑定),8,鑑定,392.5,OLD_REALM,2026-08-12
黒棘のベスト (鑑定),9,鑑定,475.71,OLD_REALM,2026-08-12
黒棘のベルト,0,なし,47.1,OLD_REALM,2026-08-12
黒棘のベルト,15,なし,785.0,OLD_REALM,2026-08-12
黒棘のベルト,16,なし,471.0,OLD_REALM,2026-08-12
黒棘のベルト,18,なし,516.53,OLD_REALM,2026-08-12
黒棘のベルト,4,なし,69.08,OLD_REALM,2026-08-12
黒棘のベルト,5,なし,87.92,OLD_REALM,2026-08-12
黒棘のリング,0,なし,51.81,OLD_REALM,2026-08-12
黒棘のリング,12,なし,235.5,OLD_REALM,2026-08-12
黒棘のリング,15,なし,241.78,OLD_REALM,2026-08-12
黒棘のリング,17,なし,310.86,OLD_REALM,2026-08-12
黒棘のレガース (未鑑定),0,未鑑定,15.7,OLD_REALM,2026-08-12
黒棘のレガース (鑑定),0,鑑定,15.7,OLD_REALM,2026-08-12
黒棘のレガース (鑑定),10,鑑定,392.5,OLD_REALM,2026-08-12
黒棘のレガース (鑑定),11,鑑定,1099.0,OLD_REALM,2026-08-12
黒棘のレガース (鑑定),5,鑑定,23.55,OLD_REALM,2026-08-12
黒棘のレガース (鑑定),6,鑑定,117.75,OLD_REALM,2026-08-12
黒棘のレガース (鑑定),7,鑑定,463.15,OLD_REALM,2026-08-12
黒棘のレガース (鑑定),8,鑑定,141.3,OLD_REALM,2026-08-12
黒棘のレガース (鑑定),9,鑑定,423.9,OLD_REALM,2026-08-12
黒棘のローブ (未鑑定),0,未鑑定,15.7,OLD_REALM,2026-08-12
黒棘のローブ (鑑定),0,鑑定,157.0,OLD_REALM,2026-08-12
黒棘のローブ (鑑定),5,鑑定,31.4,OLD_REALM,2026-08-12
黒棘のローブ (鑑定),6,鑑定,32.97,OLD_REALM,2026-08-12
黒棘のローブ (鑑定),7,鑑定,455.3,OLD_REALM,2026-08-12
黒棘のローブ (鑑定),8,鑑定,547.9300000000001,OLD_REALM,2026-08-12
黒棘の剣/盾 (未鑑定),0,未鑑定,489.84,OLD_REALM,2026-08-12
黒棘の剣/盾 (鑑定),0,鑑定,628.0,OLD_REALM,2026-08-12
黒棘の剣/盾 (鑑定),10,鑑定,2843.27,OLD_REALM,2026-08-12
黒棘の剣/盾 (鑑定),7,鑑定,942.0,OLD_REALM,2026-08-12
黒棘の剣/盾 (鑑定),8,鑑定,943.57,OLD_REALM,2026-08-12
黒棘の勇猛マント (未鑑定),0,未鑑定,75.36,OLD_REALM,2026-08-12
黒棘の勇猛マント (鑑定),0,鑑定,94.2,OLD_REALM,2026-08-12
黒棘の勇猛マント (鑑定),1,鑑定,80.07000000000001,OLD_REALM,2026-08-12
黒棘の勇猛マント (鑑定),2,鑑定,139.73,OLD_REALM,2026-08-12
黒棘の勇猛マント (鑑定),3,鑑定,157.0,OLD_REALM,2026-08-12
黒棘の勇猛マント (鑑定),4,鑑定,516.53,OLD_REALM,2026-08-12
黒棘の勇猛マント (鑑定),5,鑑定,471.0,OLD_REALM,2026-08-12
黒棘の大剣 (未鑑定),0,未鑑定,290.45,OLD_REALM,2026-08-12
黒棘の大剣 (鑑定),0,鑑定,257.48,OLD_REALM,2026-08-12
黒棘の大剣 (鑑定),10,鑑定,2618.76,OLD_REALM,2026-08-12
黒棘の大剣 (鑑定),12,鑑定,8635.0,OLD_REALM,2026-08-12
黒棘の大剣 (鑑定),7,鑑定,335.98,OLD_REALM,2026-08-12
黒棘の大剣 (鑑定),8,鑑定,516.53,OLD_REALM,2026-08-12
黒棘の大剣 (鑑定),9,鑑定,981.25,OLD_REALM,2026-08-12
黒棘の布ズボン (未鑑定),0,未鑑定,15.7,OLD_REALM,2026-08-12
黒棘の布ズボン (鑑定),0,鑑定,15.7,OLD_REALM,2026-08-12
黒棘の布ズボン (鑑定),10,鑑定,314.0,OLD_REALM,2026-08-12
黒棘の布ズボン (鑑定),5,鑑定,15.7,OLD_REALM,2026-08-12
黒棘の布ズボン (鑑定),6,鑑定,157.0,OLD_REALM,2026-08-12
黒棘の布ズボン (鑑定),7,鑑定,125.6,OLD_REALM,2026-08-12
黒棘の布ズボン (鑑定),8,鑑定,189.97,OLD_REALM,2026-08-12
黒棘の布ズボン (鑑定),9,鑑定,368.95,OLD_REALM,2026-08-12
黒棘の帽子 (未鑑定),0,未鑑定,15.7,OLD_REALM,2026-08-12
黒棘の帽子 (鑑定),0,鑑定,15.7,OLD_REALM,2026-08-12
黒棘の帽子 (鑑定),10,鑑定,314.0,OLD_REALM,2026-08-12
黒棘の帽子 (鑑定),11,鑑定,458.44,OLD_REALM,2026-08-12
黒棘の帽子 (鑑定),5,鑑定,20.41,OLD_REALM,2026-08-12
黒棘の帽子 (鑑定),6,鑑定,128.73999999999998,OLD_REALM,2026-08-12
黒棘の帽子 (鑑定),7,鑑定,368.95,OLD_REALM,2026-08-12
黒棘の帽子 (鑑定),8,鑑定,235.5,OLD_REALM,2026-08-12
黒棘の帽子 (鑑定),9,鑑定,309.29,OLD_REALM,2026-08-12
黒棘の弓 (未鑑定),0,未鑑定,549.5,OLD_REALM,2026-08-12
黒棘の弓 (鑑定),0,鑑定,516.53,OLD_REALM,2026-08-12
黒棘の弓 (鑑定),10,鑑定,4648.77,OLD_REALM,2026-08-12
黒棘の弓 (鑑定),12,鑑定,12560.0,OLD_REALM,2026-08-12
黒棘の弓 (鑑定),6,鑑定,1570.0,OLD_REALM,2026-08-12
黒棘の弓 (鑑定),7,鑑定,628.0,OLD_REALM,2026-08-12
黒棘の弓 (鑑定),8,鑑定,645.2700000000001,OLD_REALM,2026-08-12
黒棘の戦棒 (未鑑定),0,未鑑定,706.5,OLD_REALM,2026-08-12
黒棘の戦棒 (鑑定),0,鑑定,628.0,OLD_REALM,2026-08-12
黒棘の戦棒 (鑑定),10,鑑定,2198.0,OLD_REALM,2026-08-12
黒棘の戦棒 (鑑定),7,鑑定,904.32,OLD_REALM,2026-08-12
黒棘の戦棒 (鑑定),8,鑑定,1648.5,OLD_REALM,2026-08-12
黒棘の戦棒 (鑑定),9,鑑定,2712.96,OLD_REALM,2026-08-12
黒棘の戦闘マント (未鑑定),0,未鑑定,157.0,OLD_REALM,2026-08-12
黒棘の戦闘マント (鑑定),0,鑑定,241.78,OLD_REALM,2026-08-12
黒棘の戦闘マント (鑑定),2,鑑定,469.43,OLD_REALM,2026-08-12
黒棘の戦闘マント (鑑定),3,鑑定,157.0,OLD_REALM,2026-08-12
黒棘の戦闘マント (鑑定),4,鑑定,1256.0,OLD_REALM,2026-08-12
黒棘の戦闘マント (鑑定),5,鑑定,219.8,OLD_REALM,2026-08-12
黒棘の戦闘マント (鑑定),6,鑑定,1570.0,OLD_REALM,2026-08-12
黒棘の戦闘盾 (未鑑定),0,未鑑定,215.09,OLD_REALM,2026-08-12
黒棘の戦闘盾 (鑑定),0,鑑定,288.88,OLD_REALM,2026-08-12
黒棘の戦闘盾 (鑑定),10,鑑定,2015.88,OLD_REALM,2026-08-12
黒棘の戦闘盾 (鑑定),12,鑑定,12560.0,OLD_REALM,2026-08-12
黒棘の戦闘盾 (鑑定),13,鑑定,9041.63,OLD_REALM,2026-08-12
黒棘の戦闘盾 (鑑定),7,鑑定,274.75,OLD_REALM,2026-08-12
黒棘の戦闘盾 (鑑定),8,鑑定,522.8100000000001,OLD_REALM,2026-08-12
黒棘の戦闘盾 (鑑定),9,鑑定,1146.1,OLD_REALM,2026-08-12
黒棘の手甲 (未鑑定),0,未鑑定,15.7,OLD_REALM,2026-08-12
黒棘の手甲 (鑑定),0,鑑定,15.7,OLD_REALM,2026-08-12
黒棘の手甲 (鑑定),10,鑑定,390.93,OLD_REALM,2026-08-12
黒棘の手甲 (鑑定),5,鑑定,15.7,OLD_REALM,2026-08-12
黒棘の手甲 (鑑定),6,鑑定,61.23,OLD_REALM,2026-08-12
黒棘の手甲 (鑑定),7,鑑定,155.43,OLD_REALM,2026-08-12
黒棘の手甲 (鑑定),8,鑑定,237.07,OLD_REALM,2026-08-12
黒棘の手甲 (鑑定),9,鑑定,314.0,OLD_REALM,2026-08-12
黒棘の杖 (未鑑定),0,未鑑定,342.26000000000005,OLD_REALM,2026-08-12
黒棘の杖 (鑑定),0,鑑定,332.84000000000003,OLD_REALM,2026-08-12
黒棘の杖 (鑑定),10,鑑定,1993.9,OLD_REALM,2026-08-12
黒棘の杖 (鑑定),12,鑑定,7937.92,OLD_REALM,2026-08-12
黒棘の杖 (鑑定),7,鑑定,329.7,OLD_REALM,2026-08-12
黒棘の杖 (鑑定),8,鑑定,816.4,OLD_REALM,2026-08-12
黒棘の杖 (鑑定),9,鑑定,1962.5,OLD_REALM,2026-08-12
黒棘の短剣 (未鑑定),0,未鑑定,774.01,OLD_REALM,2026-08-12
黒棘の短剣 (鑑定),0,鑑定,904.32,OLD_REALM,2026-08-12
黒棘の短剣 (鑑定),10,鑑定,3078.77,OLD_REALM,2026-08-12
黒棘の短剣 (鑑定),6,鑑定,1172.79,OLD_REALM,2026-08-12
黒棘の短剣 (鑑定),7,鑑定,785.0,OLD_REALM,2026-08-12
黒棘の短剣 (鑑定),8,鑑定,1648.5,OLD_REALM,2026-08-12
黒棘の短靴 (未鑑定),0,未鑑定,15.7,OLD_REALM,2026-08-12
黒棘の短靴 (鑑定),0,鑑定,15.7,OLD_REALM,2026-08-12
黒棘の短靴 (鑑定),10,鑑定,392.5,OLD_REALM,2026-08-12
黒棘の短靴 (鑑定),5,鑑定,15.7,OLD_REALM,2026-08-12
黒棘の短靴 (鑑定),6,鑑定,157.0,OLD_REALM,2026-08-12
黒棘の短靴 (鑑定),7,鑑定,353.25,OLD_REALM,2026-08-12
黒棘の破壊マント (未鑑定),0,未鑑定,139.73,OLD_REALM,2026-08-12
黒棘の破壊マント (鑑定),0,鑑定,133.45,OLD_REALM,2026-08-12
黒棘の破壊マント (鑑定),1,鑑定,138.16,OLD_REALM,2026-08-12
黒棘の破壊マント (鑑定),3,鑑定,282.6,OLD_REALM,2026-08-12
黒棘の破壊マント (鑑定),4,鑑定,290.45,OLD_REALM,2026-08-12
黒棘の破壊マント (鑑定),5,鑑定,628.0,OLD_REALM,2026-08-12
黒棘の破壊マント (鑑定),6,鑑定,1256.0,OLD_REALM,2026-08-12
黒棘の籠手 (未鑑定),0,未鑑定,125.6,OLD_REALM,2026-08-12
黒棘の籠手 (鑑定),0,鑑定,136.59,OLD_REALM,2026-08-12
黒棘の籠手 (鑑定),10,鑑定,1279.55,OLD_REALM,2026-08-12
黒棘の籠手 (鑑定),12,鑑定,3097.61,OLD_REALM,2026-08-12
黒棘の籠手 (鑑定),7,鑑定,157.0,OLD_REALM,2026-08-12
黒棘の籠手 (鑑定),8,鑑定,361.1,OLD_REALM,2026-08-12
黒棘の籠手 (鑑定),9,鑑定,1524.47,OLD_REALM,2026-08-12
黒棘の精霊マント (未鑑定),0,未鑑定,65.94,OLD_REALM,2026-08-12
黒棘の精霊マント (鑑定),0,鑑定,61.23,OLD_REALM,2026-08-12
黒棘の精霊マント (鑑定),1,鑑定,1411.43,OLD_REALM,2026-08-12
黒棘の精霊マント (鑑定),2,鑑定,257.48,OLD_REALM,2026-08-12
黒棘の精霊マント (鑑定),3,鑑定,141.3,OLD_REALM,2026-08-12
黒棘の精霊マント (鑑定),4,鑑定,516.53,OLD_REALM,2026-08-12
黒棘の精霊マント (鑑定),5,鑑定,453.73,OLD_REALM,2026-08-12
黒棘の精霊マント (鑑定),6,鑑定,1256.0,OLD_REALM,2026-08-12
黒棘の鎧 (未鑑定),0,未鑑定,15.7,OLD_REALM,2026-08-12
黒棘の鎧 (鑑定),0,鑑定,15.7,OLD_REALM,2026-08-12
黒棘の鎧 (鑑定),10,鑑定,266.9,OLD_REALM,2026-08-12
黒棘の鎧 (鑑定),5,鑑定,15.7,OLD_REALM,2026-08-12
黒棘の鎧 (鑑定),6,鑑定,32.97,OLD_REALM,2026-08-12
黒棘の鎧 (鑑定),7,鑑定,125.6,OLD_REALM,2026-08-12
黒棘の鎧 (鑑定),8,鑑定,136.59,OLD_REALM,2026-08-12
黒棘の鎧 (鑑定),9,鑑定,775.58,OLD_REALM,2026-08-12
黒棘の長靴 (未鑑定),0,未鑑定,15.7,OLD_REALM,2026-08-12
黒棘の長靴 (鑑定),0,鑑定,15.7,OLD_REALM,2026-08-12
黒棘の長靴 (鑑定),10,鑑定,310.86,OLD_REALM,2026-08-12
黒棘の長靴 (鑑定),5,鑑定,15.7,OLD_REALM,2026-08-12
黒棘の長靴 (鑑定),6,鑑定,86.35000000000001,OLD_REALM,2026-08-12
黒棘の長靴 (鑑定),7,鑑定,332.84000000000003,OLD_REALM,2026-08-12
黒棘の長靴 (鑑定),8,鑑定,155.43,OLD_REALM,2026-08-12
黒棘の長靴 (鑑定),9,鑑定,306.15,OLD_REALM,2026-08-12
黒棘の革ズボン (未鑑定),0,未鑑定,15.7,OLD_REALM,2026-08-12
黒棘の革ズボン (鑑定),0,鑑定,15.7,OLD_REALM,2026-08-12
黒棘の革ズボン (鑑定),10,鑑定,314.0,OLD_REALM,2026-08-12
黒棘の革ズボン (鑑定),11,鑑定,3628.27,OLD_REALM,2026-08-12
黒棘の革ズボン (鑑定),5,鑑定,15.7,OLD_REALM,2026-08-12
黒棘の革ズボン (鑑定),6,鑑定,78.5,OLD_REALM,2026-08-12
黒棘の革ズボン (鑑定),7,鑑定,117.75,OLD_REALM,2026-08-12
黒棘の革ズボン (鑑定),8,鑑定,251.2,OLD_REALM,2026-08-12
黒棘の革ズボン (鑑定),9,鑑定,471.0,OLD_REALM,2026-08-12
1段階10番培養細胞箱(10個),0,なし,136.59,NEW_REALM_2,2026-08-12
1段階12番培養細胞箱(10個),0,なし,3829.23,NEW_REALM_2,2026-08-12
1段階1番培養細胞箱(10個),0,なし,15.7,NEW_REALM_2,2026-08-12
1段階2番培養細胞箱(10個),0,なし,15.7,NEW_REALM_2,2026-08-12
1段階3番培養細胞箱(10個),0,なし,15.7,NEW_REALM_2,2026-08-12
1段階4番培養細胞箱(10個),0,なし,15.7,NEW_REALM_2,2026-08-12
1段階5番培養細胞箱(10個),0,なし,15.7,NEW_REALM_2,2026-08-12
1段階6番培養細胞箱(10個),0,なし,26.69,NEW_REALM_2,2026-08-12
1段階7番培養細胞箱(10個),0,なし,25.12,NEW_REALM_2,2026-08-12
1段階8番培養細胞箱(10個),0,なし,15.7,NEW_REALM_2,2026-08-12
1段階9番培養細胞箱(10個),0,なし,37.68,NEW_REALM_2,2026-08-12
1段階エピック装飾品強化箱(10個),0,なし,582.47,NEW_REALM_2,2026-08-12
1段階レジェンド装飾品強化箱(10個),0,なし,2034.72,NEW_REALM_2,2026-08-12
"1段階時の欠片箱(1,000個)",0,なし,56.52,NEW_REALM_2,2026-08-12
1段階錬金術触媒箱(100個),0,なし,39.25,NEW_REALM_2,2026-08-12
1段階黒オール箱(100個),0,なし,32.97,NEW_REALM_2,2026-08-12
2段階1番培養細胞箱(50個),0,なし,15.7,NEW_REALM_2,2026-08-12
2段階2番培養細胞箱(50個),0,なし,15.7,NEW_REALM_2,2026-08-12
2段階エピック装飾品強化箱(100個),0,なし,9561.3,NEW_REALM_2,2026-08-12
2段階レジェンド装飾品強化箱(100個),0,なし,27632.0,NEW_REALM_2,2026-08-12
"2段階時の欠片箱(5,000個)",0,なし,387.79,NEW_REALM_2,2026-08-12
2段階錬金術触媒箱(500個),0,なし,257.48,NEW_REALM_2,2026-08-12
3段階1番培養細胞箱(100個),0,なし,15.7,NEW_REALM_2,2026-08-12
3段階4番培養細胞箱(100個),0,なし,383.08,NEW_REALM_2,2026-08-12
"3段階時の欠片箱(10,000個)",0,なし,926.3,NEW_REALM_2,2026-08-12
"3段階黒オール箱(1,000個)",0,なし,706.5,NEW_REALM_2,2026-08-12
"4段階時の欠片箱(50,000個)",0,なし,5468.31,NEW_REALM_2,2026-08-12
"5段階時の欠片箱(100,000個)",0,なし,12089.0,NEW_REALM_2,2026-08-12
アザム・ヒサンのガントレット (未鑑定),0,未鑑定,103.62,NEW_REALM_2,2026-08-12
アザム・ヒサンのガントレット (鑑定),0,鑑定,188.4,NEW_REALM_2,2026-08-12
アザム・ヒサンのクロスボウ (未鑑定),0,未鑑定,3114.88,NEW_REALM_2,2026-08-12
アザム・ヒサンのクロスボウ (鑑定),0,鑑定,12662.05,NEW_REALM_2,2026-08-12
アザム・ヒサンのクロスボウ (鑑定),8,鑑定,2433.5,NEW_REALM_2,2026-08-12
アザム・ヒサンのクロスボウ (鑑定),9,鑑定,4710.0,NEW_REALM_2,2026-08-12
アザム・ヒサンのグリーヴ (未鑑定),0,未鑑定,37.68,NEW_REALM_2,2026-08-12
アザム・ヒサンのグリーヴ (鑑定),0,鑑定,39.25,NEW_REALM_2,2026-08-12
アザム・ヒサンのグリーヴ (鑑定),4,鑑定,94.2,NEW_REALM_2,2026-08-12
アザム・ヒサンのグリーヴ (鑑定),5,鑑定,155.43,NEW_REALM_2,2026-08-12
アザム・ヒサンのグリーヴ (鑑定),6,鑑定,157.0,NEW_REALM_2,2026-08-12
アザム・ヒサンのグリーヴ (鑑定),7,鑑定,235.5,NEW_REALM_2,2026-08-12
アザム・ヒサンのグリーヴ (鑑定),8,鑑定,471.0,NEW_REALM_2,2026-08-12
アザム・ヒサンのグローブ (未鑑定),0,未鑑定,59.66,NEW_REALM_2,2026-08-12
アザム・ヒサンのグローブ (鑑定),0,鑑定,37.68,NEW_REALM_2,2026-08-12
アザム・ヒサンのグローブ (鑑定),4,鑑定,51.81,NEW_REALM_2,2026-08-12
アザム・ヒサンのグローブ (鑑定),5,鑑定,94.2,NEW_REALM_2,2026-08-12
アザム・ヒサンのグローブ (鑑定),6,鑑定,744.1800000000001,NEW_REALM_2,2026-08-12
アザム・ヒサンのグローブ (鑑定),8,鑑定,1285.83,NEW_REALM_2,2026-08-12
アザム・ヒサンのサイド (未鑑定),0,未鑑定,2380.12,NEW_REALM_2,2026-08-12
アザム・ヒサンのサイド (鑑定),10,鑑定,14285.429999999998,NEW_REALM_2,2026-08-12
アザム・ヒサンのサイド (鑑定),7,鑑定,6751.0,NEW_REALM_2,2026-08-12
アザム・ヒサンのフード (未鑑定),0,未鑑定,34.54,NEW_REALM_2,2026-08-12
アザム・ヒサンのフード (鑑定),0,鑑定,32.97,NEW_REALM_2,2026-08-12
アザム・ヒサンのフード (鑑定),5,鑑定,45.53,NEW_REALM_2,2026-08-12
アザム・ヒサンのフード (鑑定),6,鑑定,61.23,NEW_REALM_2,2026-08-12
アザム・ヒサンのフード (鑑定),7,鑑定,303.01,NEW_REALM_2,2026-08-12
アザム・ヒサンのフード (鑑定),8,鑑定,549.5,NEW_REALM_2,2026-08-12
アザム・ヒサンのフード (鑑定),9,鑑定,1727.0,NEW_REALM_2,2026-08-12
アザム・ヒサンのブレスレット,0,なし,706.5,NEW_REALM_2,2026-08-12
アザム・ヒサンのヘルム (未鑑定),0,未鑑定,34.54,NEW_REALM_2,2026-08-12
アザム・ヒサンのヘルム (鑑定),0,鑑定,39.25,NEW_REALM_2,2026-08-12
アザム・ヒサンのヘルム (鑑定),5,鑑定,109.9,NEW_REALM_2,2026-08-12
アザム・ヒサンのヘルム (鑑定),6,鑑定,314.0,NEW_REALM_2,2026-08-12
アザム・ヒサンのヘルム (鑑定),7,鑑定,309.29,NEW_REALM_2,2026-08-12
アザム・ヒサンのヘルム (鑑定),8,鑑定,1163.37,NEW_REALM_2,2026-08-12
アザム・ヒサンのベスト (未鑑定),0,未鑑定,50.24,NEW_REALM_2,2026-08-12
アザム・ヒサンのベスト (鑑定),0,鑑定,37.68,NEW_REALM_2,2026-08-12
アザム・ヒサンのベスト (鑑定),10,鑑定,1256.0,NEW_REALM_2,2026-08-12
アザム・ヒサンのベスト (鑑定),4,鑑定,62.8,NEW_REALM_2,2026-08-12
アザム・ヒサンのベスト (鑑定),5,鑑定,282.6,NEW_REALM_2,2026-08-12
アザム・ヒサンのベスト (鑑定),6,鑑定,128.73999999999998,NEW_REALM_2,2026-08-12
アザム・ヒサンのベスト (鑑定),7,鑑定,384.65,NEW_REALM_2,2026-08-12
アザム・ヒサンのベスト (鑑定),8,鑑定,516.53,NEW_REALM_2,2026-08-12
アザム・ヒサンのベルト,0,なし,1097.43,NEW_REALM_2,2026-08-12
アザム・ヒサンのレガース (未鑑定),0,未鑑定,169.56,NEW_REALM_2,2026-08-12
アザム・ヒサンのレガース (鑑定),0,鑑定,628.0,NEW_REALM_2,2026-08-12
アザム・ヒサンのレガース (鑑定),6,鑑定,392.5,NEW_REALM_2,2026-08-12
アザム・ヒサンのローブ (未鑑定),0,未鑑定,47.1,NEW_REALM_2,2026-08-12
アザム・ヒサンのローブ (鑑定),0,鑑定,48.67,NEW_REALM_2,2026-08-12
アザム・ヒサンのローブ (鑑定),4,鑑定,50.24,NEW_REALM_2,2026-08-12
アザム・ヒサンのローブ (鑑定),5,鑑定,94.2,NEW_REALM_2,2026-08-12
アザム・ヒサンのローブ (鑑定),6,鑑定,172.70000000000002,NEW_REALM_2,2026-08-12
アザム・ヒサンのローブ (鑑定),7,鑑定,384.65,NEW_REALM_2,2026-08-12
アザム・ヒサンの剣/盾 (未鑑定),0,未鑑定,2347.15,NEW_REALM_2,2026-08-12
アザム・ヒサンの剣/盾 (鑑定),0,鑑定,1570.0,NEW_REALM_2,2026-08-12
アザム・ヒサンの剣/盾 (鑑定),10,鑑定,7065.0,NEW_REALM_2,2026-08-12
アザム・ヒサンの剣/盾 (鑑定),8,鑑定,2826.0,NEW_REALM_2,2026-08-12
アザム・ヒサンの大剣 (未鑑定),0,未鑑定,2480.6,NEW_REALM_2,2026-08-12
アザム・ヒサンの布ズボン (未鑑定),0,未鑑定,34.54,NEW_REALM_2,2026-08-12
アザム・ヒサンの布ズボン (鑑定),0,鑑定,34.54,NEW_REALM_2,2026-08-12
アザム・ヒサンの布ズボン (鑑定),5,鑑定,53.38,NEW_REALM_2,2026-08-12
アザム・ヒサンの布ズボン (鑑定),6,鑑定,257.48,NEW_REALM_2,2026-08-12
アザム・ヒサンの布ズボン (鑑定),7,鑑定,1570.0,NEW_REALM_2,2026-08-12
アザム・ヒサンの布ズボン (鑑定),9,鑑定,2355.0,NEW_REALM_2,2026-08-12
アザム・ヒサンの帽子 (未鑑定),0,未鑑定,37.68,NEW_REALM_2,2026-08-12
アザム・ヒサンの帽子 (鑑定),0,鑑定,32.97,NEW_REALM_2,2026-08-12
アザム・ヒサンの帽子 (鑑定),4,鑑定,65.94,NEW_REALM_2,2026-08-12
アザム・ヒサンの帽子 (鑑定),5,鑑定,50.24,NEW_REALM_2,2026-08-12
アザム・ヒサンの帽子 (鑑定),6,鑑定,166.42000000000002,NEW_REALM_2,2026-08-12
アザム・ヒサンの帽子 (鑑定),7,鑑定,232.36,NEW_REALM_2,2026-08-12
アザム・ヒサンの帽子 (鑑定),8,鑑定,516.53,NEW_REALM_2,2026-08-12
アザム・ヒサンの帽子 (鑑定),9,鑑定,1499.35,NEW_REALM_2,2026-08-12
アザム・ヒサンの弓 (未鑑定),0,未鑑定,3764.86,NEW_REALM_2,2026-08-12
アザム・ヒサンの弓 (鑑定),8,鑑定,7141.93,NEW_REALM_2,2026-08-12
アザム・ヒサンの戦棒 (未鑑定),0,未鑑定,2398.96,NEW_REALM_2,2026-08-12
アザム・ヒサンの戦棒 (鑑定),0,鑑定,6072.76,NEW_REALM_2,2026-08-12
アザム・ヒサンの戦棒 (鑑定),10,鑑定,8635.0,NEW_REALM_2,2026-08-12
アザム・ヒサンの戦棒 (鑑定),7,鑑定,7850.0,NEW_REALM_2,2026-08-12
アザム・ヒサンの戦闘盾 (未鑑定),0,未鑑定,1017.36,NEW_REALM_2,2026-08-12
アザム・ヒサンの戦闘盾 (鑑定),0,鑑定,2325.17,NEW_REALM_2,2026-08-12
アザム・ヒサンの戦闘盾 (鑑定),11,鑑定,21428.93,NEW_REALM_2,2026-08-12
アザム・ヒサンの戦闘盾 (鑑定),6,鑑定,2276.5,NEW_REALM_2,2026-08-12
アザム・ヒサンの戦闘盾 (鑑定),7,鑑定,1161.8,NEW_REALM_2,2026-08-12
アザム・ヒサンの戦闘盾 (鑑定),8,鑑定,5966.0,NEW_REALM_2,2026-08-12
アザム・ヒサンの戦闘盾 (鑑定),9,鑑定,2650.16,NEW_REALM_2,2026-08-12
アザム・ヒサンの手甲 (未鑑定),0,未鑑定,58.09,NEW_REALM_2,2026-08-12
アザム・ヒサンの手甲 (鑑定),0,鑑定,40.82,NEW_REALM_2,2026-08-12
アザム・ヒサンの手甲 (鑑定),4,鑑定,1099.0,NEW_REALM_2,2026-08-12
アザム・ヒサンの手甲 (鑑定),5,鑑定,76.92999999999999,NEW_REALM_2,2026-08-12
アザム・ヒサンの手甲 (鑑定),6,鑑定,157.0,NEW_REALM_2,2026-08-12
アザム・ヒサンの手甲 (鑑定),7,鑑定,312.43,NEW_REALM_2,2026-08-12
アザム・ヒサンの手甲 (鑑定),8,鑑定,1050.3300000000002,NEW_REALM_2,2026-08-12
アザム・ヒサンの杖 (未鑑定),0,未鑑定,3045.8,NEW_REALM_2,2026-08-12
アザム・ヒサンの短剣 (未鑑定),0,未鑑定,1524.47,NEW_REALM_2,2026-08-12
アザム・ヒサンの短剣 (鑑定),0,鑑定,2198.0,NEW_REALM_2,2026-08-12
アザム・ヒサンの短剣 (鑑定),7,鑑定,2496.3,NEW_REALM_2,2026-08-12
アザム・ヒサンの短剣 (鑑定),8,鑑定,3808.82,NEW_REALM_2,2026-08-12
アザム・ヒサンの短靴 (未鑑定),0,未鑑定,109.9,NEW_REALM_2,2026-08-12
アザム・ヒサンの短靴 (鑑定),0,鑑定,204.1,NEW_REALM_2,2026-08-12
アザム・ヒサンの短靴 (鑑定),6,鑑定,604.45,NEW_REALM_2,2026-08-12
アザム・ヒサンの籠手 (未鑑定),0,未鑑定,657.83,NEW_REALM_2,2026-08-12
アザム・ヒサンの籠手 (鑑定),9,鑑定,1805.5,NEW_REALM_2,2026-08-12
アザム・ヒサンの鎧 (未鑑定),0,未鑑定,40.82,NEW_REALM_2,2026-08-12
アザム・ヒサンの鎧 (鑑定),0,鑑定,42.39,NEW_REALM_2,2026-08-12
アザム・ヒサンの鎧 (鑑定),5,鑑定,314.0,NEW_REALM_2,2026-08-12
アザム・ヒサンの鎧 (鑑定),6,鑑定,549.5,NEW_REALM_2,2026-08-12
アザム・ヒサンの鎧 (鑑定),8,鑑定,1554.3,NEW_REALM_2,2026-08-12
アザム・ヒサンの長靴 (未鑑定),0,未鑑定,75.36,NEW_REALM_2,2026-08-12
アザム・ヒサンの長靴 (鑑定),0,鑑定,50.24,NEW_REALM_2,2026-08-12
アザム・ヒサンの長靴 (鑑定),5,鑑定,125.6,NEW_REALM_2,2026-08-12
アザム・ヒサンの長靴 (鑑定),8,鑑定,712.78,NEW_REALM_2,2026-08-12
アザム・ヒサンの革ズボン (未鑑定),0,未鑑定,59.66,NEW_REALM_2,2026-08-12
アザム・ヒサンの革ズボン (鑑定),0,鑑定,54.95,NEW_REALM_2,2026-08-12
アザム・ヒサンの革ズボン (鑑定),5,鑑定,94.2,NEW_REALM_2,2026-08-12
アザム・ヒサンの革ズボン (鑑定),6,鑑定,284.17,NEW_REALM_2,2026-08-12
アザム・ヒサンの革ズボン (鑑定),8,鑑定,785.0,NEW_REALM_2,2026-08-12
アビリティ:カリオンの洞察【呪文】,0,なし,785.0,NEW_REALM_2,2026-08-12
アビリティ:ギャンブル【補助】,0,なし,26690.0,NEW_REALM_2,2026-08-12
アビリティ:セクレタの才能【偵察】,0,なし,519.67,NEW_REALM_2,2026-08-12
アビリティ:テレノスの力【戦闘】,0,なし,32.97,NEW_REALM_2,2026-08-12
アビリティ:必殺の一撃【強化】,0,なし,47100.0,NEW_REALM_2,2026-08-12
アビリティ:慎重な攻撃【補助】,0,なし,50.24,NEW_REALM_2,2026-08-12
アビリティ:破壊の武器【技巧】,0,なし,9044.77,NEW_REALM_2,2026-08-12
アビリティ:磁場生成【呪文】,0,なし,9302.25,NEW_REALM_2,2026-08-12
アビリティ:純粋なマナ回復薬【活力】,0,なし,15.7,NEW_REALM_2,2026-08-12
アビリティ:結界形成【防御】,0,なし,17270.0,NEW_REALM_2,2026-08-12
アビリティ:解剖学【補助】,0,なし,33284.0,NEW_REALM_2,2026-08-12
アビリティ:超感覚【偵察】,0,なし,14130.0,NEW_REALM_2,2026-08-12
アビリティ:酷寒の武器【呪文】,0,なし,7807.61,NEW_REALM_2,2026-08-12
アビリティ:雷精霊【強化】,0,なし,7065.0,NEW_REALM_2,2026-08-12
アンコモン装飾品強化箱(100個),0,なし,42.39,NEW_REALM_2,2026-08-12
アンデミックのサドル,0,なし,706.5,NEW_REALM_2,2026-08-12
イニスのヘルム (未鑑定),0,未鑑定,23550.0,NEW_REALM_2,2026-08-12
イニスのベルト ,0,なし,58090.0,NEW_REALM_2,2026-08-12
イニスの鎧 (未鑑定),0,未鑑定,25120.0,NEW_REALM_2,2026-08-12
エオスのリング,0,なし,45530.0,NEW_REALM_2,2026-08-12
エオスのローブ (未鑑定),0,未鑑定,31400.0,NEW_REALM_2,2026-08-12
エオスの大剣 (未鑑定),0,未鑑定,258426.71,NEW_REALM_2,2026-08-12
エオスの短靴 (未鑑定),0,未鑑定,34540.0,NEW_REALM_2,2026-08-12
エル・セラのイヤリング,0,なし,1570.0,NEW_REALM_2,2026-08-12
エル・セラのガントレット (未鑑定),0,未鑑定,761.4499999999999,NEW_REALM_2,2026-08-12
エル・セラのガントレット (鑑定),5,鑑定,785.0,NEW_REALM_2,2026-08-12
エル・セラのガントレット (鑑定),7,鑑定,1684.61,NEW_REALM_2,2026-08-12
エル・セラのグリーヴ (未鑑定),0,未鑑定,753.6,NEW_REALM_2,2026-08-12
エル・セラのグリーヴ (鑑定),8,鑑定,6908.0,NEW_REALM_2,2026-08-12
エル・セラのグローブ (鑑定),10,鑑定,6278.43,NEW_REALM_2,2026-08-12
エル・セラのグローブ (鑑定),5,鑑定,1570.0,NEW_REALM_2,2026-08-12
エル・セラのサイド (未鑑定),0,未鑑定,23550.0,NEW_REALM_2,2026-08-12
エル・セラのネックレス,0,なし,15698.429999999998,NEW_REALM_2,2026-08-12
エル・セラのブレスレット,0,なし,1884.0,NEW_REALM_2,2026-08-12
エル・セラのベスト (未鑑定),0,未鑑定,942.0,NEW_REALM_2,2026-08-12
エル・セラのベルト,0,なし,1413.0,NEW_REALM_2,2026-08-12
エル・セラのリング,0,なし,1727.0,NEW_REALM_2,2026-08-12
エル・セラのローブ (鑑定),0,鑑定,2067.69,NEW_REALM_2,2026-08-12
エル・セラの剣/盾 (未鑑定),0,未鑑定,14915.0,NEW_REALM_2,2026-08-12
エル・セラの布ズボン (未鑑定),0,未鑑定,1256.0,NEW_REALM_2,2026-08-12
エル・セラの布ズボン (鑑定),5,鑑定,1334.5,NEW_REALM_2,2026-08-12
エル・セラの帽子 (未鑑定),0,未鑑定,471.0,NEW_REALM_2,2026-08-12
エル・セラの弓 (未鑑定),0,未鑑定,23550.0,NEW_REALM_2,2026-08-12
エル・セラの手甲 (未鑑定),0,未鑑定,1570.0,NEW_REALM_2,2026-08-12
エル・セラの短剣 (未鑑定),0,未鑑定,15502.179999999998,NEW_REALM_2,2026-08-12
エル・セラの短靴 (未鑑定),0,未鑑定,785.0,NEW_REALM_2,2026-08-12
エル・セラの短靴 (鑑定),6,鑑定,1568.43,NEW_REALM_2,2026-08-12
エル・セラの破壊マント (未鑑定),0,未鑑定,2983.0,NEW_REALM_2,2026-08-12
エル・セラの籠手 (未鑑定),0,未鑑定,2199.57,NEW_REALM_2,2026-08-12
エル・セラの精霊マント (未鑑定),0,未鑑定,6280.0,NEW_REALM_2,2026-08-12
エル・セラの鎧 (鑑定),0,鑑定,1570.0,NEW_REALM_2,2026-08-12
オペルタのベルト,0,なし,62643.0,NEW_REALM_2,2026-08-12
オペルタのレガース (未鑑定),0,未鑑定,18840.0,NEW_REALM_2,2026-08-12
ガルバのサドル,0,なし,471.0,NEW_REALM_2,2026-08-12
クランシアのガントレット (未鑑定),0,未鑑定,1256.0,NEW_REALM_2,2026-08-12
クランシアのグリーヴ (未鑑定),0,未鑑定,785.0,NEW_REALM_2,2026-08-12
クランシアのブレスレット,0,なし,3925.0,NEW_REALM_2,2026-08-12
クランシアのヘルム (未鑑定),0,未鑑定,1884.0,NEW_REALM_2,2026-08-12
クランシアのベルト,0,なし,3140.0,NEW_REALM_2,2026-08-12
クランシアのレガース (未鑑定),0,未鑑定,1099.0,NEW_REALM_2,2026-08-12
クランシアの帽子 (鑑定),5,鑑定,1323.51,NEW_REALM_2,2026-08-12
クランシアの戦棒 (未鑑定),0,未鑑定,23550.0,NEW_REALM_2,2026-08-12
クランシアの破壊マント (未鑑定),0,未鑑定,6280.0,NEW_REALM_2,2026-08-12
クロスボウ：ハンターの証,0,なし,28260.0,NEW_REALM_2,2026-08-12
クロスボウ：距離調節,0,なし,138.16,NEW_REALM_2,2026-08-12
クロスボウ：鋭い矢,0,なし,15.7,NEW_REALM_2,2026-08-12
グレイシスのサドル,0,なし,1099.0,NEW_REALM_2,2026-08-12
ケルサのサドル,0,なし,128.73999999999998,NEW_REALM_2,2026-08-12
サイド：処刑準備,0,なし,161.71,NEW_REALM_2,2026-08-12
サイド：魂の循環,0,なし,372.09,NEW_REALM_2,2026-08-12
セラドのイヤリング,0,なし,1725.43,NEW_REALM_2,2026-08-12
セラドのガントレット (未鑑定),0,未鑑定,56.52,NEW_REALM_2,2026-08-12
セラドのガントレット (鑑定),0,鑑定,69.08,NEW_REALM_2,2026-08-12
セラドのガントレット (鑑定),4,鑑定,235.5,NEW_REALM_2,2026-08-12
セラドのガントレット (鑑定),5,鑑定,78.5,NEW_REALM_2,2026-08-12
セラドのクロスボウ (未鑑定),0,未鑑定,3454.0,NEW_REALM_2,2026-08-12
セラドのクロスボウ (鑑定),8,鑑定,4457.2300000000005,NEW_REALM_2,2026-08-12
セラドのグリーヴ (未鑑定),0,未鑑定,76.92999999999999,NEW_REALM_2,2026-08-12
セラドのグリーヴ (鑑定),0,鑑定,141.3,NEW_REALM_2,2026-08-12
セラドのグリーヴ (鑑定),5,鑑定,774.01,NEW_REALM_2,2026-08-12
セラドのグリーヴ (鑑定),8,鑑定,828.96,NEW_REALM_2,2026-08-12
セラドのグローブ (未鑑定),0,未鑑定,56.52,NEW_REALM_2,2026-08-12
セラドのグローブ (鑑定),0,鑑定,56.52,NEW_REALM_2,2026-08-12
セラドのグローブ (鑑定),5,鑑定,774.01,NEW_REALM_2,2026-08-12
セラドのサイド (未鑑定),0,未鑑定,6540.62,NEW_REALM_2,2026-08-12
セラドのフード (未鑑定),0,未鑑定,103.62,NEW_REALM_2,2026-08-12
セラドのフード (鑑定),0,鑑定,76.92999999999999,NEW_REALM_2,2026-08-12
セラドのフード (鑑定),5,鑑定,139.73,NEW_REALM_2,2026-08-12
セラドのブレスレット,0,なし,863.5,NEW_REALM_2,2026-08-12
セラドのヘルム (未鑑定),0,未鑑定,102.05,NEW_REALM_2,2026-08-12
セラドのヘルム (鑑定),0,鑑定,172.70000000000002,NEW_REALM_2,2026-08-12
セラドのヘルム (鑑定),4,鑑定,266.9,NEW_REALM_2,2026-08-12
セラドのヘルム (鑑定),5,鑑定,166.42000000000002,NEW_REALM_2,2026-08-12
セラドのベスト (未鑑定),0,未鑑定,73.78999999999999,NEW_REALM_2,2026-08-12
セラドのベスト (鑑定),0,鑑定,102.05,NEW_REALM_2,2026-08-12
セラドのベスト (鑑定),5,鑑定,157.0,NEW_REALM_2,2026-08-12
セラドのベルト,0,なし,1064.46,NEW_REALM_2,2026-08-12
セラドのリング,0,なし,1177.5,NEW_REALM_2,2026-08-12
セラドのレガース (未鑑定),0,未鑑定,208.81,NEW_REALM_2,2026-08-12
セラドのレガース (鑑定),0,鑑定,345.40000000000003,NEW_REALM_2,2026-08-12
セラドのローブ (未鑑定),0,未鑑定,114.61,NEW_REALM_2,2026-08-12
セラドのローブ (鑑定),0,鑑定,157.0,NEW_REALM_2,2026-08-12
セラドのローブ (鑑定),8,鑑定,905.89,NEW_REALM_2,2026-08-12
セラドの剣/盾 (未鑑定),0,未鑑定,3187.1,NEW_REALM_2,2026-08-12
セラドの大剣 (未鑑定),0,未鑑定,2981.43,NEW_REALM_2,2026-08-12
セラドの大剣 (鑑定),0,鑑定,3355.09,NEW_REALM_2,2026-08-12
セラドの大剣 (鑑定),7,鑑定,4228.01,NEW_REALM_2,2026-08-12
セラドの大剣 (鑑定),8,鑑定,3454.0,NEW_REALM_2,2026-08-12
セラドの布ズボン (未鑑定),0,未鑑定,65.94,NEW_REALM_2,2026-08-12
セラドの布ズボン (鑑定),0,鑑定,87.92,NEW_REALM_2,2026-08-12
セラドの布ズボン (鑑定),5,鑑定,92.63,NEW_REALM_2,2026-08-12
セラドの帽子 (未鑑定),0,未鑑定,64.36999999999999,NEW_REALM_2,2026-08-12
セラドの帽子 (鑑定),0,鑑定,86.35000000000001,NEW_REALM_2,2026-08-12
セラドの帽子 (鑑定),6,鑑定,205.67,NEW_REALM_2,2026-08-12
セラドの弓 (鑑定),8,鑑定,6973.9400000000005,NEW_REALM_2,2026-08-12
セラドの手甲 (未鑑定),0,未鑑定,109.9,NEW_REALM_2,2026-08-12
セラドの手甲 (鑑定),0,鑑定,155.43,NEW_REALM_2,2026-08-12
セラドの杖 (未鑑定),0,未鑑定,3297.0,NEW_REALM_2,2026-08-12
セラドの短剣 (未鑑定),0,未鑑定,2430.36,NEW_REALM_2,2026-08-12
セラドの短靴 (未鑑定),0,未鑑定,167.99,NEW_REALM_2,2026-08-12
セラドの短靴 (鑑定),0,鑑定,188.4,NEW_REALM_2,2026-08-12
セラドの短靴 (鑑定),4,鑑定,871.35,NEW_REALM_2,2026-08-12
セラドの短靴 (鑑定),6,鑑定,204.1,NEW_REALM_2,2026-08-12
セラドの籠手 (鑑定),8,鑑定,3099.18,NEW_REALM_2,2026-08-12
セラドの鎧 (鑑定),0,鑑定,78.5,NEW_REALM_2,2026-08-12
セラドの鎧 (鑑定),5,鑑定,211.95,NEW_REALM_2,2026-08-12
セラドの長靴 (未鑑定),0,未鑑定,89.49,NEW_REALM_2,2026-08-12
セラドの長靴 (鑑定),0,鑑定,386.22,NEW_REALM_2,2026-08-12
セラドの長靴 (鑑定),5,鑑定,704.9300000000001,NEW_REALM_2,2026-08-12
セラドの長靴 (鑑定),6,鑑定,785.0,NEW_REALM_2,2026-08-12
セラドの長靴 (鑑定),7,鑑定,785.0,NEW_REALM_2,2026-08-12
セラドの革ズボン (未鑑定),0,未鑑定,133.45,NEW_REALM_2,2026-08-12
セラドの革ズボン (鑑定),0,鑑定,196.25,NEW_REALM_2,2026-08-12
セラドの革ズボン (鑑定),6,鑑定,2041.0,NEW_REALM_2,2026-08-12
セルスのブレスレット,0,なし,39093.0,NEW_REALM_2,2026-08-12
セルスのヘルム (未鑑定),0,未鑑定,14140.99,NEW_REALM_2,2026-08-12
セルスのリング,0,なし,46943.0,NEW_REALM_2,2026-08-12
セルスの帽子 (鑑定),7,鑑定,9523.62,NEW_REALM_2,2026-08-12
セルスの手甲 (未鑑定),0,未鑑定,27946.0,NEW_REALM_2,2026-08-12
セルスの革ズボン (未鑑定),0,未鑑定,28417.0,NEW_REALM_2,2026-08-12
セルビスのイヤリング,0,なし,1224.6,NEW_REALM_2,2026-08-12
セルビスのガントレット (未鑑定),0,未鑑定,157.0,NEW_REALM_2,2026-08-12
セルビスのクロスボウ (未鑑定),0,未鑑定,4396.0,NEW_REALM_2,2026-08-12
セルビスのグリーヴ (未鑑定),0,未鑑定,180.55,NEW_REALM_2,2026-08-12
セルビスのグリーヴ (鑑定),0,鑑定,312.43,NEW_REALM_2,2026-08-12
セルビスのグローブ (未鑑定),0,未鑑定,995.38,NEW_REALM_2,2026-08-12
セルビスのグローブ (鑑定),8,鑑定,2353.43,NEW_REALM_2,2026-08-12
セルビスのフード (未鑑定),0,未鑑定,624.86,NEW_REALM_2,2026-08-12
セルビスのフード (鑑定),0,鑑定,290.45,NEW_REALM_2,2026-08-12
セルビスのブレスレット,0,なし,942.0,NEW_REALM_2,2026-08-12
セルビスのヘルム (未鑑定),0,未鑑定,130.31,NEW_REALM_2,2026-08-12
セルビスのヘルム (鑑定),0,鑑定,251.2,NEW_REALM_2,2026-08-12
セルビスのベスト (未鑑定),0,未鑑定,219.8,NEW_REALM_2,2026-08-12
セルビスのベスト (鑑定),0,鑑定,243.35,NEW_REALM_2,2026-08-12
セルビスのベスト (鑑定),5,鑑定,386.22,NEW_REALM_2,2026-08-12
セルビスのベスト (鑑定),6,鑑定,266.9,NEW_REALM_2,2026-08-12
セルビスのリング,0,なし,1880.86,NEW_REALM_2,2026-08-12
セルビスのローブ (未鑑定),0,未鑑定,295.16,NEW_REALM_2,2026-08-12
セルビスのローブ (鑑定),0,鑑定,157.0,NEW_REALM_2,2026-08-12
セルビスの剣/盾 (未鑑定),0,未鑑定,3358.23,NEW_REALM_2,2026-08-12
セルビスの大剣 (鑑定),8,鑑定,4710.0,NEW_REALM_2,2026-08-12
セルビスの布ズボン (鑑定),0,鑑定,745.75,NEW_REALM_2,2026-08-12
セルビスの帽子 (未鑑定),0,未鑑定,114.61,NEW_REALM_2,2026-08-12
セルビスの帽子 (鑑定),0,鑑定,314.0,NEW_REALM_2,2026-08-12
セルビスの帽子 (鑑定),5,鑑定,235.5,NEW_REALM_2,2026-08-12
セルビスの帽子 (鑑定),6,鑑定,471.0,NEW_REALM_2,2026-08-12
セルビスの戦闘盾 (未鑑定),0,未鑑定,3138.43,NEW_REALM_2,2026-08-12
セルビスの手甲 (未鑑定),0,未鑑定,219.8,NEW_REALM_2,2026-08-12
セルビスの手甲 (鑑定),8,鑑定,1781.95,NEW_REALM_2,2026-08-12
セルビスの手甲 (鑑定),9,鑑定,2296.9100000000003,NEW_REALM_2,2026-08-12
セルビスの短剣 (未鑑定),0,未鑑定,4553.0,NEW_REALM_2,2026-08-12
セルビスの短靴 (鑑定),0,鑑定,942.0,NEW_REALM_2,2026-08-12
セルビスの鎧 (未鑑定),0,未鑑定,157.0,NEW_REALM_2,2026-08-12
セルビスの鎧 (鑑定),0,鑑定,712.78,NEW_REALM_2,2026-08-12
セルビスの鎧 (鑑定),5,鑑定,282.6,NEW_REALM_2,2026-08-12
セルビスの鎧 (鑑定),8,鑑定,1485.22,NEW_REALM_2,2026-08-12
セルビスの長靴 (未鑑定),0,未鑑定,306.15,NEW_REALM_2,2026-08-12
セルビスの長靴 (鑑定),5,鑑定,706.5,NEW_REALM_2,2026-08-12
セルビスの長靴 (鑑定),6,鑑定,472.57,NEW_REALM_2,2026-08-12
セルビスの革ズボン (鑑定),8,鑑定,948.28,NEW_REALM_2,2026-08-12
ソムニウムのサドル,0,なし,4708.429999999999,NEW_REALM_2,2026-08-12
デルフォンのサドル,0,なし,3138.43,NEW_REALM_2,2026-08-12
ドラカスのサドル,0,なし,471.0,NEW_REALM_2,2026-08-12
バフォンのサドル,0,なし,1381.6,NEW_REALM_2,2026-08-12
ブルカヌスのサドル,0,なし,1727.0,NEW_REALM_2,2026-08-12
ペルトロフのサドル,0,なし,628.0,NEW_REALM_2,2026-08-12
ペルノクスのグリーヴ (未鑑定),0,未鑑定,23550.0,NEW_REALM_2,2026-08-12
ペルノクスのヘルム (未鑑定),0,未鑑定,17270.0,NEW_REALM_2,2026-08-12
ペルノクスのレガース (未鑑定),0,未鑑定,16956.0,NEW_REALM_2,2026-08-12
ペルノクスの鎧 (未鑑定),0,未鑑定,24335.0,NEW_REALM_2,2026-08-12
ラバトニスのサドル,0,なし,1537.03,NEW_REALM_2,2026-08-12
ラベスのサドル,0,なし,5338.0,NEW_REALM_2,2026-08-12
ランフォンのサドル,0,なし,1497.78,NEW_REALM_2,2026-08-12
レア装飾品強化箱(100個),0,なし,357.96,NEW_REALM_2,2026-08-12
ロディのサドル,0,なし,1570.0,NEW_REALM_2,2026-08-12
光の戦闘馬のサドル,0,なし,133.45,NEW_REALM_2,2026-08-12
剣と盾：戦場の先駆者,0,なし,21205.99,NEW_REALM_2,2026-08-12
剣と盾：機会捕捉,0,なし,94.2,NEW_REALM_2,2026-08-12
剣と盾：防御修練,0,なし,194.68,NEW_REALM_2,2026-08-12
大剣：極限の力,0,なし,109.9,NEW_REALM_2,2026-08-12
大剣：狂戦士の誇り,0,なし,7693.0,NEW_REALM_2,2026-08-12
大剣：鋭い剣,0,なし,15.7,NEW_REALM_2,2026-08-12
弓：品質の良い矢,0,なし,70.65,NEW_REALM_2,2026-08-12
弓：標的照準,0,なし,174.27,NEW_REALM_2,2026-08-12
戦棒：均衡,0,なし,15.7,NEW_REALM_2,2026-08-12
戦棒：軽やかな身のこなし,0,なし,37.68,NEW_REALM_2,2026-08-12
戦闘盾：光の守護者,0,なし,17270.0,NEW_REALM_2,2026-08-12
戦闘盾：堅固な鎧,0,なし,109.9,NEW_REALM_2,2026-08-12
戦闘盾：忍耐力,0,なし,314.0,NEW_REALM_2,2026-08-12
手懐けられたモネタ狼のサドル,0,なし,202.53,NEW_REALM_2,2026-08-12
杖：元素覚醒,0,なし,7850.0,NEW_REALM_2,2026-08-12
杖：魔力無視,0,なし,15.7,NEW_REALM_2,2026-08-12
杖：黒オール,0,なし,53.38,NEW_REALM_2,2026-08-12
武装したバイランの軍馬のサドル,0,なし,153.86,NEW_REALM_2,2026-08-12
流浪狼のサドル,0,なし,202.53,NEW_REALM_2,2026-08-12
灰色の夜明けのガントレット (未鑑定),0,未鑑定,196.25,NEW_REALM_2,2026-08-12
灰色の夜明けのガントレット (鑑定),0,鑑定,56.52,NEW_REALM_2,2026-08-12
灰色の夜明けのガントレット (鑑定),5,鑑定,202.53,NEW_REALM_2,2026-08-12
灰色の夜明けのガントレット (鑑定),8,鑑定,1256.0,NEW_REALM_2,2026-08-12
灰色の夜明けのクロスボウ (未鑑定),0,未鑑定,4859.15,NEW_REALM_2,2026-08-12
灰色の夜明けのグリーヴ (鑑定),0,鑑定,3140.0,NEW_REALM_2,2026-08-12
灰色の夜明けのグリーヴ (鑑定),5,鑑定,3611.0,NEW_REALM_2,2026-08-12
灰色の夜明けのグローブ (未鑑定),0,未鑑定,383.08,NEW_REALM_2,2026-08-12
灰色の夜明けのグローブ (鑑定),0,鑑定,298.3,NEW_REALM_2,2026-08-12
灰色の夜明けのサイド (未鑑定),0,未鑑定,7850.0,NEW_REALM_2,2026-08-12
灰色の夜明けのフード (鑑定),0,鑑定,2307.9,NEW_REALM_2,2026-08-12
灰色の夜明けのブレスレット,0,なし,863.5,NEW_REALM_2,2026-08-12
灰色の夜明けのブレスレット,6,なし,1884.0,NEW_REALM_2,2026-08-12
灰色の夜明けのヘルム (未鑑定),0,未鑑定,345.40000000000003,NEW_REALM_2,2026-08-12
灰色の夜明けのヘルム (鑑定),0,鑑定,471.0,NEW_REALM_2,2026-08-12
灰色の夜明けのヘルム (鑑定),8,鑑定,1441.26,NEW_REALM_2,2026-08-12
灰色の夜明けのベスト (未鑑定),0,未鑑定,306.15,NEW_REALM_2,2026-08-12
灰色の夜明けのベスト (鑑定),0,鑑定,1570.0,NEW_REALM_2,2026-08-12
灰色の夜明けのベルト,0,なし,785.0,NEW_REALM_2,2026-08-12
灰色の夜明けのリング,0,なし,1491.5,NEW_REALM_2,2026-08-12
灰色の夜明けのレガース (未鑑定),0,未鑑定,408.2,NEW_REALM_2,2026-08-12
灰色の夜明けのローブ (未鑑定),0,未鑑定,224.51,NEW_REALM_2,2026-08-12
灰色の夜明けのローブ (鑑定),0,鑑定,235.5,NEW_REALM_2,2026-08-12
灰色の夜明けの剣/盾 (未鑑定),0,未鑑定,3917.15,NEW_REALM_2,2026-08-12
灰色の夜明けの勇猛マント (未鑑定),0,未鑑定,3454.0,NEW_REALM_2,2026-08-12
灰色の夜明けの大剣 (未鑑定),0,未鑑定,7564.26,NEW_REALM_2,2026-08-12
灰色の夜明けの布ズボン (未鑑定),0,未鑑定,431.75,NEW_REALM_2,2026-08-12
灰色の夜明けの布ズボン (鑑定),4,鑑定,628.0,NEW_REALM_2,2026-08-12
灰色の夜明けの帽子 (未鑑定),0,未鑑定,345.40000000000003,NEW_REALM_2,2026-08-12
灰色の夜明けの帽子 (鑑定),0,鑑定,610.73,NEW_REALM_2,2026-08-12
灰色の夜明けの弓 (未鑑定),0,未鑑定,10200.29,NEW_REALM_2,2026-08-12
灰色の夜明けの弓 (鑑定),0,鑑定,7141.93,NEW_REALM_2,2026-08-12
灰色の夜明けの戦闘マント (未鑑定),0,未鑑定,5652.0,NEW_REALM_2,2026-08-12
灰色の夜明けの戦闘マント (鑑定),0,鑑定,1727.0,NEW_REALM_2,2026-08-12
灰色の夜明けの戦闘マント (鑑定),3,鑑定,11775.0,NEW_REALM_2,2026-08-12
灰色の夜明けの戦闘マント (鑑定),4,鑑定,13816.0,NEW_REALM_2,2026-08-12
灰色の夜明けの戦闘盾 (鑑定),0,鑑定,7850.0,NEW_REALM_2,2026-08-12
灰色の夜明けの手甲 (未鑑定),0,未鑑定,147.57999999999998,NEW_REALM_2,2026-08-12
灰色の夜明けの手甲 (鑑定),0,鑑定,157.0,NEW_REALM_2,2026-08-12
灰色の夜明けの手甲 (鑑定),5,鑑定,227.65,NEW_REALM_2,2026-08-12
灰色の夜明けの短剣 (未鑑定),0,未鑑定,6280.0,NEW_REALM_2,2026-08-12
灰色の夜明けの短剣 (鑑定),0,鑑定,3140.0,NEW_REALM_2,2026-08-12
灰色の夜明けの短靴 (未鑑定),0,未鑑定,353.25,NEW_REALM_2,2026-08-12
灰色の夜明けの短靴 (鑑定),5,鑑定,1331.36,NEW_REALM_2,2026-08-12
灰色の夜明けの破壊マント (未鑑定),0,未鑑定,3114.88,NEW_REALM_2,2026-08-12
灰色の夜明けの籠手 (未鑑定),0,未鑑定,2826.0,NEW_REALM_2,2026-08-12
灰色の夜明けの籠手 (鑑定),6,鑑定,3488.54,NEW_REALM_2,2026-08-12
灰色の夜明けの籠手 (鑑定),7,鑑定,2826.0,NEW_REALM_2,2026-08-12
灰色の夜明けの精霊マント (未鑑定),0,未鑑定,3297.0,NEW_REALM_2,2026-08-12
灰色の夜明けの精霊マント (鑑定),0,鑑定,4082.0,NEW_REALM_2,2026-08-12
灰色の夜明けの精霊マント (鑑定),3,鑑定,7222.0,NEW_REALM_2,2026-08-12
灰色の夜明けの鎧 (未鑑定),0,未鑑定,210.38,NEW_REALM_2,2026-08-12
灰色の夜明けの鎧 (鑑定),0,鑑定,119.32,NEW_REALM_2,2026-08-12
灰色の夜明けの鎧 (鑑定),5,鑑定,453.73,NEW_REALM_2,2026-08-12
灰色の夜明けの鎧 (鑑定),6,鑑定,392.5,NEW_REALM_2,2026-08-12
灰色の夜明けの鎧 (鑑定),8,鑑定,2355.0,NEW_REALM_2,2026-08-12
灰色の夜明けの長靴 (未鑑定),0,未鑑定,386.22,NEW_REALM_2,2026-08-12
灰色の夜明けの革ズボン (未鑑定),0,未鑑定,499.2600000000001,NEW_REALM_2,2026-08-12
灰色の夜明けの革ズボン (鑑定),4,鑑定,722.1999999999999,NEW_REALM_2,2026-08-12
白い戦闘馬のサドル,0,なし,147.57999999999998,NEW_REALM_2,2026-08-12
短剣：暗殺者の印,0,なし,47.1,NEW_REALM_2,2026-08-12
短剣：素早さ,0,なし,15.7,NEW_REALM_2,2026-08-12
素手：武術修練,0,なし,1725.43,NEW_REALM_2,2026-08-12
聖戦士の軍馬のサドル,0,なし,376.8,NEW_REALM_2,2026-08-12
荒ぶる戦闘狼のサドル,0,なし,97.34,NEW_REALM_2,2026-08-12
青い戦闘馬のサドル,0,なし,133.45,NEW_REALM_2,2026-08-12
魔法使いの駿馬のサドル,0,なし,213.52,NEW_REALM_2,2026-08-12
黒棘のガントレット (未鑑定),0,未鑑定,1128.8300000000002,NEW_REALM_2,2026-08-12
黒棘のガントレット (鑑定),6,鑑定,1177.5,NEW_REALM_2,2026-08-12
黒棘のグリーヴ (鑑定),4,鑑定,3140.0,NEW_REALM_2,2026-08-12
黒棘のグローブ (未鑑定),0,未鑑定,1099.0,NEW_REALM_2,2026-08-12
黒棘のネックレス,0,なし,8635.0,NEW_REALM_2,2026-08-12
黒棘のフード (未鑑定),0,未鑑定,390.93,NEW_REALM_2,2026-08-12
黒棘のフード (鑑定),0,鑑定,471.0,NEW_REALM_2,2026-08-12
黒棘のブレスレット,0,なし,2337.73,NEW_REALM_2,2026-08-12
黒棘のブレスレット,14,なし,9263.0,NEW_REALM_2,2026-08-12
黒棘のヘルム (未鑑定),0,未鑑定,471.0,NEW_REALM_2,2026-08-12
黒棘のベスト (未鑑定),0,未鑑定,706.5,NEW_REALM_2,2026-08-12
黒棘のベスト (鑑定),5,鑑定,2326.74,NEW_REALM_2,2026-08-12
黒棘のベルト,0,なし,1256.0,NEW_REALM_2,2026-08-12
黒棘のレガース (未鑑定),0,未鑑定,628.0,NEW_REALM_2,2026-08-12
黒棘のレガース (鑑定),0,鑑定,871.35,NEW_REALM_2,2026-08-12
黒棘のレガース (鑑定),5,鑑定,847.8000000000001,NEW_REALM_2,2026-08-12
黒棘のレガース (鑑定),6,鑑定,942.0,NEW_REALM_2,2026-08-12
黒棘のローブ (未鑑定),0,未鑑定,1177.5,NEW_REALM_2,2026-08-12
黒棘のローブ (鑑定),0,鑑定,3140.0,NEW_REALM_2,2026-08-12
黒棘の剣/盾 (未鑑定),0,未鑑定,10988.429999999998,NEW_REALM_2,2026-08-12
黒棘の勇猛マント (未鑑定),0,未鑑定,7850.0,NEW_REALM_2,2026-08-12
黒棘の布ズボン (未鑑定),0,未鑑定,359.53000000000003,NEW_REALM_2,2026-08-12
黒棘の布ズボン (鑑定),0,鑑定,306.15,NEW_REALM_2,2026-08-12
黒棘の布ズボン (鑑定),5,鑑定,2355.0,NEW_REALM_2,2026-08-12
黒棘の帽子 (未鑑定),0,未鑑定,282.6,NEW_REALM_2,2026-08-12
黒棘の帽子 (鑑定),0,鑑定,392.5,NEW_REALM_2,2026-08-12
黒棘の戦棒 (未鑑定),0,未鑑定,14444.0,NEW_REALM_2,2026-08-12
黒棘の戦闘マント (未鑑定),0,未鑑定,5652.0,NEW_REALM_2,2026-08-12
黒棘の手甲 (未鑑定),0,未鑑定,2826.0,NEW_REALM_2,2026-08-12
黒棘の手甲 (鑑定),6,鑑定,785.0,NEW_REALM_2,2026-08-12
黒棘の短剣 (未鑑定),0,未鑑定,18083.26,NEW_REALM_2,2026-08-12
黒棘の破壊マント (未鑑定),0,未鑑定,3325.26,NEW_REALM_2,2026-08-12
黒棘の籠手 (鑑定),7,鑑定,4132.24,NEW_REALM_2,2026-08-12
黒棘の籠手 (鑑定),8,鑑定,3611.0,NEW_REALM_2,2026-08-12
黒棘の精霊マント (未鑑定),0,未鑑定,3925.0,NEW_REALM_2,2026-08-12
黒棘の鎧 (鑑定),0,鑑定,392.5,NEW_REALM_2,2026-08-12
黒棘の鎧 (鑑定),6,鑑定,314.0,NEW_REALM_2,2026-08-12
黒棘の長靴 (未鑑定),0,未鑑定,785.0,NEW_REALM_2,2026-08-12
黒棘の革ズボン (未鑑定),0,未鑑定,701.79,NEW_REALM_2,2026-08-12
黒棘の革ズボン (鑑定),0,鑑定,447.45,NEW_REALM_2,2026-08-12
黒棘の革ズボン (鑑定),5,鑑定,593.4599999999999,NEW_REALM_2,2026-08-12
1段階10番培養細胞箱(10個),+0,なし,15.700000000000001,NEW_REALM,2026-08-13
1段階11番培養細胞箱(10個),+0,なし,103.62,NEW_REALM,2026-08-13
1段階12番培養細胞箱(10個),+0,なし,204.1,NEW_REALM,2026-08-13
1段階13番培養細胞箱(10個),+0,なし,453.73,NEW_REALM,2026-08-13
1段階14番培養細胞箱(10個),+0,なし,2276.5,NEW_REALM,2026-08-13
1段階15番培養細胞箱(10個),+0,なし,15555.56,NEW_REALM,2026-08-13
1段階16番培養細胞箱(5個),+0,なし,29539.55,NEW_REALM,2026-08-13
1段階1番培養細胞箱(10個),+0,なし,15.700000000000001,NEW_REALM,2026-08-13
1段階2番培養細胞箱(10個),+0,なし,15.700000000000001,NEW_REALM,2026-08-13
1段階3番培養細胞箱(10個),+0,なし,15.700000000000001,NEW_REALM,2026-08-13
1段階4番培養細胞箱(10個),+0,なし,15.700000000000001,NEW_REALM,2026-08-13
1段階5番培養細胞箱(10個),+0,なし,15.700000000000001,NEW_REALM,2026-08-13
1段階6番培養細胞箱(10個),+0,なし,15.700000000000001,NEW_REALM,2026-08-13
1段階7番培養細胞箱(10個),+0,なし,15.700000000000001,NEW_REALM,2026-08-13
1段階8番培養細胞箱(10個),+0,なし,15.700000000000001,NEW_REALM,2026-08-13
1段階9番培養細胞箱(10個),+0,なし,15.700000000000001,NEW_REALM,2026-08-13
1段階エピック装飾品強化箱(10個),+0,なし,91.05999999999999,NEW_REALM,2026-08-13
1段階レジェンド装飾品強化箱(10個),+0,なし,188.4,NEW_REALM,2026-08-13
"1段階時の欠片箱(1,000個)",+0,なし,29.830000000000002,NEW_REALM,2026-08-13
"1段階没落の残滓(100,000個)",+0,なし,50.24,NEW_REALM,2026-08-13
1段階錬金術触媒箱(100個),+0,なし,15.700000000000001,NEW_REALM,2026-08-13
1段階黒オール箱(100個),+0,なし,15.700000000000001,NEW_REALM,2026-08-13
2段階10番培養細胞箱(50個),+0,なし,109.89999999999999,NEW_REALM,2026-08-13
2段階11番培養細胞箱(50個),+0,なし,511.82,NEW_REALM,2026-08-13
2段階1番培養細胞箱(50個),+0,なし,15.700000000000001,NEW_REALM,2026-08-13
2段階2番培養細胞箱(50個),+0,なし,15.700000000000001,NEW_REALM,2026-08-13
2段階3番培養細胞箱(50個),+0,なし,15.700000000000001,NEW_REALM,2026-08-13
2段階4番培養細胞箱(50個),+0,なし,15.700000000000001,NEW_REALM,2026-08-13
2段階5番培養細胞箱(50個),+0,なし,15.700000000000001,NEW_REALM,2026-08-13
2段階6番培養細胞箱(50個),+0,なし,15.700000000000001,NEW_REALM,2026-08-13
2段階7番培養細胞箱(50個),+0,なし,15.700000000000001,NEW_REALM,2026-08-13
2段階8番培養細胞箱(50個),+0,なし,15.700000000000001,NEW_REALM,2026-08-13
2段階9番培養細胞箱(50個),+0,なし,15.700000000000001,NEW_REALM,2026-08-13
2段階エピック装飾品強化箱(100個),+0,なし,1091.15,NEW_REALM,2026-08-13
2段階レジェンド装飾品強化箱(100個),+0,なし,3499.5299999999997,NEW_REALM,2026-08-13
"2段階時の欠片箱(5,000個)",+0,なし,155.43,NEW_REALM,2026-08-13
"2段階没落の残滓(500,000個)",+0,なし,194.68,NEW_REALM,2026-08-13
2段階錬金術触媒箱(500個),+0,なし,86.35000000000001,NEW_REALM,2026-08-13
2段階黒オール箱(500個),+0,なし,117.75,NEW_REALM,2026-08-13
3段階10番培養細胞箱(100個),+0,なし,376.8,NEW_REALM,2026-08-13
3段階1番培養細胞箱(100個),+0,なし,15.700000000000001,NEW_REALM,2026-08-13
3段階2番培養細胞箱(100個),+0,なし,15.700000000000001,NEW_REALM,2026-08-13
3段階3番培養細胞箱(100個),+0,なし,15.700000000000001,NEW_REALM,2026-08-13
3段階4番培養細胞箱(100個),+0,なし,15.700000000000001,NEW_REALM,2026-08-13
3段階5番培養細胞箱(100個),+0,なし,15.700000000000001,NEW_REALM,2026-08-13
3段階6番培養細胞箱(100個),+0,なし,15.700000000000001,NEW_REALM,2026-08-13
3段階7番培養細胞箱(100個),+0,なし,15.700000000000001,NEW_REALM,2026-08-13
3段階8番培養細胞箱(100個),+0,なし,15.700000000000001,NEW_REALM,2026-08-13
3段階9番培養細胞箱(100個),+0,なし,21.98,NEW_REALM,2026-08-13
"3段階時の欠片箱(10,000個)",+0,なし,314.0,NEW_REALM,2026-08-13
"3段階没落の残滓(1,000,000個)",+0,なし,408.2,NEW_REALM,2026-08-13
"3段階錬金術触媒箱(1,000個)",+0,なし,273.18,NEW_REALM,2026-08-13
"3段階黒オール箱(1,000個)",+0,なし,135.02,NEW_REALM,2026-08-13
"4段階時の欠片箱(50,000個)",+0,なし,1852.6000000000001,NEW_REALM,2026-08-13
"5段階時の欠片箱(100,000個)",+0,なし,3768.0,NEW_REALM,2026-08-13
アイサの勇猛マント (未鑑定),+0,未鑑定,408.2,NEW_REALM,2026-08-13
アイサの戦闘マント (未鑑定),+0,未鑑定,777.15,NEW_REALM,2026-08-13
アイサの戦闘マント (鑑定),+0,鑑定,706.5,NEW_REALM,2026-08-13
アイサの戦闘マント (鑑定),+3,鑑定,942.0,NEW_REALM,2026-08-13
アイサの破壊マント (未鑑定),+0,未鑑定,455.3,NEW_REALM,2026-08-13
アイサの破壊マント (鑑定),+1,鑑定,549.5,NEW_REALM,2026-08-13
アイサの籠手 (鑑定),+7,鑑定,1544.8799999999999,NEW_REALM,2026-08-13
アイサの精霊マント (未鑑定),+0,未鑑定,469.43,NEW_REALM,2026-08-13
アイサグローブ (鑑定),+6,鑑定,471.0,NEW_REALM,2026-08-13
アイサグローブ (鑑定),+8,鑑定,1460.1000000000001,NEW_REALM,2026-08-13
アイサヘルム (未鑑定),+0,未鑑定,314.0,NEW_REALM,2026-08-13
アイサヘルム (鑑定),+0,鑑定,298.3,NEW_REALM,2026-08-13
アイサヘルム (鑑定),+5,鑑定,235.5,NEW_REALM,2026-08-13
アイサローブ (鑑定),+0,鑑定,361.09999999999997,NEW_REALM,2026-08-13
アイサ剣/盾 (未鑑定),+0,未鑑定,4080.43,NEW_REALM,2026-08-13
アイサ剣/盾 (鑑定),+8,鑑定,3297.0,NEW_REALM,2026-08-13
アイサ布ズボン (未鑑定),+0,未鑑定,157.0,NEW_REALM,2026-08-13
アイサ帽子 (未鑑定),+0,未鑑定,392.5,NEW_REALM,2026-08-13
アイサ弓 (鑑定),+10,鑑定,17284.13,NEW_REALM,2026-08-13
アイサ戦闘盾 (未鑑定),+0,未鑑定,3100.75,NEW_REALM,2026-08-13
アイサ手甲 (未鑑定),+0,未鑑定,392.5,NEW_REALM,2026-08-13
アイサ手甲 (鑑定),+6,鑑定,549.5,NEW_REALM,2026-08-13
アイサ杖 (未鑑定),+0,未鑑定,6912.71,NEW_REALM,2026-08-13
アイサ短剣 (未鑑定),+0,未鑑定,4516.89,NEW_REALM,2026-08-13
アイサ短靴 (未鑑定),+0,未鑑定,329.7,NEW_REALM,2026-08-13
アイサ長靴 (鑑定),+6,鑑定,1570.0,NEW_REALM,2026-08-13
アイサ革ズボン (未鑑定),+0,未鑑定,157.0,NEW_REALM,2026-08-13
アイサ革ズボン (鑑定),+4,鑑定,1570.0,NEW_REALM,2026-08-13
アザム・ヒサンのイヤリング,+0,なし,392.5,NEW_REALM,2026-08-13
アザム・ヒサンのガントレット (鑑定),+0,鑑定,20.41,NEW_REALM,2026-08-13
アザム・ヒサンのガントレット (鑑定),+4,鑑定,39.25,NEW_REALM,2026-08-13
アザム・ヒサンのガントレット (鑑定),+6,鑑定,157.0,NEW_REALM,2026-08-13
アザム・ヒサンのガントレット (鑑定),+9,鑑定,1570.0,NEW_REALM,2026-08-13
アザム・ヒサンのクロスボウ (未鑑定),+0,未鑑定,449.02,NEW_REALM,2026-08-13
アザム・ヒサンのクロスボウ (鑑定),+0,鑑定,292.02000000000004,NEW_REALM,2026-08-13
アザム・ヒサンのクロスボウ (鑑定),+10,鑑定,4650.34,NEW_REALM,2026-08-13
アザム・ヒサンのクロスボウ (鑑定),+11,鑑定,5232.8099999999995,NEW_REALM,2026-08-13
アザム・ヒサンのクロスボウ (鑑定),+12,鑑定,13825.42,NEW_REALM,2026-08-13
アザム・ヒサンのクロスボウ (鑑定),+7,鑑定,595.03,NEW_REALM,2026-08-13
アザム・ヒサンのクロスボウ (鑑定),+8,鑑定,574.62,NEW_REALM,2026-08-13
アザム・ヒサンのクロスボウ (鑑定),+9,鑑定,3140.0,NEW_REALM,2026-08-13
アザム・ヒサンのグリーヴ (未鑑定),+0,未鑑定,15.700000000000001,NEW_REALM,2026-08-13
アザム・ヒサンのグリーヴ (鑑定),+0,鑑定,15.700000000000001,NEW_REALM,2026-08-13
アザム・ヒサンのグリーヴ (鑑定),+5,鑑定,18.84,NEW_REALM,2026-08-13
アザム・ヒサンのグリーヴ (鑑定),+6,鑑定,76.92999999999999,NEW_REALM,2026-08-13
アザム・ヒサンのグリーヴ (鑑定),+7,鑑定,89.49,NEW_REALM,2026-08-13
アザム・ヒサンのグリーヴ (鑑定),+8,鑑定,157.0,NEW_REALM,2026-08-13
アザム・ヒサンのグリーヴ (鑑定),+9,鑑定,235.5,NEW_REALM,2026-08-13
アザム・ヒサンのグローブ (未鑑定),+0,未鑑定,15.700000000000001,NEW_REALM,2026-08-13
アザム・ヒサンのグローブ (鑑定),+0,鑑定,18.84,NEW_REALM,2026-08-13
アザム・ヒサンのグローブ (鑑定),+5,鑑定,23.55,NEW_REALM,2026-08-13
アザム・ヒサンのグローブ (鑑定),+6,鑑定,172.70000000000002,NEW_REALM,2026-08-13
アザム・ヒサンのグローブ (鑑定),+7,鑑定,471.0,NEW_REALM,2026-08-13
アザム・ヒサンのグローブ (鑑定),+8,鑑定,392.5,NEW_REALM,2026-08-13
アザム・ヒサンのサイド (未鑑定),+0,未鑑定,778.72,NEW_REALM,2026-08-13
アザム・ヒサンのサイド (鑑定),+0,鑑定,549.5,NEW_REALM,2026-08-13
アザム・ヒサンのサイド (鑑定),+10,鑑定,4540.4400000000005,NEW_REALM,2026-08-13
アザム・ヒサンのサイド (鑑定),+6,鑑定,555.78,NEW_REALM,2026-08-13
アザム・ヒサンのサイド (鑑定),+7,鑑定,2355.0,NEW_REALM,2026-08-13
アザム・ヒサンのサイド (鑑定),+8,鑑定,942.0,NEW_REALM,2026-08-13
アザム・ヒサンのネックレス,+0,なし,1413.0,NEW_REALM,2026-08-13
アザム・ヒサンのネックレス,+15,なし,4986.320000000001,NEW_REALM,2026-08-13
アザム・ヒサンのネックレス,+20,なし,11775.0,NEW_REALM,2026-08-13
アザム・ヒサンのフード (未鑑定),+0,未鑑定,15.700000000000001,NEW_REALM,2026-08-13
アザム・ヒサンのフード (鑑定),+0,鑑定,15.700000000000001,NEW_REALM,2026-08-13
アザム・ヒサンのフード (鑑定),+10,鑑定,593.4599999999999,NEW_REALM,2026-08-13
アザム・ヒサンのフード (鑑定),+5,鑑定,15.700000000000001,NEW_REALM,2026-08-13
アザム・ヒサンのフード (鑑定),+6,鑑定,89.49,NEW_REALM,2026-08-13
アザム・ヒサンのフード (鑑定),+7,鑑定,157.0,NEW_REALM,2026-08-13
アザム・ヒサンのフード (鑑定),+8,鑑定,141.3,NEW_REALM,2026-08-13
アザム・ヒサンのフード (鑑定),+9,鑑定,235.5,NEW_REALM,2026-08-13
アザム・ヒサンのブレスレット,+1,なし,549.5,NEW_REALM,2026-08-13
アザム・ヒサンのヘルム (未鑑定),+0,未鑑定,15.700000000000001,NEW_REALM,2026-08-13
アザム・ヒサンのヘルム (鑑定),+0,鑑定,15.700000000000001,NEW_REALM,2026-08-13
アザム・ヒサンのヘルム (鑑定),+10,鑑定,675.1,NEW_REALM,2026-08-13
アザム・ヒサンのヘルム (鑑定),+5,鑑定,39.25,NEW_REALM,2026-08-13
アザム・ヒサンのヘルム (鑑定),+6,鑑定,31.400000000000002,NEW_REALM,2026-08-13
アザム・ヒサンのヘルム (鑑定),+8,鑑定,180.54999999999998,NEW_REALM,2026-08-13
アザム・ヒサンのヘルム (鑑定),+9,鑑定,753.6,NEW_REALM,2026-08-13
アザム・ヒサンのベスト (未鑑定),+0,未鑑定,15.700000000000001,NEW_REALM,2026-08-13
アザム・ヒサンのベスト (鑑定),+0,鑑定,20.41,NEW_REALM,2026-08-13
アザム・ヒサンのベスト (鑑定),+10,鑑定,785.0,NEW_REALM,2026-08-13
アザム・ヒサンのベスト (鑑定),+5,鑑定,21.98,NEW_REALM,2026-08-13
アザム・ヒサンのベスト (鑑定),+6,鑑定,108.33,NEW_REALM,2026-08-13
アザム・ヒサンのベスト (鑑定),+7,鑑定,157.0,NEW_REALM,2026-08-13
アザム・ヒサンのベスト (鑑定),+8,鑑定,211.95000000000002,NEW_REALM,2026-08-13
アザム・ヒサンのベルト,+0,なし,157.0,NEW_REALM,2026-08-13
アザム・ヒサンのレガース (未鑑定),+0,未鑑定,15.700000000000001,NEW_REALM,2026-08-13
アザム・ヒサンのレガース (鑑定),+0,鑑定,20.41,NEW_REALM,2026-08-13
アザム・ヒサンのレガース (鑑定),+5,鑑定,235.5,NEW_REALM,2026-08-13
アザム・ヒサンのレガース (鑑定),+8,鑑定,314.0,NEW_REALM,2026-08-13
アザム・ヒサンのローブ (未鑑定),+0,未鑑定,32.97,NEW_REALM,2026-08-13
アザム・ヒサンのローブ (鑑定),+0,鑑定,17.27,NEW_REALM,2026-08-13
アザム・ヒサンのローブ (鑑定),+10,鑑定,6458.9800000000005,NEW_REALM,2026-08-13
アザム・ヒサンのローブ (鑑定),+5,鑑定,23.55,NEW_REALM,2026-08-13
アザム・ヒサンのローブ (鑑定),+6,鑑定,47.1,NEW_REALM,2026-08-13
アザム・ヒサンのローブ (鑑定),+7,鑑定,204.1,NEW_REALM,2026-08-13
アザム・ヒサンのローブ (鑑定),+8,鑑定,309.29,NEW_REALM,2026-08-13
アザム・ヒサンの剣/盾 (未鑑定),+0,未鑑定,450.59000000000003,NEW_REALM,2026-08-13
アザム・ヒサンの剣/盾 (鑑定),+0,鑑定,293.59000000000003,NEW_REALM,2026-08-13
アザム・ヒサンの剣/盾 (鑑定),+10,鑑定,5386.67,NEW_REALM,2026-08-13
アザム・ヒサンの剣/盾 (鑑定),+11,鑑定,9427.85,NEW_REALM,2026-08-13
アザム・ヒサンの剣/盾 (鑑定),+6,鑑定,2198.0,NEW_REALM,2026-08-13
アザム・ヒサンの剣/盾 (鑑定),+7,鑑定,785.0,NEW_REALM,2026-08-13
アザム・ヒサンの剣/盾 (鑑定),+8,鑑定,314.0,NEW_REALM,2026-08-13
アザム・ヒサンの剣/盾 (鑑定),+9,鑑定,1420.8500000000001,NEW_REALM,2026-08-13
アザム・ヒサンの勇猛マント (鑑定),+3,鑑定,1570.0,NEW_REALM,2026-08-13
アザム・ヒサンの大剣 (未鑑定),+0,未鑑定,235.5,NEW_REALM,2026-08-13
アザム・ヒサンの大剣 (鑑定),+0,鑑定,241.78,NEW_REALM,2026-08-13
アザム・ヒサンの大剣 (鑑定),+10,鑑定,1413.0,NEW_REALM,2026-08-13
アザム・ヒサンの大剣 (鑑定),+7,鑑定,361.09999999999997,NEW_REALM,2026-08-13
アザム・ヒサンの大剣 (鑑定),+8,鑑定,1342.3500000000001,NEW_REALM,2026-08-13
アザム・ヒサンの布ズボン (未鑑定),+0,未鑑定,15.700000000000001,NEW_REALM,2026-08-13
アザム・ヒサンの布ズボン (鑑定),+0,鑑定,17.27,NEW_REALM,2026-08-13
アザム・ヒサンの布ズボン (鑑定),+11,鑑定,2355.0,NEW_REALM,2026-08-13
アザム・ヒサンの布ズボン (鑑定),+4,鑑定,47.1,NEW_REALM,2026-08-13
アザム・ヒサンの布ズボン (鑑定),+5,鑑定,23.55,NEW_REALM,2026-08-13
アザム・ヒサンの布ズボン (鑑定),+6,鑑定,109.89999999999999,NEW_REALM,2026-08-13
アザム・ヒサンの布ズボン (鑑定),+7,鑑定,785.0,NEW_REALM,2026-08-13
アザム・ヒサンの布ズボン (鑑定),+8,鑑定,309.29,NEW_REALM,2026-08-13
アザム・ヒサンの布ズボン (鑑定),+9,鑑定,767.7299999999999,NEW_REALM,2026-08-13
アザム・ヒサンの帽子 (未鑑定),+0,未鑑定,15.700000000000001,NEW_REALM,2026-08-13
アザム・ヒサンの帽子 (鑑定),+0,鑑定,15.700000000000001,NEW_REALM,2026-08-13
アザム・ヒサンの帽子 (鑑定),+5,鑑定,23.55,NEW_REALM,2026-08-13
アザム・ヒサンの帽子 (鑑定),+6,鑑定,50.24,NEW_REALM,2026-08-13
アザム・ヒサンの帽子 (鑑定),+7,鑑定,235.5,NEW_REALM,2026-08-13
アザム・ヒサンの帽子 (鑑定),+8,鑑定,202.53,NEW_REALM,2026-08-13
アザム・ヒサンの帽子 (鑑定),+9,鑑定,1256.0,NEW_REALM,2026-08-13
アザム・ヒサンの弓 (未鑑定),+0,未鑑定,942.0,NEW_REALM,2026-08-13
アザム・ヒサンの弓 (鑑定),+0,鑑定,471.0,NEW_REALM,2026-08-13
アザム・ヒサンの弓 (鑑定),+11,鑑定,7850.0,NEW_REALM,2026-08-13
アザム・ヒサンの弓 (鑑定),+7,鑑定,549.5,NEW_REALM,2026-08-13
アザム・ヒサンの弓 (鑑定),+8,鑑定,628.0,NEW_REALM,2026-08-13
アザム・ヒサンの戦棒 (未鑑定),+0,未鑑定,621.72,NEW_REALM,2026-08-13
アザム・ヒサンの戦棒 (鑑定),+0,鑑定,331.27,NEW_REALM,2026-08-13
アザム・ヒサンの戦棒 (鑑定),+10,鑑定,3611.0,NEW_REALM,2026-08-13
アザム・ヒサンの戦棒 (鑑定),+7,鑑定,905.89,NEW_REALM,2026-08-13
アザム・ヒサンの戦棒 (鑑定),+8,鑑定,1171.22,NEW_REALM,2026-08-13
アザム・ヒサンの戦闘盾 (未鑑定),+0,未鑑定,372.09000000000003,NEW_REALM,2026-08-13
アザム・ヒサンの戦闘盾 (鑑定),+0,鑑定,266.9,NEW_REALM,2026-08-13
アザム・ヒサンの戦闘盾 (鑑定),+10,鑑定,1884.0,NEW_REALM,2026-08-13
アザム・ヒサンの戦闘盾 (鑑定),+12,鑑定,5495.0,NEW_REALM,2026-08-13
アザム・ヒサンの戦闘盾 (鑑定),+6,鑑定,1413.0,NEW_REALM,2026-08-13
アザム・ヒサンの戦闘盾 (鑑定),+7,鑑定,469.43,NEW_REALM,2026-08-13
アザム・ヒサンの戦闘盾 (鑑定),+8,鑑定,628.0,NEW_REALM,2026-08-13
アザム・ヒサンの戦闘盾 (鑑定),+9,鑑定,569.91,NEW_REALM,2026-08-13
アザム・ヒサンの手甲 (未鑑定),+0,未鑑定,15.700000000000001,NEW_REALM,2026-08-13
アザム・ヒサンの手甲 (鑑定),+0,鑑定,23.55,NEW_REALM,2026-08-13
アザム・ヒサンの手甲 (鑑定),+5,鑑定,23.55,NEW_REALM,2026-08-13
アザム・ヒサンの手甲 (鑑定),+6,鑑定,102.05,NEW_REALM,2026-08-13
アザム・ヒサンの手甲 (鑑定),+7,鑑定,157.0,NEW_REALM,2026-08-13
アザム・ヒサンの手甲 (鑑定),+8,鑑定,235.5,NEW_REALM,2026-08-13
アザム・ヒサンの杖 (未鑑定),+0,未鑑定,463.15000000000003,NEW_REALM,2026-08-13
アザム・ヒサンの杖 (鑑定),+0,鑑定,469.43,NEW_REALM,2026-08-13
アザム・ヒサンの杖 (鑑定),+8,鑑定,706.5,NEW_REALM,2026-08-13
アザム・ヒサンの短剣 (未鑑定),+0,未鑑定,461.58,NEW_REALM,2026-08-13
アザム・ヒサンの短剣 (鑑定),+0,鑑定,329.7,NEW_REALM,2026-08-13
アザム・ヒサンの短剣 (鑑定),+10,鑑定,4392.86,NEW_REALM,2026-08-13
アザム・ヒサンの短剣 (鑑定),+6,鑑定,785.0,NEW_REALM,2026-08-13
アザム・ヒサンの短剣 (鑑定),+7,鑑定,1177.5,NEW_REALM,2026-08-13
アザム・ヒサンの短剣 (鑑定),+8,鑑定,896.47,NEW_REALM,2026-08-13
アザム・ヒサンの短剣 (鑑定),+9,鑑定,1727.0,NEW_REALM,2026-08-13
アザム・ヒサンの短靴 (未鑑定),+0,未鑑定,25.12,NEW_REALM,2026-08-13
アザム・ヒサンの短靴 (鑑定),+0,鑑定,20.41,NEW_REALM,2026-08-13
アザム・ヒサンの短靴 (鑑定),+5,鑑定,17.27,NEW_REALM,2026-08-13
アザム・ヒサンの短靴 (鑑定),+6,鑑定,139.73,NEW_REALM,2026-08-13
アザム・ヒサンの籠手 (未鑑定),+0,未鑑定,211.95000000000002,NEW_REALM,2026-08-13
アザム・ヒサンの籠手 (鑑定),+0,鑑定,186.82999999999998,NEW_REALM,2026-08-13
アザム・ヒサンの籠手 (鑑定),+10,鑑定,2198.0,NEW_REALM,2026-08-13
アザム・ヒサンの籠手 (鑑定),+6,鑑定,1099.0,NEW_REALM,2026-08-13
アザム・ヒサンの籠手 (鑑定),+7,鑑定,301.44,NEW_REALM,2026-08-13
アザム・ヒサンの籠手 (鑑定),+8,鑑定,248.06,NEW_REALM,2026-08-13
アザム・ヒサンの鎧 (未鑑定),+0,未鑑定,15.700000000000001,NEW_REALM,2026-08-13
アザム・ヒサンの鎧 (鑑定),+0,鑑定,18.84,NEW_REALM,2026-08-13
アザム・ヒサンの鎧 (鑑定),+5,鑑定,31.400000000000002,NEW_REALM,2026-08-13
アザム・ヒサンの鎧 (鑑定),+6,鑑定,97.34,NEW_REALM,2026-08-13
アザム・ヒサンの鎧 (鑑定),+7,鑑定,549.5,NEW_REALM,2026-08-13
アザム・ヒサンの鎧 (鑑定),+8,鑑定,408.2,NEW_REALM,2026-08-13
アザム・ヒサンの鎧 (鑑定),+9,鑑定,471.0,NEW_REALM,2026-08-13
アザム・ヒサンの長靴 (未鑑定),+0,未鑑定,125.60000000000001,NEW_REALM,2026-08-13
アザム・ヒサンの長靴 (鑑定),+0,鑑定,20.41,NEW_REALM,2026-08-13
アザム・ヒサンの長靴 (鑑定),+10,鑑定,2042.57,NEW_REALM,2026-08-13
アザム・ヒサンの長靴 (鑑定),+5,鑑定,28.259999999999998,NEW_REALM,2026-08-13
アザム・ヒサンの長靴 (鑑定),+6,鑑定,78.5,NEW_REALM,2026-08-13
アザム・ヒサンの長靴 (鑑定),+7,鑑定,312.43,NEW_REALM,2026-08-13
アザム・ヒサンの長靴 (鑑定),+8,鑑定,990.67,NEW_REALM,2026-08-13
アザム・ヒサンの長靴 (鑑定),+9,鑑定,775.58,NEW_REALM,2026-08-13
アザム・ヒサンの革ズボン (未鑑定),+0,未鑑定,17.27,NEW_REALM,2026-08-13
アザム・ヒサンの革ズボン (鑑定),+0,鑑定,15.700000000000001,NEW_REALM,2026-08-13
アザム・ヒサンの革ズボン (鑑定),+10,鑑定,785.0,NEW_REALM,2026-08-13
アザム・ヒサンの革ズボン (鑑定),+11,鑑定,2198.0,NEW_REALM,2026-08-13
アザム・ヒサンの革ズボン (鑑定),+4,鑑定,257.47999999999996,NEW_REALM,2026-08-13
アザム・ヒサンの革ズボン (鑑定),+5,鑑定,18.84,NEW_REALM,2026-08-13
アザム・ヒサンの革ズボン (鑑定),+6,鑑定,109.89999999999999,NEW_REALM,2026-08-13
アザム・ヒサンの革ズボン (鑑定),+7,鑑定,157.0,NEW_REALM,2026-08-13
アザム・ヒサンの革ズボン (鑑定),+8,鑑定,240.21,NEW_REALM,2026-08-13
アザム・ヒサンの革ズボン (鑑定),+9,鑑定,785.0,NEW_REALM,2026-08-13
アビリティ:カリオンの洞察【呪文】,+0,なし,108.33,NEW_REALM,2026-08-13
アビリティ:セクレタの才能【偵察】,+0,なし,167.99,NEW_REALM,2026-08-13
アビリティ:テレノスの力【戦闘】,+0,なし,50.24,NEW_REALM,2026-08-13
アビリティ:九死一生【技巧】,+0,なし,4553.0,NEW_REALM,2026-08-13
アビリティ:克服【活力】,+0,なし,10343.16,NEW_REALM,2026-08-13
アビリティ:必殺の一撃【強化】,+0,なし,20669.05,NEW_REALM,2026-08-13
アビリティ:慎重な攻撃【補助】,+0,なし,34.54,NEW_REALM,2026-08-13
アビリティ:戦場の叫び【活力】,+0,なし,4239.0,NEW_REALM,2026-08-13
アビリティ:持続治癒【補助】,+0,なし,3768.0,NEW_REALM,2026-08-13
アビリティ:業火の武器【強化】,+0,なし,1240.3,NEW_REALM,2026-08-13
アビリティ:睡眠誘導【呪文】,+0,なし,1568.43,NEW_REALM,2026-08-13
アビリティ:破壊の武器【技巧】,+0,なし,687.66,NEW_REALM,2026-08-13
アビリティ:磁場生成【呪文】,+0,なし,4396.0,NEW_REALM,2026-08-13
アビリティ:純粋なマナ回復薬【活力】,+0,なし,15.700000000000001,NEW_REALM,2026-08-13
アビリティ:解剖学【補助】,+0,なし,6280.0,NEW_REALM,2026-08-13
アビリティ:超感覚【偵察】,+0,なし,3611.0,NEW_REALM,2026-08-13
アビリティ:酷寒の武器【呪文】,+0,なし,518.1,NEW_REALM,2026-08-13
アビリティ:雷精霊【強化】,+0,なし,3768.0,NEW_REALM,2026-08-13
アンコモン装飾品強化箱(100個),+0,なし,18.84,NEW_REALM,2026-08-13
イニスのイヤリング ,+0,なし,4082.0,NEW_REALM,2026-08-13
イニスのガントレット (未鑑定),+0,未鑑定,4239.0,NEW_REALM,2026-08-13
イニスのネックレス ,+0,なし,30613.43,NEW_REALM,2026-08-13
イニスのブレスレット ,+0,なし,5652.0,NEW_REALM,2026-08-13
イニスのヘルム (鑑定),+8,鑑定,10362.0,NEW_REALM,2026-08-13
イニスのベルト ,+0,なし,3925.0,NEW_REALM,2026-08-13
イニスのベルト ,+2,なし,3925.0,NEW_REALM,2026-08-13
イニスのリング ,+0,なし,5024.0,NEW_REALM,2026-08-13
イニスのリング ,+15,なし,10990.0,NEW_REALM,2026-08-13
イニスのレガース (未鑑定),+0,未鑑定,2355.0,NEW_REALM,2026-08-13
イニスの手甲 (未鑑定),+0,未鑑定,15464.5,NEW_REALM,2026-08-13
イニスの鎧 (未鑑定),+0,未鑑定,3611.0,NEW_REALM,2026-08-13
イニスの鎧 (鑑定),+8,鑑定,10362.0,NEW_REALM,2026-08-13
イリアナの籠手 (未鑑定),+0,未鑑定,70488.29000000001,NEW_REALM,2026-08-13
イリアナガントレット (鑑定),+8,鑑定,10362.0,NEW_REALM,2026-08-13
イリアナグリーヴ (未鑑定),+0,未鑑定,2355.0,NEW_REALM,2026-08-13
イリアナグローブ (未鑑定),+0,未鑑定,6119.86,NEW_REALM,2026-08-13
イリアナフード (未鑑定),+0,未鑑定,5491.86,NEW_REALM,2026-08-13
イリアナヘルム (未鑑定),+0,未鑑定,2577.94,NEW_REALM,2026-08-13
イリアナレガース (未鑑定),+0,未鑑定,2981.43,NEW_REALM,2026-08-13
イリアナレガース (鑑定),+0,鑑定,3140.0,NEW_REALM,2026-08-13
イリアナ剣/盾 (未鑑定),+0,未鑑定,192430.19,NEW_REALM,2026-08-13
イリアナ布ズボン (未鑑定),+0,未鑑定,2198.0,NEW_REALM,2026-08-13
イリアナ帽子 (未鑑定),+0,未鑑定,6751.0,NEW_REALM,2026-08-13
イリアナ弓 (未鑑定),+0,未鑑定,219800.0,NEW_REALM,2026-08-13
イリアナ手甲 (未鑑定),+0,未鑑定,2512.0,NEW_REALM,2026-08-13
イリアナ杖 (未鑑定),+0,未鑑定,218230.0,NEW_REALM,2026-08-13
イリアナ鎧 (鑑定),+5,鑑定,6280.0,NEW_REALM,2026-08-13
エオスのイヤリング,+0,なし,2826.0,NEW_REALM,2026-08-13
エオスのガントレット (未鑑定),+0,未鑑定,2355.0,NEW_REALM,2026-08-13
エオスのグリーヴ (未鑑定),+0,未鑑定,2025.3,NEW_REALM,2026-08-13
エオスのグローブ (未鑑定),+0,未鑑定,3124.2999999999997,NEW_REALM,2026-08-13
エオスのフード (未鑑定),+0,未鑑定,1570.0,NEW_REALM,2026-08-13
エオスのベスト (未鑑定),+0,未鑑定,4082.0,NEW_REALM,2026-08-13
エオスのベルト,+0,なし,5730.5,NEW_REALM,2026-08-13
エオスのリング,+0,なし,3917.15,NEW_REALM,2026-08-13
エオスのレガース (鑑定),+8,鑑定,7850.0,NEW_REALM,2026-08-13
エオスの布ズボン (未鑑定),+0,未鑑定,2182.3,NEW_REALM,2026-08-13
エオスの帽子 (未鑑定),+0,未鑑定,1868.3,NEW_REALM,2026-08-13
エオスの手甲 (未鑑定),+0,未鑑定,1491.5,NEW_REALM,2026-08-13
エオスの手甲 (鑑定),+0,鑑定,1884.0,NEW_REALM,2026-08-13
エオスの短靴 (未鑑定),+0,未鑑定,3614.14,NEW_REALM,2026-08-13
エオスの革ズボン (未鑑定),+0,未鑑定,2496.3,NEW_REALM,2026-08-13
エル・セラのイヤリング,+0,なし,314.0,NEW_REALM,2026-08-13
エル・セラのイヤリング,+15,なし,1099.0,NEW_REALM,2026-08-13
エル・セラのイヤリング,+16,なし,1570.0,NEW_REALM,2026-08-13
エル・セラのイヤリング,+17,なし,1568.43,NEW_REALM,2026-08-13
エル・セラのイヤリング,+20,なし,11775.0,NEW_REALM,2026-08-13
エル・セラのクロスボウ (未鑑定),+0,未鑑定,6901.72,NEW_REALM,2026-08-13
エル・セラのグリーヴ (鑑定),+5,鑑定,157.0,NEW_REALM,2026-08-13
エル・セラのグローブ (鑑定),+5,鑑定,149.15,NEW_REALM,2026-08-13
エル・セラのサイド (未鑑定),+0,未鑑定,11775.0,NEW_REALM,2026-08-13
エル・セラのネックレス,+0,なし,2022.16,NEW_REALM,2026-08-13
エル・セラのネックレス,+20,なし,18840.0,NEW_REALM,2026-08-13
エル・セラのフード (未鑑定),+0,未鑑定,312.43,NEW_REALM,2026-08-13
エル・セラのフード (鑑定),+6,鑑定,739.47,NEW_REALM,2026-08-13
エル・セラのブレスレット,+0,なし,439.59999999999997,NEW_REALM,2026-08-13
エル・セラのブレスレット,+14,なし,1413.0,NEW_REALM,2026-08-13
エル・セラのブレスレット,+15,なし,1411.43,NEW_REALM,2026-08-13
エル・セラのブレスレット,+17,なし,2025.3,NEW_REALM,2026-08-13
エル・セラのヘルム (未鑑定),+0,未鑑定,109.89999999999999,NEW_REALM,2026-08-13
エル・セラのベスト (未鑑定),+0,未鑑定,157.0,NEW_REALM,2026-08-13
エル・セラのベスト (鑑定),+5,鑑定,387.79,NEW_REALM,2026-08-13
エル・セラのベルト,+0,なし,227.65,NEW_REALM,2026-08-13
エル・セラのベルト,+14,なし,783.4300000000001,NEW_REALM,2026-08-13
エル・セラのベルト,+15,なし,1727.0,NEW_REALM,2026-08-13
エル・セラのベルト,+18,なし,3611.0,NEW_REALM,2026-08-13
エル・セラのリング,+0,なし,546.36,NEW_REALM,2026-08-13
エル・セラのリング,+17,なし,2025.3,NEW_REALM,2026-08-13
エル・セラのリング,+20,なし,11775.0,NEW_REALM,2026-08-13
エル・セラのレガース (未鑑定),+0,未鑑定,596.6,NEW_REALM,2026-08-13
エル・セラのレガース (鑑定),+0,鑑定,314.0,NEW_REALM,2026-08-13
エル・セラのローブ (鑑定),+6,鑑定,2355.0,NEW_REALM,2026-08-13
エル・セラの剣/盾 (未鑑定),+0,未鑑定,3768.0,NEW_REALM,2026-08-13
エル・セラの勇猛マント (未鑑定),+0,未鑑定,549.5,NEW_REALM,2026-08-13
エル・セラの布ズボン (鑑定),+0,鑑定,235.5,NEW_REALM,2026-08-13
エル・セラの布ズボン (鑑定),+8,鑑定,971.83,NEW_REALM,2026-08-13
エル・セラの帽子 (未鑑定),+0,未鑑定,155.43,NEW_REALM,2026-08-13
エル・セラの帽子 (鑑定),+8,鑑定,1051.9,NEW_REALM,2026-08-13
エル・セラの弓 (未鑑定),+0,未鑑定,6437.0,NEW_REALM,2026-08-13
エル・セラの戦棒 (未鑑定),+0,未鑑定,7850.0,NEW_REALM,2026-08-13
エル・セラの戦闘マント (未鑑定),+0,未鑑定,785.0,NEW_REALM,2026-08-13
エル・セラの戦闘盾 (未鑑定),+0,未鑑定,2198.0,NEW_REALM,2026-08-13
エル・セラの戦闘盾 (鑑定),+8,鑑定,3454.0,NEW_REALM,2026-08-13
エル・セラの手甲 (未鑑定),+0,未鑑定,78.5,NEW_REALM,2026-08-13
エル・セラの短剣 (未鑑定),+0,未鑑定,2826.0,NEW_REALM,2026-08-13
エル・セラの短靴 (未鑑定),+0,未鑑定,298.3,NEW_REALM,2026-08-13
エル・セラの短靴 (鑑定),+0,鑑定,471.0,NEW_REALM,2026-08-13
エル・セラの破壊マント (未鑑定),+0,未鑑定,469.43,NEW_REALM,2026-08-13
エル・セラの籠手 (未鑑定),+0,未鑑定,785.0,NEW_REALM,2026-08-13
エル・セラの鎧 (鑑定),+5,鑑定,1413.0,NEW_REALM,2026-08-13
オペルタのイヤリング,+0,なし,2826.0,NEW_REALM,2026-08-13
オペルタのグリーヴ (鑑定),+8,鑑定,7065.0,NEW_REALM,2026-08-13
オペルタのグローブ (未鑑定),+0,未鑑定,3925.0,NEW_REALM,2026-08-13
オペルタのネックレス,+0,なし,29830.0,NEW_REALM,2026-08-13
オペルタのブレスレット,+0,なし,8478.0,NEW_REALM,2026-08-13
オペルタのヘルム (未鑑定),+0,未鑑定,1879.2900000000002,NEW_REALM,2026-08-13
オペルタのベスト (未鑑定),+0,未鑑定,4548.29,NEW_REALM,2026-08-13
オペルタのベルト,+0,なし,5338.0,NEW_REALM,2026-08-13
オペルタのレガース (未鑑定),+0,未鑑定,1256.0,NEW_REALM,2026-08-13
オペルタのレガース (鑑定),+0,鑑定,1727.0,NEW_REALM,2026-08-13
オペルタのレガース (鑑定),+8,鑑定,9106.0,NEW_REALM,2026-08-13
オペルタの布ズボン (未鑑定),+0,未鑑定,1694.03,NEW_REALM,2026-08-13
オペルタの布ズボン (鑑定),+7,鑑定,10214.42,NEW_REALM,2026-08-13
オペルタの帽子 (未鑑定),+0,未鑑定,3611.0,NEW_REALM,2026-08-13
オペルタの帽子 (鑑定),+6,鑑定,6413.45,NEW_REALM,2026-08-13
オペルタの手甲 (鑑定),+0,鑑定,1036.2,NEW_REALM,2026-08-13
オペルタの短靴 (未鑑定),+0,未鑑定,6437.0,NEW_REALM,2026-08-13
オペルタの短靴 (鑑定),+6,鑑定,7212.58,NEW_REALM,2026-08-13
オペルタの破壊マント (未鑑定),+0,未鑑定,6123.0,NEW_REALM,2026-08-13
オペルタの精霊マント (未鑑定),+0,未鑑定,6280.0,NEW_REALM,2026-08-13
オペルタの鎧 (未鑑定),+0,未鑑定,2198.0,NEW_REALM,2026-08-13
オペルタの長靴 (未鑑定),+0,未鑑定,4239.0,NEW_REALM,2026-08-13
オペルタの革ズボン (未鑑定),+0,未鑑定,4237.429999999999,NEW_REALM,2026-08-13
ガルバのサドル,+0,なし,174.27,NEW_REALM,2026-08-13
クランシアのイヤリング,+0,なし,314.0,NEW_REALM,2026-08-13
クランシアのイヤリング,+20,なし,12403.0,NEW_REALM,2026-08-13
クランシアのガントレット (未鑑定),+0,未鑑定,28.259999999999998,NEW_REALM,2026-08-13
クランシアのガントレット (鑑定),+5,鑑定,153.85999999999999,NEW_REALM,2026-08-13
クランシアのガントレット (鑑定),+7,鑑定,150.72,NEW_REALM,2026-08-13
クランシアのグローブ (鑑定),+8,鑑定,257.47999999999996,NEW_REALM,2026-08-13
クランシアのネックレス,+0,なし,2669.0,NEW_REALM,2026-08-13
クランシアのフード (鑑定),+0,鑑定,769.3000000000001,NEW_REALM,2026-08-13
クランシアのフード (鑑定),+8,鑑定,1050.3300000000002,NEW_REALM,2026-08-13
クランシアのブレスレット,+0,なし,469.43,NEW_REALM,2026-08-13
クランシアのヘルム (未鑑定),+0,未鑑定,282.6,NEW_REALM,2026-08-13
クランシアのヘルム (鑑定),+0,鑑定,314.0,NEW_REALM,2026-08-13
クランシアのヘルム (鑑定),+6,鑑定,309.29,NEW_REALM,2026-08-13
クランシアのベルト,+0,なし,375.23,NEW_REALM,2026-08-13
クランシアのベルト,+17,なし,2182.3,NEW_REALM,2026-08-13
クランシアのリング,+0,なし,942.0,NEW_REALM,2026-08-13
クランシアのローブ (鑑定),+0,鑑定,306.15,NEW_REALM,2026-08-13
クランシアの剣/盾 (未鑑定),+0,未鑑定,4237.429999999999,NEW_REALM,2026-08-13
クランシアの勇猛マント (未鑑定),+0,未鑑定,628.0,NEW_REALM,2026-08-13
クランシアの弓 (未鑑定),+0,未鑑定,6542.1900000000005,NEW_REALM,2026-08-13
クランシアの戦棒 (未鑑定),+0,未鑑定,5689.68,NEW_REALM,2026-08-13
クランシアの戦闘マント (未鑑定),+0,未鑑定,518.1,NEW_REALM,2026-08-13
クランシアの手甲 (未鑑定),+0,未鑑定,113.03999999999999,NEW_REALM,2026-08-13
クランシアの手甲 (鑑定),+8,鑑定,942.0,NEW_REALM,2026-08-13
クランシアの短靴 (未鑑定),+0,未鑑定,376.8,NEW_REALM,2026-08-13
クランシアの短靴 (鑑定),+0,鑑定,306.15,NEW_REALM,2026-08-13
クランシアの精霊マント (未鑑定),+0,未鑑定,628.0,NEW_REALM,2026-08-13
クランシアの鎧 (未鑑定),+0,未鑑定,659.4,NEW_REALM,2026-08-13
クランシアの長靴 (鑑定),+0,鑑定,306.15,NEW_REALM,2026-08-13
クロスボウ：ハンターの証,+0,なし,10048.0,NEW_REALM,2026-08-13
クロスボウ：距離調節,+0,なし,15.700000000000001,NEW_REALM,2026-08-13
クロスボウ：鋭い矢,+0,なし,15.700000000000001,NEW_REALM,2026-08-13
グレイシスのサドル,+0,なし,1240.3,NEW_REALM,2026-08-13
ケルサのサドル,+0,なし,21.98,NEW_REALM,2026-08-13
サイド：処刑準備,+0,なし,146.01000000000002,NEW_REALM,2026-08-13
サイド：魂の循環,+0,なし,139.73,NEW_REALM,2026-08-13
サイド：魔力反発,+0,なし,28260.0,NEW_REALM,2026-08-13
セラドのイヤリング,+0,なし,254.34,NEW_REALM,2026-08-13
セラドのイヤリング,+1,なし,293.59000000000003,NEW_REALM,2026-08-13
セラドのイヤリング,+15,なし,654.6899999999999,NEW_REALM,2026-08-13
セラドのガントレット (未鑑定),+0,未鑑定,15.700000000000001,NEW_REALM,2026-08-13
セラドのガントレット (鑑定),+0,鑑定,21.98,NEW_REALM,2026-08-13
セラドのガントレット (鑑定),+4,鑑定,39.25,NEW_REALM,2026-08-13
セラドのガントレット (鑑定),+5,鑑定,25.12,NEW_REALM,2026-08-13
セラドのガントレット (鑑定),+6,鑑定,157.0,NEW_REALM,2026-08-13
セラドのガントレット (鑑定),+7,鑑定,219.79999999999998,NEW_REALM,2026-08-13
セラドのガントレット (鑑定),+8,鑑定,235.5,NEW_REALM,2026-08-13
セラドのクロスボウ (未鑑定),+0,未鑑定,979.6800000000001,NEW_REALM,2026-08-13
セラドのクロスボウ (鑑定),+0,鑑定,785.0,NEW_REALM,2026-08-13
セラドのクロスボウ (鑑定),+10,鑑定,9420.0,NEW_REALM,2026-08-13
セラドのクロスボウ (鑑定),+8,鑑定,942.0,NEW_REALM,2026-08-13
セラドのグリーヴ (未鑑定),+0,未鑑定,23.55,NEW_REALM,2026-08-13
セラドのグリーヴ (鑑定),+0,鑑定,20.41,NEW_REALM,2026-08-13
セラドのグリーヴ (鑑定),+4,鑑定,314.0,NEW_REALM,2026-08-13
セラドのグリーヴ (鑑定),+5,鑑定,47.1,NEW_REALM,2026-08-13
セラドのグリーヴ (鑑定),+6,鑑定,78.5,NEW_REALM,2026-08-13
セラドのグローブ (未鑑定),+0,未鑑定,23.55,NEW_REALM,2026-08-13
セラドのグローブ (鑑定),+0,鑑定,17.27,NEW_REALM,2026-08-13
セラドのグローブ (鑑定),+5,鑑定,17.27,NEW_REALM,2026-08-13
セラドのグローブ (鑑定),+6,鑑定,54.949999999999996,NEW_REALM,2026-08-13
セラドのグローブ (鑑定),+7,鑑定,295.15999999999997,NEW_REALM,2026-08-13
セラドのサイド (未鑑定),+0,未鑑定,1334.5,NEW_REALM,2026-08-13
セラドのサイド (鑑定),+0,鑑定,844.66,NEW_REALM,2026-08-13
セラドのサイド (鑑定),+10,鑑定,4267.26,NEW_REALM,2026-08-13
セラドのサイド (鑑定),+8,鑑定,910.6,NEW_REALM,2026-08-13
セラドのネックレス,+10,なし,2983.0,NEW_REALM,2026-08-13
セラドのフード (未鑑定),+0,未鑑定,18.84,NEW_REALM,2026-08-13
セラドのフード (鑑定),+0,鑑定,314.0,NEW_REALM,2026-08-13
セラドのフード (鑑定),+5,鑑定,45.529999999999994,NEW_REALM,2026-08-13
セラドのフード (鑑定),+6,鑑定,392.5,NEW_REALM,2026-08-13
セラドのヘルム (未鑑定),+0,未鑑定,21.98,NEW_REALM,2026-08-13
セラドのヘルム (鑑定),+0,鑑定,28.259999999999998,NEW_REALM,2026-08-13
セラドのヘルム (鑑定),+5,鑑定,157.0,NEW_REALM,2026-08-13
セラドのベスト (未鑑定),+0,未鑑定,18.84,NEW_REALM,2026-08-13
セラドのベスト (鑑定),+0,鑑定,15.700000000000001,NEW_REALM,2026-08-13
セラドのベスト (鑑定),+6,鑑定,155.43,NEW_REALM,2026-08-13
セラドのベスト (鑑定),+8,鑑定,657.83,NEW_REALM,2026-08-13
セラドのベルト,+12,なし,549.5,NEW_REALM,2026-08-13
セラドのリング,+0,なし,386.21999999999997,NEW_REALM,2026-08-13
セラドのリング,+15,なし,1256.0,NEW_REALM,2026-08-13
セラドのレガース (未鑑定),+0,未鑑定,25.12,NEW_REALM,2026-08-13
セラドのレガース (鑑定),+0,鑑定,28.259999999999998,NEW_REALM,2026-08-13
セラドのレガース (鑑定),+5,鑑定,54.949999999999996,NEW_REALM,2026-08-13
セラドのレガース (鑑定),+6,鑑定,31.400000000000002,NEW_REALM,2026-08-13
セラドのレガース (鑑定),+8,鑑定,314.0,NEW_REALM,2026-08-13
セラドのローブ (未鑑定),+0,未鑑定,18.84,NEW_REALM,2026-08-13
セラドのローブ (鑑定),+0,鑑定,37.68,NEW_REALM,2026-08-13
セラドのローブ (鑑定),+10,鑑定,1570.0,NEW_REALM,2026-08-13
セラドのローブ (鑑定),+5,鑑定,29.830000000000002,NEW_REALM,2026-08-13
セラドのローブ (鑑定),+6,鑑定,235.5,NEW_REALM,2026-08-13
セラドのローブ (鑑定),+7,鑑定,343.83,NEW_REALM,2026-08-13
セラドのローブ (鑑定),+8,鑑定,235.5,NEW_REALM,2026-08-13
セラドのローブ (鑑定),+9,鑑定,2325.17,NEW_REALM,2026-08-13
セラドの剣/盾 (未鑑定),+0,未鑑定,682.9499999999999,NEW_REALM,2026-08-13
セラドの剣/盾 (鑑定),+0,鑑定,942.0,NEW_REALM,2026-08-13
セラドの剣/盾 (鑑定),+6,鑑定,1256.0,NEW_REALM,2026-08-13
セラドの剣/盾 (鑑定),+8,鑑定,785.0,NEW_REALM,2026-08-13
セラドの大剣 (未鑑定),+0,未鑑定,398.78000000000003,NEW_REALM,2026-08-13
セラドの大剣 (鑑定),+0,鑑定,596.6,NEW_REALM,2026-08-13
セラドの大剣 (鑑定),+10,鑑定,4710.0,NEW_REALM,2026-08-13
セラドの大剣 (鑑定),+7,鑑定,593.4599999999999,NEW_REALM,2026-08-13
セラドの大剣 (鑑定),+8,鑑定,785.0,NEW_REALM,2026-08-13
セラドの布ズボン (未鑑定),+0,未鑑定,18.84,NEW_REALM,2026-08-13
セラドの布ズボン (鑑定),+0,鑑定,20.41,NEW_REALM,2026-08-13
セラドの布ズボン (鑑定),+5,鑑定,39.25,NEW_REALM,2026-08-13
セラドの布ズボン (鑑定),+6,鑑定,39.25,NEW_REALM,2026-08-13
セラドの布ズボン (鑑定),+7,鑑定,304.58,NEW_REALM,2026-08-13
セラドの布ズボン (鑑定),+8,鑑定,128.73999999999998,NEW_REALM,2026-08-13
セラドの布ズボン (鑑定),+9,鑑定,628.0,NEW_REALM,2026-08-13
セラドの帽子 (未鑑定),+0,未鑑定,15.700000000000001,NEW_REALM,2026-08-13
セラドの帽子 (鑑定),+0,鑑定,54.949999999999996,NEW_REALM,2026-08-13
セラドの帽子 (鑑定),+10,鑑定,1884.0,NEW_REALM,2026-08-13
セラドの帽子 (鑑定),+5,鑑定,73.78999999999999,NEW_REALM,2026-08-13
セラドの帽子 (鑑定),+6,鑑定,54.949999999999996,NEW_REALM,2026-08-13
セラドの帽子 (鑑定),+8,鑑定,568.34,NEW_REALM,2026-08-13
セラドの弓 (未鑑定),+0,未鑑定,1256.0,NEW_REALM,2026-08-13
セラドの弓 (鑑定),+7,鑑定,549.5,NEW_REALM,2026-08-13
セラドの戦棒 (未鑑定),+0,未鑑定,1174.3600000000001,NEW_REALM,2026-08-13
セラドの戦棒 (鑑定),+0,鑑定,1099.0,NEW_REALM,2026-08-13
セラドの戦棒 (鑑定),+8,鑑定,2510.43,NEW_REALM,2026-08-13
セラドの戦闘マント (鑑定),+5,鑑定,2066.12,NEW_REALM,2026-08-13
セラドの戦闘盾 (鑑定),+7,鑑定,774.01,NEW_REALM,2026-08-13
セラドの戦闘盾 (鑑定),+8,鑑定,918.4499999999999,NEW_REALM,2026-08-13
セラドの手甲 (未鑑定),+0,未鑑定,28.259999999999998,NEW_REALM,2026-08-13
セラドの手甲 (鑑定),+0,鑑定,20.41,NEW_REALM,2026-08-13
セラドの手甲 (鑑定),+5,鑑定,37.68,NEW_REALM,2026-08-13
セラドの手甲 (鑑定),+8,鑑定,248.06,NEW_REALM,2026-08-13
セラドの杖 (未鑑定),+0,未鑑定,753.6,NEW_REALM,2026-08-13
セラドの杖 (鑑定),+0,鑑定,1263.8500000000001,NEW_REALM,2026-08-13
セラドの杖 (鑑定),+10,鑑定,1570.0,NEW_REALM,2026-08-13
セラドの杖 (鑑定),+7,鑑定,1648.5,NEW_REALM,2026-08-13
セラドの杖 (鑑定),+8,鑑定,1570.0,NEW_REALM,2026-08-13
セラドの短剣 (未鑑定),+0,未鑑定,940.4300000000001,NEW_REALM,2026-08-13
セラドの短剣 (鑑定),+0,鑑定,1282.69,NEW_REALM,2026-08-13
セラドの短剣 (鑑定),+7,鑑定,612.3,NEW_REALM,2026-08-13
セラドの短剣 (鑑定),+8,鑑定,942.0,NEW_REALM,2026-08-13
セラドの短靴 (未鑑定),+0,未鑑定,23.55,NEW_REALM,2026-08-13
セラドの短靴 (鑑定),+0,鑑定,28.259999999999998,NEW_REALM,2026-08-13
セラドの短靴 (鑑定),+5,鑑定,314.0,NEW_REALM,2026-08-13
セラドの短靴 (鑑定),+8,鑑定,296.72999999999996,NEW_REALM,2026-08-13
セラドの短靴 (鑑定),+9,鑑定,464.71999999999997,NEW_REALM,2026-08-13
セラドの籠手 (未鑑定),+0,未鑑定,368.95,NEW_REALM,2026-08-13
セラドの籠手 (鑑定),+0,鑑定,219.79999999999998,NEW_REALM,2026-08-13
セラドの籠手 (鑑定),+10,鑑定,1667.34,NEW_REALM,2026-08-13
セラドの籠手 (鑑定),+7,鑑定,235.5,NEW_REALM,2026-08-13
セラドの籠手 (鑑定),+8,鑑定,237.07,NEW_REALM,2026-08-13
セラドの鎧 (未鑑定),+0,未鑑定,21.98,NEW_REALM,2026-08-13
セラドの鎧 (鑑定),+0,鑑定,39.25,NEW_REALM,2026-08-13
セラドの鎧 (鑑定),+5,鑑定,54.949999999999996,NEW_REALM,2026-08-13
セラドの鎧 (鑑定),+6,鑑定,125.60000000000001,NEW_REALM,2026-08-13
セラドの鎧 (鑑定),+7,鑑定,235.5,NEW_REALM,2026-08-13
セラドの長靴 (未鑑定),+0,未鑑定,28.259999999999998,NEW_REALM,2026-08-13
セラドの長靴 (鑑定),+0,鑑定,18.84,NEW_REALM,2026-08-13
セラドの長靴 (鑑定),+11,鑑定,1554.3,NEW_REALM,2026-08-13
セラドの長靴 (鑑定),+4,鑑定,188.4,NEW_REALM,2026-08-13
セラドの長靴 (鑑定),+5,鑑定,23.55,NEW_REALM,2026-08-13
セラドの長靴 (鑑定),+6,鑑定,72.22,NEW_REALM,2026-08-13
セラドの長靴 (鑑定),+7,鑑定,314.0,NEW_REALM,2026-08-13
セラドの長靴 (鑑定),+8,鑑定,186.82999999999998,NEW_REALM,2026-08-13
セラドの革ズボン (未鑑定),+0,未鑑定,23.55,NEW_REALM,2026-08-13
セラドの革ズボン (鑑定),+0,鑑定,17.27,NEW_REALM,2026-08-13
セラドの革ズボン (鑑定),+5,鑑定,26.69,NEW_REALM,2026-08-13
セラドの革ズボン (鑑定),+6,鑑定,72.22,NEW_REALM,2026-08-13
セラドの革ズボン (鑑定),+7,鑑定,282.6,NEW_REALM,2026-08-13
セラドの革ズボン (鑑定),+8,鑑定,257.47999999999996,NEW_REALM,2026-08-13
セルスのガントレット (未鑑定),+0,未鑑定,1568.43,NEW_REALM,2026-08-13
セルスのガントレット (鑑定),+0,鑑定,1538.6000000000001,NEW_REALM,2026-08-13
セルスのガントレット (鑑定),+8,鑑定,7693.0,NEW_REALM,2026-08-13
セルスのグローブ (鑑定),+6,鑑定,3874.7599999999998,NEW_REALM,2026-08-13
セルスのネックレス,+15,なし,33587.01,NEW_REALM,2026-08-13
セルスのフード (鑑定),+6,鑑定,7693.0,NEW_REALM,2026-08-13
セルスのブレスレット,+0,なし,5181.0,NEW_REALM,2026-08-13
セルスのヘルム (未鑑定),+0,未鑑定,1535.4599999999998,NEW_REALM,2026-08-13
セルスのヘルム (鑑定),+0,鑑定,2562.2400000000002,NEW_REALM,2026-08-13
セルスのヘルム (鑑定),+5,鑑定,15712.56,NEW_REALM,2026-08-13
セルスのヘルム (鑑定),+7,鑑定,2356.57,NEW_REALM,2026-08-13
セルスのベスト (未鑑定),+0,未鑑定,2512.0,NEW_REALM,2026-08-13
セルスのベスト (鑑定),+0,鑑定,5495.0,NEW_REALM,2026-08-13
セルスのベスト (鑑定),+6,鑑定,2983.0,NEW_REALM,2026-08-13
セルスのリング,+0,なし,3611.0,NEW_REALM,2026-08-13
セルスのレガース (未鑑定),+0,未鑑定,1012.65,NEW_REALM,2026-08-13
セルスのレガース (鑑定),+0,鑑定,1099.0,NEW_REALM,2026-08-13
セルスのレガース (鑑定),+6,鑑定,2121.07,NEW_REALM,2026-08-13
セルスのレガース (鑑定),+8,鑑定,5130.76,NEW_REALM,2026-08-13
セルスのローブ (鑑定),+6,鑑定,1570.0,NEW_REALM,2026-08-13
セルスの勇猛マント (未鑑定),+0,未鑑定,3925.0,NEW_REALM,2026-08-13
セルスの布ズボン (未鑑定),+0,未鑑定,1411.43,NEW_REALM,2026-08-13
セルスの布ズボン (鑑定),+0,鑑定,2667.43,NEW_REALM,2026-08-13
セルスの布ズボン (鑑定),+6,鑑定,1153.95,NEW_REALM,2026-08-13
セルスの布ズボン (鑑定),+8,鑑定,5495.0,NEW_REALM,2026-08-13
セルスの帽子 (未鑑定),+0,未鑑定,1507.2,NEW_REALM,2026-08-13
セルスの帽子 (鑑定),+0,鑑定,2355.0,NEW_REALM,2026-08-13
セルスの帽子 (鑑定),+6,鑑定,2436.64,NEW_REALM,2026-08-13
セルスの帽子 (鑑定),+7,鑑定,2747.5,NEW_REALM,2026-08-13
セルスの戦闘マント (未鑑定),+0,未鑑定,5179.43,NEW_REALM,2026-08-13
セルスの手甲 (未鑑定),+0,未鑑定,1091.15,NEW_REALM,2026-08-13
セルスの手甲 (鑑定),+4,鑑定,2648.59,NEW_REALM,2026-08-13
セルスの手甲 (鑑定),+6,鑑定,706.5,NEW_REALM,2026-08-13
セルスの手甲 (鑑定),+8,鑑定,14915.0,NEW_REALM,2026-08-13
セルスの短剣 (鑑定),+10,鑑定,235500.0,NEW_REALM,2026-08-13
セルスの短靴 (未鑑定),+0,未鑑定,4210.74,NEW_REALM,2026-08-13
セルスの短靴 (鑑定),+6,鑑定,5166.87,NEW_REALM,2026-08-13
セルスの精霊マント (未鑑定),+0,未鑑定,7065.0,NEW_REALM,2026-08-13
セルスの精霊マント (鑑定),+3,鑑定,3454.0,NEW_REALM,2026-08-13
セルスの長靴 (鑑定),+5,鑑定,1099.0,NEW_REALM,2026-08-13
セルスの長靴 (鑑定),+6,鑑定,1394.16,NEW_REALM,2026-08-13
セルビスのイヤリング,+0,なし,227.65,NEW_REALM,2026-08-13
セルビスのイヤリング,+15,なし,863.5,NEW_REALM,2026-08-13
セルビスのイヤリング,+17,なし,1413.0,NEW_REALM,2026-08-13
セルビスのイヤリング,+18,なし,2361.2799999999997,NEW_REALM,2026-08-13
セルビスのガントレット (未鑑定),+0,未鑑定,42.39,NEW_REALM,2026-08-13
セルビスのガントレット (鑑定),+0,鑑定,47.1,NEW_REALM,2026-08-13
セルビスのガントレット (鑑定),+5,鑑定,628.0,NEW_REALM,2026-08-13
セルビスのガントレット (鑑定),+7,鑑定,624.86,NEW_REALM,2026-08-13
セルビスのガントレット (鑑定),+8,鑑定,1570.0,NEW_REALM,2026-08-13
セルビスのクロスボウ (未鑑定),+0,未鑑定,2041.0,NEW_REALM,2026-08-13
セルビスのクロスボウ (鑑定),+10,鑑定,7749.5199999999995,NEW_REALM,2026-08-13
セルビスのクロスボウ (鑑定),+6,鑑定,783.4300000000001,NEW_REALM,2026-08-13
セルビスのグリーヴ (未鑑定),+0,未鑑定,76.92999999999999,NEW_REALM,2026-08-13
セルビスのグリーヴ (鑑定),+0,鑑定,43.96,NEW_REALM,2026-08-13
セルビスのグリーヴ (鑑定),+6,鑑定,1276.41,NEW_REALM,2026-08-13
セルビスのグリーヴ (鑑定),+8,鑑定,785.0,NEW_REALM,2026-08-13
セルビスのグローブ (未鑑定),+0,未鑑定,76.92999999999999,NEW_REALM,2026-08-13
セルビスのグローブ (鑑定),+0,鑑定,23.55,NEW_REALM,2026-08-13
セルビスのグローブ (鑑定),+5,鑑定,125.60000000000001,NEW_REALM,2026-08-13
セルビスのサイド (未鑑定),+0,未鑑定,1727.0,NEW_REALM,2026-08-13
セルビスのサイド (鑑定),+0,鑑定,2051.9900000000002,NEW_REALM,2026-08-13
セルビスのサイド (鑑定),+8,鑑定,2562.2400000000002,NEW_REALM,2026-08-13
セルビスのネックレス,+0,なし,1240.3,NEW_REALM,2026-08-13
セルビスのネックレス,+14,なし,2983.0,NEW_REALM,2026-08-13
セルビスのネックレス,+20,なし,14130.0,NEW_REALM,2026-08-13
セルビスのフード (鑑定),+0,鑑定,61.230000000000004,NEW_REALM,2026-08-13
セルビスのフード (鑑定),+5,鑑定,471.0,NEW_REALM,2026-08-13
セルビスのブレスレット,+18,なし,1667.34,NEW_REALM,2026-08-13
セルビスのヘルム (未鑑定),+0,未鑑定,26.69,NEW_REALM,2026-08-13
セルビスのヘルム (鑑定),+0,鑑定,21.98,NEW_REALM,2026-08-13
セルビスのヘルム (鑑定),+5,鑑定,62.800000000000004,NEW_REALM,2026-08-13
セルビスのヘルム (鑑定),+6,鑑定,36.11,NEW_REALM,2026-08-13
セルビスのヘルム (鑑定),+8,鑑定,387.79,NEW_REALM,2026-08-13
セルビスのヘルム (鑑定),+9,鑑定,1099.0,NEW_REALM,2026-08-13
セルビスのベスト (未鑑定),+0,未鑑定,28.259999999999998,NEW_REALM,2026-08-13
セルビスのベスト (鑑定),+0,鑑定,53.38,NEW_REALM,2026-08-13
セルビスのベルト,+5,なし,471.0,NEW_REALM,2026-08-13
セルビスのリング,+0,なし,455.3,NEW_REALM,2026-08-13
セルビスのレガース (未鑑定),+0,未鑑定,155.43,NEW_REALM,2026-08-13
セルビスのレガース (鑑定),+0,鑑定,733.1899999999999,NEW_REALM,2026-08-13
セルビスのレガース (鑑定),+6,鑑定,734.76,NEW_REALM,2026-08-13
セルビスのローブ (未鑑定),+0,未鑑定,25.12,NEW_REALM,2026-08-13
セルビスのローブ (鑑定),+0,鑑定,34.54,NEW_REALM,2026-08-13
セルビスのローブ (鑑定),+5,鑑定,31.400000000000002,NEW_REALM,2026-08-13
セルビスのローブ (鑑定),+6,鑑定,39.25,NEW_REALM,2026-08-13
セルビスの剣/盾 (未鑑定),+0,未鑑定,1570.0,NEW_REALM,2026-08-13
セルビスの勇猛マント (未鑑定),+0,未鑑定,486.7,NEW_REALM,2026-08-13
セルビスの勇猛マント (鑑定),+0,鑑定,628.0,NEW_REALM,2026-08-13
セルビスの勇猛マント (鑑定),+1,鑑定,719.0600000000001,NEW_REALM,2026-08-13
セルビスの大剣 (未鑑定),+0,未鑑定,541.65,NEW_REALM,2026-08-13
セルビスの布ズボン (未鑑定),+0,未鑑定,67.51,NEW_REALM,2026-08-13
セルビスの布ズボン (鑑定),+0,鑑定,345.40000000000003,NEW_REALM,2026-08-13
セルビスの布ズボン (鑑定),+5,鑑定,361.09999999999997,NEW_REALM,2026-08-13
セルビスの布ズボン (鑑定),+6,鑑定,343.83,NEW_REALM,2026-08-13
セルビスの布ズボン (鑑定),+7,鑑定,1570.0,NEW_REALM,2026-08-13
セルビスの帽子 (未鑑定),+0,未鑑定,29.830000000000002,NEW_REALM,2026-08-13
セルビスの帽子 (鑑定),+0,鑑定,28.259999999999998,NEW_REALM,2026-08-13
セルビスの帽子 (鑑定),+5,鑑定,47.1,NEW_REALM,2026-08-13
セルビスの帽子 (鑑定),+6,鑑定,31.400000000000002,NEW_REALM,2026-08-13
セルビスの帽子 (鑑定),+8,鑑定,775.58,NEW_REALM,2026-08-13
セルビスの弓 (未鑑定),+0,未鑑定,1570.0,NEW_REALM,2026-08-13
セルビスの弓 (鑑定),+10,鑑定,10990.0,NEW_REALM,2026-08-13
セルビスの戦棒 (鑑定),+8,鑑定,1568.43,NEW_REALM,2026-08-13
セルビスの戦闘マント (未鑑定),+0,未鑑定,376.8,NEW_REALM,2026-08-13
セルビスの戦闘マント (鑑定),+0,鑑定,626.4300000000001,NEW_REALM,2026-08-13
セルビスの戦闘盾 (鑑定),+9,鑑定,2909.21,NEW_REALM,2026-08-13
セルビスの手甲 (未鑑定),+0,未鑑定,125.60000000000001,NEW_REALM,2026-08-13
セルビスの杖 (未鑑定),+0,未鑑定,1331.3600000000001,NEW_REALM,2026-08-13
セルビスの杖 (鑑定),+10,鑑定,3091.3300000000004,NEW_REALM,2026-08-13
セルビスの杖 (鑑定),+8,鑑定,1099.0,NEW_REALM,2026-08-13
セルビスの杖 (鑑定),+9,鑑定,1413.0,NEW_REALM,2026-08-13
セルビスの短剣 (未鑑定),+0,未鑑定,876.0600000000001,NEW_REALM,2026-08-13
セルビスの短剣 (鑑定),+7,鑑定,596.6,NEW_REALM,2026-08-13
セルビスの短剣 (鑑定),+8,鑑定,1570.0,NEW_REALM,2026-08-13
セルビスの短靴 (鑑定),+0,鑑定,47.1,NEW_REALM,2026-08-13
セルビスの短靴 (鑑定),+5,鑑定,37.68,NEW_REALM,2026-08-13
セルビスの破壊マント (未鑑定),+0,未鑑定,471.0,NEW_REALM,2026-08-13
セルビスの破壊マント (鑑定),+0,鑑定,3925.0,NEW_REALM,2026-08-13
セルビスの籠手 (未鑑定),+0,未鑑定,766.16,NEW_REALM,2026-08-13
セルビスの籠手 (鑑定),+0,鑑定,314.0,NEW_REALM,2026-08-13
セルビスの籠手 (鑑定),+7,鑑定,392.5,NEW_REALM,2026-08-13
セルビスの精霊マント (未鑑定),+0,未鑑定,406.63,NEW_REALM,2026-08-13
セルビスの精霊マント (鑑定),+0,鑑定,329.7,NEW_REALM,2026-08-13
セルビスの精霊マント (鑑定),+3,鑑定,361.09999999999997,NEW_REALM,2026-08-13
セルビスの鎧 (未鑑定),+0,未鑑定,39.25,NEW_REALM,2026-08-13
セルビスの鎧 (鑑定),+0,鑑定,29.830000000000002,NEW_REALM,2026-08-13
セルビスの鎧 (鑑定),+10,鑑定,471.0,NEW_REALM,2026-08-13
セルビスの鎧 (鑑定),+5,鑑定,98.91,NEW_REALM,2026-08-13
セルビスの長靴 (未鑑定),+0,未鑑定,37.68,NEW_REALM,2026-08-13
セルビスの長靴 (鑑定),+0,鑑定,40.82,NEW_REALM,2026-08-13
セルビスの長靴 (鑑定),+5,鑑定,69.08,NEW_REALM,2026-08-13
セルビスの長靴 (鑑定),+6,鑑定,469.43,NEW_REALM,2026-08-13
セルビスの長靴 (鑑定),+8,鑑定,471.0,NEW_REALM,2026-08-13
セルビスの長靴 (鑑定),+9,鑑定,1106.85,NEW_REALM,2026-08-13
セルビスの革ズボン (未鑑定),+0,未鑑定,141.3,NEW_REALM,2026-08-13
セルビスの革ズボン (鑑定),+0,鑑定,64.36999999999999,NEW_REALM,2026-08-13
セルビスの革ズボン (鑑定),+5,鑑定,78.5,NEW_REALM,2026-08-13
テレノスの布ズボン (未鑑定),+0,未鑑定,78500.0,NEW_REALM,2026-08-13
デルフォンのサドル,+0,なし,2826.0,NEW_REALM,2026-08-13
ペルトロフのサドル,+0,なし,689.2299999999999,NEW_REALM,2026-08-13
ペルノクスのイヤリング,+0,なし,2510.43,NEW_REALM,2026-08-13
ペルノクスのガントレット (未鑑定),+0,未鑑定,3764.86,NEW_REALM,2026-08-13
ペルノクスのグリーヴ (未鑑定),+0,未鑑定,13340.289999999999,NEW_REALM,2026-08-13
ペルノクスのグローブ (未鑑定),+0,未鑑定,3925.0,NEW_REALM,2026-08-13
ペルノクスのグローブ (鑑定),+0,鑑定,3298.57,NEW_REALM,2026-08-13
ペルノクスのブレスレット,+0,なし,5652.0,NEW_REALM,2026-08-13
ペルノクスのヘルム (未鑑定),+0,未鑑定,1413.0,NEW_REALM,2026-08-13
ペルノクスのレガース (未鑑定),+0,未鑑定,1103.71,NEW_REALM,2026-08-13
ペルノクスのレガース (鑑定),+8,鑑定,14112.73,NEW_REALM,2026-08-13
ペルノクスのローブ (鑑定),+5,鑑定,3140.0,NEW_REALM,2026-08-13
ペルノクスの布ズボン (未鑑定),+0,未鑑定,5966.0,NEW_REALM,2026-08-13
ペルノクスの帽子 (未鑑定),+0,未鑑定,3607.86,NEW_REALM,2026-08-13
ペルノクスの戦闘マント (未鑑定),+0,未鑑定,7850.0,NEW_REALM,2026-08-13
ペルノクスの手甲 (未鑑定),+0,未鑑定,1884.0,NEW_REALM,2026-08-13
ペルノクスの短靴 (未鑑定),+0,未鑑定,3925.0,NEW_REALM,2026-08-13
ペルノクスの破壊マント (未鑑定),+0,未鑑定,5648.86,NEW_REALM,2026-08-13
ペルノクスの精霊マント (未鑑定),+0,未鑑定,4710.0,NEW_REALM,2026-08-13
ペルノクスの鎧 (未鑑定),+0,未鑑定,4239.0,NEW_REALM,2026-08-13
ペルノクスの鎧 (鑑定),+6,鑑定,5498.14,NEW_REALM,2026-08-13
ペルノクスの長靴 (鑑定),+6,鑑定,5495.0,NEW_REALM,2026-08-13
ペルノクスの革ズボン (未鑑定),+0,未鑑定,2810.2999999999997,NEW_REALM,2026-08-13
ペルノクスの革ズボン (鑑定),+0,鑑定,3140.0,NEW_REALM,2026-08-13
ラバトニスのサドル,+0,なし,1256.0,NEW_REALM,2026-08-13
ランフォンのサドル,+0,なし,924.7299999999999,NEW_REALM,2026-08-13
リバティのサドル,+0,なし,717.49,NEW_REALM,2026-08-13
レア装飾品強化箱(100個),+0,なし,94.2,NEW_REALM,2026-08-13
ロディのサドル,+0,なし,2818.15,NEW_REALM,2026-08-13
光の戦闘馬のサドル,+0,なし,70.65,NEW_REALM,2026-08-13
剣と盾：機会捕捉,+0,なし,188.4,NEW_REALM,2026-08-13
剣と盾：防御修練,+0,なし,232.35999999999999,NEW_REALM,2026-08-13
大剣：極限の力,+0,なし,138.16,NEW_REALM,2026-08-13
大剣：狂戦士の誇り,+0,なし,6908.0,NEW_REALM,2026-08-13
大剣：鋭い剣,+0,なし,15.700000000000001,NEW_REALM,2026-08-13
弓：品質の良い矢,+0,なし,39.25,NEW_REALM,2026-08-13
弓：完璧な狙撃手,+0,なし,14883.6,NEW_REALM,2026-08-13
弓：標的照準,+0,なし,73.78999999999999,NEW_REALM,2026-08-13
戦棒：均衡,+0,なし,15.700000000000001,NEW_REALM,2026-08-13
戦棒：軽やかな身のこなし,+0,なし,45.529999999999994,NEW_REALM,2026-08-13
戦闘盾：光の守護者,+0,なし,3925.0,NEW_REALM,2026-08-13
戦闘盾：堅固な鎧,+0,なし,61.230000000000004,NEW_REALM,2026-08-13
戦闘盾：忍耐力,+0,なし,243.35,NEW_REALM,2026-08-13
手懐けられたモネタ狼のサドル,+0,なし,25.12,NEW_REALM,2026-08-13
杖：元素覚醒,+0,なし,14130.0,NEW_REALM,2026-08-13
杖：魔力無視,+0,なし,15.700000000000001,NEW_REALM,2026-08-13
杖：黒オール,+0,なし,18.84,NEW_REALM,2026-08-13
武装したバイランの軍馬のサドル,+0,なし,105.19000000000001,NEW_REALM,2026-08-13
流浪狼のサドル,+0,なし,15.700000000000001,NEW_REALM,2026-08-13
灰色の夜明けのガントレット (未鑑定),+0,未鑑定,72.22,NEW_REALM,2026-08-13
灰色の夜明けのガントレット (鑑定),+0,鑑定,26.69,NEW_REALM,2026-08-13
灰色の夜明けのガントレット (鑑定),+4,鑑定,157.0,NEW_REALM,2026-08-13
灰色の夜明けのガントレット (鑑定),+5,鑑定,125.60000000000001,NEW_REALM,2026-08-13
灰色の夜明けのガントレット (鑑定),+6,鑑定,257.47999999999996,NEW_REALM,2026-08-13
灰色の夜明けのガントレット (鑑定),+7,鑑定,314.0,NEW_REALM,2026-08-13
灰色の夜明けのガントレット (鑑定),+8,鑑定,141.3,NEW_REALM,2026-08-13
灰色の夜明けのクロスボウ (鑑定),+0,鑑定,2350.29,NEW_REALM,2026-08-13
灰色の夜明けのクロスボウ (鑑定),+7,鑑定,1990.76,NEW_REALM,2026-08-13
灰色の夜明けのグリーヴ (未鑑定),+0,未鑑定,64.36999999999999,NEW_REALM,2026-08-13
灰色の夜明けのグリーヴ (鑑定),+0,鑑定,153.85999999999999,NEW_REALM,2026-08-13
灰色の夜明けのグリーヴ (鑑定),+5,鑑定,72.22,NEW_REALM,2026-08-13
灰色の夜明けのグリーヴ (鑑定),+6,鑑定,73.78999999999999,NEW_REALM,2026-08-13
灰色の夜明けのグローブ (未鑑定),+0,未鑑定,91.05999999999999,NEW_REALM,2026-08-13
灰色の夜明けのグローブ (鑑定),+0,鑑定,78.5,NEW_REALM,2026-08-13
灰色の夜明けのグローブ (鑑定),+5,鑑定,62.800000000000004,NEW_REALM,2026-08-13
灰色の夜明けのグローブ (鑑定),+8,鑑定,1099.0,NEW_REALM,2026-08-13
灰色の夜明けのサイド (未鑑定),+0,未鑑定,2260.8,NEW_REALM,2026-08-13
灰色の夜明けのサイド (鑑定),+8,鑑定,2215.27,NEW_REALM,2026-08-13
灰色の夜明けのネックレス,+0,なし,1538.6000000000001,NEW_REALM,2026-08-13
灰色の夜明けのフード (鑑定),+0,鑑定,73.78999999999999,NEW_REALM,2026-08-13
灰色の夜明けのフード (鑑定),+5,鑑定,235.5,NEW_REALM,2026-08-13
灰色の夜明けのフード (鑑定),+6,鑑定,243.35,NEW_REALM,2026-08-13
灰色の夜明けのフード (鑑定),+8,鑑定,282.6,NEW_REALM,2026-08-13
灰色の夜明けのブレスレット,+0,なし,471.0,NEW_REALM,2026-08-13
灰色の夜明けのヘルム (未鑑定),+0,未鑑定,73.78999999999999,NEW_REALM,2026-08-13
灰色の夜明けのヘルム (鑑定),+0,鑑定,78.5,NEW_REALM,2026-08-13
灰色の夜明けのヘルム (鑑定),+4,鑑定,471.0,NEW_REALM,2026-08-13
灰色の夜明けのヘルム (鑑定),+5,鑑定,257.47999999999996,NEW_REALM,2026-08-13
灰色の夜明けのヘルム (鑑定),+9,鑑定,659.4,NEW_REALM,2026-08-13
灰色の夜明けのベスト (未鑑定),+0,未鑑定,39.25,NEW_REALM,2026-08-13
灰色の夜明けのベスト (鑑定),+0,鑑定,78.5,NEW_REALM,2026-08-13
灰色の夜明けのベスト (鑑定),+5,鑑定,314.0,NEW_REALM,2026-08-13
灰色の夜明けのベスト (鑑定),+6,鑑定,157.0,NEW_REALM,2026-08-13
灰色の夜明けのベスト (鑑定),+8,鑑定,471.0,NEW_REALM,2026-08-13
灰色の夜明けのベルト,+0,なし,147.57999999999998,NEW_REALM,2026-08-13
灰色の夜明けのベルト,+15,なし,942.0,NEW_REALM,2026-08-13
灰色の夜明けのリング,+0,なし,387.79,NEW_REALM,2026-08-13
灰色の夜明けのリング,+20,なし,10990.0,NEW_REALM,2026-08-13
灰色の夜明けのレガース (未鑑定),+0,未鑑定,100.48,NEW_REALM,2026-08-13
灰色の夜明けのレガース (鑑定),+0,鑑定,102.05,NEW_REALM,2026-08-13
灰色の夜明けのレガース (鑑定),+5,鑑定,155.43,NEW_REALM,2026-08-13
灰色の夜明けのレガース (鑑定),+6,鑑定,157.0,NEW_REALM,2026-08-13
灰色の夜明けのレガース (鑑定),+8,鑑定,392.5,NEW_REALM,2026-08-13
灰色の夜明けのローブ (鑑定),+0,鑑定,89.49,NEW_REALM,2026-08-13
灰色の夜明けのローブ (鑑定),+5,鑑定,62.800000000000004,NEW_REALM,2026-08-13
灰色の夜明けの剣/盾 (未鑑定),+0,未鑑定,1676.76,NEW_REALM,2026-08-13
灰色の夜明けの剣/盾 (鑑定),+8,鑑定,6906.43,NEW_REALM,2026-08-13
灰色の夜明けの剣/盾 (鑑定),+9,鑑定,6123.0,NEW_REALM,2026-08-13
灰色の夜明けの勇猛マント (未鑑定),+0,未鑑定,376.8,NEW_REALM,2026-08-13
灰色の夜明けの勇猛マント (鑑定),+0,鑑定,502.40000000000003,NEW_REALM,2026-08-13
灰色の夜明けの大剣 (未鑑定),+0,未鑑定,940.4300000000001,NEW_REALM,2026-08-13
灰色の夜明けの大剣 (鑑定),+0,鑑定,706.5,NEW_REALM,2026-08-13
灰色の夜明けの大剣 (鑑定),+7,鑑定,640.5600000000001,NEW_REALM,2026-08-13
灰色の夜明けの大剣 (鑑定),+8,鑑定,6276.86,NEW_REALM,2026-08-13
灰色の夜明けの布ズボン (未鑑定),+0,未鑑定,36.11,NEW_REALM,2026-08-13
灰色の夜明けの布ズボン (鑑定),+0,鑑定,109.89999999999999,NEW_REALM,2026-08-13
灰色の夜明けの布ズボン (鑑定),+5,鑑定,62.800000000000004,NEW_REALM,2026-08-13
灰色の夜明けの布ズボン (鑑定),+6,鑑定,78.5,NEW_REALM,2026-08-13
灰色の夜明けの布ズボン (鑑定),+8,鑑定,1161.8,NEW_REALM,2026-08-13
灰色の夜明けの帽子 (未鑑定),+0,未鑑定,26.69,NEW_REALM,2026-08-13
灰色の夜明けの帽子 (鑑定),+0,鑑定,28.259999999999998,NEW_REALM,2026-08-13
灰色の夜明けの帽子 (鑑定),+6,鑑定,254.34,NEW_REALM,2026-08-13
灰色の夜明けの帽子 (鑑定),+8,鑑定,706.5,NEW_REALM,2026-08-13
灰色の夜明けの弓 (未鑑定),+0,未鑑定,1705.02,NEW_REALM,2026-08-13
灰色の夜明けの弓 (鑑定),+6,鑑定,2350.29,NEW_REALM,2026-08-13
灰色の夜明けの弓 (鑑定),+8,鑑定,4380.3,NEW_REALM,2026-08-13
灰色の夜明けの戦棒 (未鑑定),+0,未鑑定,1177.5,NEW_REALM,2026-08-13
灰色の夜明けの戦棒 (鑑定),+0,鑑定,3140.0,NEW_REALM,2026-08-13
灰色の夜明けの戦棒 (鑑定),+8,鑑定,1570.0,NEW_REALM,2026-08-13
灰色の夜明けの戦闘マント (未鑑定),+0,未鑑定,376.8,NEW_REALM,2026-08-13
灰色の夜明けの戦闘マント (鑑定),+0,鑑定,392.5,NEW_REALM,2026-08-13
灰色の夜明けの戦闘マント (鑑定),+2,鑑定,923.16,NEW_REALM,2026-08-13
灰色の夜明けの戦闘盾 (未鑑定),+0,未鑑定,863.5,NEW_REALM,2026-08-13
灰色の夜明けの手甲 (未鑑定),+0,未鑑定,23.55,NEW_REALM,2026-08-13
灰色の夜明けの手甲 (鑑定),+0,鑑定,20.41,NEW_REALM,2026-08-13
灰色の夜明けの手甲 (鑑定),+5,鑑定,149.15,NEW_REALM,2026-08-13
灰色の夜明けの手甲 (鑑定),+6,鑑定,314.0,NEW_REALM,2026-08-13
灰色の夜明けの手甲 (鑑定),+8,鑑定,373.65999999999997,NEW_REALM,2026-08-13
灰色の夜明けの杖 (未鑑定),+0,未鑑定,1276.41,NEW_REALM,2026-08-13
灰色の夜明けの杖 (鑑定),+0,鑑定,1025.21,NEW_REALM,2026-08-13
灰色の夜明けの杖 (鑑定),+6,鑑定,1398.8700000000001,NEW_REALM,2026-08-13
灰色の夜明けの杖 (鑑定),+7,鑑定,2180.73,NEW_REALM,2026-08-13
灰色の夜明けの短剣 (未鑑定),+0,未鑑定,1411.43,NEW_REALM,2026-08-13
灰色の夜明けの短剣 (鑑定),+8,鑑定,1413.0,NEW_REALM,2026-08-13
灰色の夜明けの短靴 (未鑑定),+0,未鑑定,73.78999999999999,NEW_REALM,2026-08-13
灰色の夜明けの短靴 (鑑定),+0,鑑定,50.24,NEW_REALM,2026-08-13
灰色の夜明けの短靴 (鑑定),+6,鑑定,392.5,NEW_REALM,2026-08-13
灰色の夜明けの破壊マント (未鑑定),+0,未鑑定,471.0,NEW_REALM,2026-08-13
灰色の夜明けの破壊マント (鑑定),+0,鑑定,345.40000000000003,NEW_REALM,2026-08-13
灰色の夜明けの破壊マント (鑑定),+2,鑑定,3140.0,NEW_REALM,2026-08-13
灰色の夜明けの破壊マント (鑑定),+3,鑑定,2356.57,NEW_REALM,2026-08-13
灰色の夜明けの籠手 (未鑑定),+0,未鑑定,455.3,NEW_REALM,2026-08-13
灰色の夜明けの籠手 (鑑定),+0,鑑定,774.01,NEW_REALM,2026-08-13
灰色の夜明けの籠手 (鑑定),+10,鑑定,1727.0,NEW_REALM,2026-08-13
灰色の夜明けの籠手 (鑑定),+7,鑑定,628.0,NEW_REALM,2026-08-13
灰色の夜明けの籠手 (鑑定),+8,鑑定,626.4300000000001,NEW_REALM,2026-08-13
灰色の夜明けの精霊マント (未鑑定),+0,未鑑定,455.3,NEW_REALM,2026-08-13
灰色の夜明けの精霊マント (鑑定),+0,鑑定,549.5,NEW_REALM,2026-08-13
灰色の夜明けの精霊マント (鑑定),+2,鑑定,547.9300000000001,NEW_REALM,2026-08-13
灰色の夜明けの鎧 (未鑑定),+0,未鑑定,25.12,NEW_REALM,2026-08-13
灰色の夜明けの鎧 (鑑定),+0,鑑定,15.700000000000001,NEW_REALM,2026-08-13
灰色の夜明けの鎧 (鑑定),+10,鑑定,427.04,NEW_REALM,2026-08-13
灰色の夜明けの鎧 (鑑定),+5,鑑定,78.5,NEW_REALM,2026-08-13
灰色の夜明けの鎧 (鑑定),+7,鑑定,259.05,NEW_REALM,2026-08-13
灰色の夜明けの鎧 (鑑定),+8,鑑定,516.53,NEW_REALM,2026-08-13
灰色の夜明けの長靴 (未鑑定),+0,未鑑定,25.12,NEW_REALM,2026-08-13
灰色の夜明けの長靴 (鑑定),+0,鑑定,102.05,NEW_REALM,2026-08-13
灰色の夜明けの長靴 (鑑定),+5,鑑定,124.03,NEW_REALM,2026-08-13
灰色の夜明けの長靴 (鑑定),+7,鑑定,471.0,NEW_REALM,2026-08-13
灰色の夜明けの長靴 (鑑定),+8,鑑定,321.84999999999997,NEW_REALM,2026-08-13
灰色の夜明けの革ズボン (未鑑定),+0,未鑑定,39.25,NEW_REALM,2026-08-13
灰色の夜明けの革ズボン (鑑定),+0,鑑定,15.700000000000001,NEW_REALM,2026-08-13
灰色の夜明けの革ズボン (鑑定),+4,鑑定,667.25,NEW_REALM,2026-08-13
灰色の夜明けの革ズボン (鑑定),+6,鑑定,785.0,NEW_REALM,2026-08-13
灰色の夜明けの革ズボン (鑑定),+8,鑑定,610.73,NEW_REALM,2026-08-13
白い戦闘馬のサドル,+0,なし,31.400000000000002,NEW_REALM,2026-08-13
短剣：再整備,+0,なし,8635.0,NEW_REALM,2026-08-13
短剣：暗殺者の印,+0,なし,15.700000000000001,NEW_REALM,2026-08-13
短剣：素早さ,+0,なし,15.700000000000001,NEW_REALM,2026-08-13
素手：武術修練,+0,なし,1099.0,NEW_REALM,2026-08-13
荒ぶる戦闘狼のサドル,+0,なし,39.25,NEW_REALM,2026-08-13
青い戦闘馬のサドル,+0,なし,78.5,NEW_REALM,2026-08-13
魔法使いの駿馬のサドル,+0,なし,62.800000000000004,NEW_REALM,2026-08-13
黒い戦闘馬のサドル,+0,なし,62.800000000000004,NEW_REALM,2026-08-13
黒棘のイヤリング,+0,なし,1256.0,NEW_REALM,2026-08-13
黒棘のガントレット (未鑑定),+0,未鑑定,54.949999999999996,NEW_REALM,2026-08-13
黒棘のガントレット (鑑定),+0,鑑定,72.22,NEW_REALM,2026-08-13
黒棘のガントレット (鑑定),+8,鑑定,1398.8700000000001,NEW_REALM,2026-08-13
黒棘のグリーヴ (未鑑定),+0,未鑑定,105.19000000000001,NEW_REALM,2026-08-13
黒棘のグリーヴ (鑑定),+6,鑑定,125.60000000000001,NEW_REALM,2026-08-13
黒棘のグローブ (鑑定),+0,鑑定,314.0,NEW_REALM,2026-08-13
黒棘のグローブ (鑑定),+6,鑑定,392.5,NEW_REALM,2026-08-13
黒棘のグローブ (鑑定),+7,鑑定,359.53000000000003,NEW_REALM,2026-08-13
黒棘のサイド (未鑑定),+0,未鑑定,4867.0,NEW_REALM,2026-08-13
黒棘のサイド (鑑定),+10,鑑定,8635.0,NEW_REALM,2026-08-13
黒棘のサイド (鑑定),+8,鑑定,5809.0,NEW_REALM,2026-08-13
黒棘のネックレス,+18,なし,8635.0,NEW_REALM,2026-08-13
黒棘のフード (未鑑定),+0,未鑑定,54.949999999999996,NEW_REALM,2026-08-13
黒棘のフード (鑑定),+0,鑑定,48.67,NEW_REALM,2026-08-13
黒棘のフード (鑑定),+5,鑑定,180.54999999999998,NEW_REALM,2026-08-13
黒棘のフード (鑑定),+6,鑑定,204.1,NEW_REALM,2026-08-13
黒棘のフード (鑑定),+7,鑑定,785.0,NEW_REALM,2026-08-13
黒棘のフード (鑑定),+8,鑑定,392.5,NEW_REALM,2026-08-13
黒棘のブレスレット,+0,なし,235.5,NEW_REALM,2026-08-13
黒棘のヘルム (未鑑定),+0,未鑑定,78.5,NEW_REALM,2026-08-13
黒棘のヘルム (鑑定),+0,鑑定,43.96,NEW_REALM,2026-08-13
黒棘のヘルム (鑑定),+7,鑑定,265.33,NEW_REALM,2026-08-13
黒棘のヘルム (鑑定),+8,鑑定,628.0,NEW_REALM,2026-08-13
黒棘のヘルム (鑑定),+9,鑑定,785.0,NEW_REALM,2026-08-13
黒棘のベスト (未鑑定),+0,未鑑定,455.3,NEW_REALM,2026-08-13
黒棘のベスト (鑑定),+8,鑑定,1256.0,NEW_REALM,2026-08-13
黒棘のベスト (鑑定),+9,鑑定,1413.0,NEW_REALM,2026-08-13
黒棘のベルト,+10,なし,549.5,NEW_REALM,2026-08-13
黒棘のベルト,+13,なし,1256.0,NEW_REALM,2026-08-13
黒棘のリング,+0,なし,469.43,NEW_REALM,2026-08-13
黒棘のリング,+15,なし,1570.0,NEW_REALM,2026-08-13
黒棘のレガース (未鑑定),+0,未鑑定,62.800000000000004,NEW_REALM,2026-08-13
黒棘のレガース (鑑定),+0,鑑定,51.81,NEW_REALM,2026-08-13
黒棘のレガース (鑑定),+5,鑑定,141.3,NEW_REALM,2026-08-13
黒棘のレガース (鑑定),+6,鑑定,188.4,NEW_REALM,2026-08-13
黒棘のレガース (鑑定),+8,鑑定,549.5,NEW_REALM,2026-08-13
黒棘の剣/盾 (未鑑定),+0,未鑑定,3450.86,NEW_REALM,2026-08-13
黒棘の勇猛マント (未鑑定),+0,未鑑定,376.8,NEW_REALM,2026-08-13
黒棘の勇猛マント (鑑定),+5,鑑定,1884.0,NEW_REALM,2026-08-13
黒棘の大剣 (鑑定),+0,鑑定,2355.0,NEW_REALM,2026-08-13
黒棘の布ズボン (鑑定),+0,鑑定,62.800000000000004,NEW_REALM,2026-08-13
黒棘の布ズボン (鑑定),+8,鑑定,2355.0,NEW_REALM,2026-08-13
黒棘の帽子 (未鑑定),+0,未鑑定,108.33,NEW_REALM,2026-08-13
黒棘の帽子 (鑑定),+0,鑑定,92.63,NEW_REALM,2026-08-13
黒棘の帽子 (鑑定),+5,鑑定,251.20000000000002,NEW_REALM,2026-08-13
黒棘の帽子 (鑑定),+6,鑑定,232.35999999999999,NEW_REALM,2026-08-13
黒棘の弓 (未鑑定),+0,未鑑定,4710.0,NEW_REALM,2026-08-13
黒棘の弓 (鑑定),+0,鑑定,7063.43,NEW_REALM,2026-08-13
黒棘の戦棒 (未鑑定),+0,未鑑定,5127.62,NEW_REALM,2026-08-13
黒棘の戦闘マント (未鑑定),+0,未鑑定,471.0,NEW_REALM,2026-08-13
黒棘の戦闘盾 (未鑑定),+0,未鑑定,1334.5,NEW_REALM,2026-08-13
黒棘の戦闘盾 (鑑定),+0,鑑定,2824.43,NEW_REALM,2026-08-13
黒棘の戦闘盾 (鑑定),+8,鑑定,4239.0,NEW_REALM,2026-08-13
黒棘の手甲 (未鑑定),+0,未鑑定,78.5,NEW_REALM,2026-08-13
黒棘の手甲 (鑑定),+0,鑑定,314.0,NEW_REALM,2026-08-13
黒棘の杖 (未鑑定),+0,未鑑定,4736.6900000000005,NEW_REALM,2026-08-13
黒棘の短剣 (未鑑定),+0,未鑑定,2983.0,NEW_REALM,2026-08-13
黒棘の短剣 (鑑定),+0,鑑定,6413.45,NEW_REALM,2026-08-13
黒棘の短靴 (未鑑定),+0,未鑑定,255.91,NEW_REALM,2026-08-13
黒棘の破壊マント (未鑑定),+0,未鑑定,439.59999999999997,NEW_REALM,2026-08-13
黒棘の籠手 (鑑定),+9,鑑定,2041.0,NEW_REALM,2026-08-13
黒棘の精霊マント (鑑定),+0,鑑定,350.11,NEW_REALM,2026-08-13
黒棘の精霊マント (鑑定),+1,鑑定,623.2900000000001,NEW_REALM,2026-08-13
黒棘の精霊マント (鑑定),+4,鑑定,863.5,NEW_REALM,2026-08-13
黒棘の鎧 (未鑑定),+0,未鑑定,62.800000000000004,NEW_REALM,2026-08-13
黒棘の鎧 (鑑定),+0,鑑定,62.800000000000004,NEW_REALM,2026-08-13
黒棘の鎧 (鑑定),+6,鑑定,54.949999999999996,NEW_REALM,2026-08-13
黒棘の長靴 (未鑑定),+0,未鑑定,62.800000000000004,NEW_REALM,2026-08-13
黒棘の長靴 (鑑定),+0,鑑定,153.85999999999999,NEW_REALM,2026-08-13
黒棘の革ズボン (未鑑定),+0,未鑑定,61.230000000000004,NEW_REALM,2026-08-13
黒棘の革ズボン (鑑定),+0,鑑定,464.71999999999997,NEW_REALM,2026-08-13
黒棘の革ズボン (鑑定),+5,鑑定,643.6999999999999,NEW_REALM,2026-08-13
黒棘の革ズボン (鑑定),+9,鑑定,3140.0,NEW_REALM,2026-08-13
1段階10番培養細胞ボックス(10個),+0,なし,973.4,OLD_REALM,2026-08-13
1段階10番培養細胞箱(10個),+0,なし,15.700000000000001,OLD_REALM,2026-08-13
1段階11番培養細胞箱(10個),+0,なし,15.700000000000001,OLD_REALM,2026-08-13
1段階12番培養細胞箱(10個),+0,なし,17.27,OLD_REALM,2026-08-13
1段階13番培養細胞箱(10個),+0,なし,78.5,OLD_REALM,2026-08-13
1段階14番培養細胞箱(10個),+0,なし,356.39,OLD_REALM,2026-08-13
1段階15番培養細胞箱(10個),+0,なし,2976.7200000000003,OLD_REALM,2026-08-13
1段階16番培養細胞箱(5個),+0,なし,7061.86,OLD_REALM,2026-08-13
1段階1番培養細胞ボックス(10個),+0,なし,15.700000000000001,OLD_REALM,2026-08-13
1段階1番培養細胞箱(10個),+0,なし,15.700000000000001,OLD_REALM,2026-08-13
1段階2番培養細胞箱(10個),+0,なし,15.700000000000001,OLD_REALM,2026-08-13
1段階3番培養細胞箱(10個),+0,なし,15.700000000000001,OLD_REALM,2026-08-13
1段階4番培養細胞箱(10個),+0,なし,15.700000000000001,OLD_REALM,2026-08-13
1段階5番培養細胞箱(10個),+0,なし,15.700000000000001,OLD_REALM,2026-08-13
1段階6番培養細胞箱(10個),+0,なし,15.700000000000001,OLD_REALM,2026-08-13
1段階7番培養細胞ボックス(10個),+0,なし,389.36,OLD_REALM,2026-08-13
1段階7番培養細胞箱(10個),+0,なし,15.700000000000001,OLD_REALM,2026-08-13
1段階8番培養細胞箱(10個),+0,なし,15.700000000000001,OLD_REALM,2026-08-13
1段階9番培養細胞箱(10個),+0,なし,15.700000000000001,OLD_REALM,2026-08-13
"1段階時の欠片箱(1,000個)",+0,なし,15.700000000000001,OLD_REALM,2026-08-13
"1段階没落の残滓(100,000個)",+0,なし,23.55,OLD_REALM,2026-08-13
1段階錬金術触媒箱(100個),+0,なし,15.700000000000001,OLD_REALM,2026-08-13
1段階黒オール箱(100個),+0,なし,15.700000000000001,OLD_REALM,2026-08-13
2段階10番培養細胞箱(50個),+0,なし,15.700000000000001,OLD_REALM,2026-08-13
2段階11番培養細胞箱(50個),+0,なし,75.36,OLD_REALM,2026-08-13
2段階12番培養細胞箱(50個),+0,なし,116.17999999999999,OLD_REALM,2026-08-13
2段階13番培養細胞箱(50個),+0,なし,640.5600000000001,OLD_REALM,2026-08-13
2段階1番培養細胞箱(50個),+0,なし,15.700000000000001,OLD_REALM,2026-08-13
2段階2番培養細胞箱(50個),+0,なし,15.700000000000001,OLD_REALM,2026-08-13
2段階3番培養細胞箱(50個),+0,なし,15.700000000000001,OLD_REALM,2026-08-13
2段階4番培養細胞箱(50個),+0,なし,15.700000000000001,OLD_REALM,2026-08-13
2段階5番培養細胞箱(50個),+0,なし,15.700000000000001,OLD_REALM,2026-08-13
2段階6番培養細胞箱(50個),+0,なし,15.700000000000001,OLD_REALM,2026-08-13
2段階7番培養細胞箱(50個),+0,なし,15.700000000000001,OLD_REALM,2026-08-13
2段階8番培養細胞箱(50個),+0,なし,15.700000000000001,OLD_REALM,2026-08-13
2段階9番培養細胞箱(50個),+0,なし,15.700000000000001,OLD_REALM,2026-08-13
"2段階時の欠片箱(5,000個)",+0,なし,42.39,OLD_REALM,2026-08-13
"2段階没落の残滓(500,000個)",+0,なし,86.35000000000001,OLD_REALM,2026-08-13
2段階錬金術触媒箱(500個),+0,なし,42.39,OLD_REALM,2026-08-13
2段階黒オール箱(500個),+0,なし,28.259999999999998,OLD_REALM,2026-08-13
3段階10番培養細胞箱(100個),+0,なし,15.700000000000001,OLD_REALM,2026-08-13
3段階11番培養細胞箱(100個),+0,なし,216.66,OLD_REALM,2026-08-13
3段階12番培養細胞箱(100個),+0,なし,285.74,OLD_REALM,2026-08-13
3段階13番培養細胞箱(100個),+0,なし,2041.0,OLD_REALM,2026-08-13
3段階1番培養細胞箱(100個),+0,なし,15.700000000000001,OLD_REALM,2026-08-13
3段階2番培養細胞箱(100個),+0,なし,15.700000000000001,OLD_REALM,2026-08-13
3段階3番培養細胞箱(100個),+0,なし,15.700000000000001,OLD_REALM,2026-08-13
3段階4番培養細胞箱(100個),+0,なし,15.700000000000001,OLD_REALM,2026-08-13
3段階5番培養細胞箱(100個),+0,なし,15.700000000000001,OLD_REALM,2026-08-13
3段階6番培養細胞箱(100個),+0,なし,15.700000000000001,OLD_REALM,2026-08-13
3段階7番培養細胞箱(100個),+0,なし,15.700000000000001,OLD_REALM,2026-08-13
3段階8番培養細胞箱(100個),+0,なし,15.700000000000001,OLD_REALM,2026-08-13
3段階9番培養細胞箱(100個),+0,なし,15.700000000000001,OLD_REALM,2026-08-13
"3段階時の欠片箱(10,000個)",+0,なし,87.92,OLD_REALM,2026-08-13
"3段階没落の残滓(1,000,000個)",+0,なし,166.42000000000002,OLD_REALM,2026-08-13
"3段階錬金術触媒箱(1,000個)",+0,なし,15.700000000000001,OLD_REALM,2026-08-13
"3段階黒オール箱(1,000個)",+0,なし,50.24,OLD_REALM,2026-08-13
"4段階時の欠片箱(50,000個)",+0,なし,486.7,OLD_REALM,2026-08-13
"5段階時の欠片箱(100,000個)",+0,なし,1031.49,OLD_REALM,2026-08-13
アイサの勇猛マント (未鑑定),+0,未鑑定,114.61,OLD_REALM,2026-08-13
アイサの勇猛マント (鑑定),+0,鑑定,513.39,OLD_REALM,2026-08-13
アイサの勇猛マント (鑑定),+4,鑑定,471.0,OLD_REALM,2026-08-13
アイサの勇猛マント (鑑定),+5,鑑定,2849.5499999999997,OLD_REALM,2026-08-13
アイサの戦闘マント (未鑑定),+0,未鑑定,78.5,OLD_REALM,2026-08-13
アイサの戦闘マント (鑑定),+0,鑑定,78.5,OLD_REALM,2026-08-13
アイサの戦闘マント (鑑定),+3,鑑定,279.46,OLD_REALM,2026-08-13
アイサの戦闘マント (鑑定),+5,鑑定,775.58,OLD_REALM,2026-08-13
アイサの破壊マント (未鑑定),+0,未鑑定,106.76,OLD_REALM,2026-08-13
アイサの破壊マント (鑑定),+0,鑑定,122.46000000000001,OLD_REALM,2026-08-13
アイサの破壊マント (鑑定),+2,鑑定,216.66,OLD_REALM,2026-08-13
アイサの破壊マント (鑑定),+5,鑑定,2359.71,OLD_REALM,2026-08-13
アイサの破壊マント (鑑定),+6,鑑定,3848.07,OLD_REALM,2026-08-13
アイサの籠手 (未鑑定),+0,未鑑定,157.0,OLD_REALM,2026-08-13
アイサの籠手 (鑑定),+0,鑑定,188.4,OLD_REALM,2026-08-13
アイサの籠手 (鑑定),+10,鑑定,1727.0,OLD_REALM,2026-08-13
アイサの籠手 (鑑定),+7,鑑定,186.82999999999998,OLD_REALM,2026-08-13
アイサの籠手 (鑑定),+8,鑑定,505.54,OLD_REALM,2026-08-13
アイサの精霊マント (未鑑定),+0,未鑑定,56.519999999999996,OLD_REALM,2026-08-13
アイサの精霊マント (鑑定),+5,鑑定,533.8,OLD_REALM,2026-08-13
アイサの精霊マント (鑑定),+6,鑑定,1570.0,OLD_REALM,2026-08-13
アイサガントレット (未鑑定),+0,未鑑定,54.949999999999996,OLD_REALM,2026-08-13
アイサガントレット (鑑定),+5,鑑定,178.98,OLD_REALM,2026-08-13
アイサガントレット (鑑定),+6,鑑定,290.45,OLD_REALM,2026-08-13
アイサガントレット (鑑定),+7,鑑定,626.4300000000001,OLD_REALM,2026-08-13
アイサガントレット (鑑定),+8,鑑定,1097.43,OLD_REALM,2026-08-13
アイサクロスボウ (未鑑定),+0,未鑑定,832.1,OLD_REALM,2026-08-13
アイサクロスボウ (鑑定),+0,鑑定,982.8199999999999,OLD_REALM,2026-08-13
アイサクロスボウ (鑑定),+10,鑑定,4650.34,OLD_REALM,2026-08-13
アイサグリーヴ (未鑑定),+0,未鑑定,20.41,OLD_REALM,2026-08-13
アイサグリーヴ (鑑定),+0,鑑定,216.66,OLD_REALM,2026-08-13
アイサグリーヴ (鑑定),+5,鑑定,157.0,OLD_REALM,2026-08-13
アイサグリーヴ (鑑定),+6,鑑定,216.66,OLD_REALM,2026-08-13
アイサグリーヴ (鑑定),+7,鑑定,304.58,OLD_REALM,2026-08-13
アイサグリーヴ (鑑定),+8,鑑定,471.0,OLD_REALM,2026-08-13
アイサグローブ (未鑑定),+0,未鑑定,15.700000000000001,OLD_REALM,2026-08-13
アイサグローブ (鑑定),+0,鑑定,56.519999999999996,OLD_REALM,2026-08-13
アイサグローブ (鑑定),+4,鑑定,157.0,OLD_REALM,2026-08-13
アイサグローブ (鑑定),+5,鑑定,94.2,OLD_REALM,2026-08-13
アイサグローブ (鑑定),+6,鑑定,172.70000000000002,OLD_REALM,2026-08-13
アイサグローブ (鑑定),+7,鑑定,157.0,OLD_REALM,2026-08-13
アイサグローブ (鑑定),+8,鑑定,244.92000000000002,OLD_REALM,2026-08-13
アイササイド (未鑑定),+0,未鑑定,2182.3,OLD_REALM,2026-08-13
アイササイド (鑑定),+0,鑑定,8281.75,OLD_REALM,2026-08-13
アイササイド (鑑定),+10,鑑定,6594.0,OLD_REALM,2026-08-13
アイササイド (鑑定),+7,鑑定,1884.0,OLD_REALM,2026-08-13
アイササイド (鑑定),+8,鑑定,2307.9,OLD_REALM,2026-08-13
アイサフード (未鑑定),+0,未鑑定,21.98,OLD_REALM,2026-08-13
アイサフード (鑑定),+5,鑑定,73.78999999999999,OLD_REALM,2026-08-13
アイサフード (鑑定),+6,鑑定,102.05,OLD_REALM,2026-08-13
アイサフード (鑑定),+7,鑑定,516.53,OLD_REALM,2026-08-13
アイサヘルム (未鑑定),+0,未鑑定,15.700000000000001,OLD_REALM,2026-08-13
アイサヘルム (鑑定),+0,鑑定,76.92999999999999,OLD_REALM,2026-08-13
アイサヘルム (鑑定),+5,鑑定,23.55,OLD_REALM,2026-08-13
アイサヘルム (鑑定),+6,鑑定,92.63,OLD_REALM,2026-08-13
アイサヘルム (鑑定),+7,鑑定,307.71999999999997,OLD_REALM,2026-08-13
アイサヘルム (鑑定),+8,鑑定,392.5,OLD_REALM,2026-08-13
アイサベスト (未鑑定),+0,未鑑定,108.33,OLD_REALM,2026-08-13
アイサベスト (鑑定),+0,鑑定,277.89,OLD_REALM,2026-08-13
アイサベスト (鑑定),+7,鑑定,425.46999999999997,OLD_REALM,2026-08-13
アイサベスト (鑑定),+8,鑑定,1097.43,OLD_REALM,2026-08-13
アイサレガース (未鑑定),+0,未鑑定,29.830000000000002,OLD_REALM,2026-08-13
アイサレガース (鑑定),+0,鑑定,155.43,OLD_REALM,2026-08-13
アイサレガース (鑑定),+5,鑑定,157.0,OLD_REALM,2026-08-13
アイサレガース (鑑定),+6,鑑定,150.72,OLD_REALM,2026-08-13
アイサレガース (鑑定),+7,鑑定,157.0,OLD_REALM,2026-08-13
アイサレガース (鑑定),+8,鑑定,314.0,OLD_REALM,2026-08-13
アイサレガース (鑑定),+9,鑑定,486.7,OLD_REALM,2026-08-13
アイサローブ (未鑑定),+0,未鑑定,42.39,OLD_REALM,2026-08-13
アイサローブ (鑑定),+0,鑑定,128.73999999999998,OLD_REALM,2026-08-13
アイサローブ (鑑定),+5,鑑定,62.800000000000004,OLD_REALM,2026-08-13
アイサローブ (鑑定),+6,鑑定,155.43,OLD_REALM,2026-08-13
アイサローブ (鑑定),+7,鑑定,510.25,OLD_REALM,2026-08-13
アイサローブ (鑑定),+9,鑑定,1020.5,OLD_REALM,2026-08-13
アイサ剣/盾 (未鑑定),+0,未鑑定,634.28,OLD_REALM,2026-08-13
アイサ剣/盾 (鑑定),+0,鑑定,722.1999999999999,OLD_REALM,2026-08-13
アイサ剣/盾 (鑑定),+10,鑑定,2865.25,OLD_REALM,2026-08-13
アイサ剣/盾 (鑑定),+12,鑑定,14915.0,OLD_REALM,2026-08-13
アイサ剣/盾 (鑑定),+7,鑑定,1256.0,OLD_REALM,2026-08-13
アイサ剣/盾 (鑑定),+8,鑑定,1884.0,OLD_REALM,2026-08-13
アイサ剣/盾 (鑑定),+9,鑑定,2119.5,OLD_REALM,2026-08-13
アイサ大剣 (未鑑定),+0,未鑑定,533.8,OLD_REALM,2026-08-13
アイサ大剣 (鑑定),+0,鑑定,381.51000000000005,OLD_REALM,2026-08-13
アイサ布ズボン (未鑑定),+0,未鑑定,39.25,OLD_REALM,2026-08-13
アイサ布ズボン (鑑定),+0,鑑定,94.2,OLD_REALM,2026-08-13
アイサ布ズボン (鑑定),+4,鑑定,193.10999999999999,OLD_REALM,2026-08-13
アイサ布ズボン (鑑定),+5,鑑定,84.78,OLD_REALM,2026-08-13
アイサ布ズボン (鑑定),+6,鑑定,133.45,OLD_REALM,2026-08-13
アイサ布ズボン (鑑定),+7,鑑定,235.5,OLD_REALM,2026-08-13
アイサ布ズボン (鑑定),+8,鑑定,207.24,OLD_REALM,2026-08-13
アイサ帽子 (未鑑定),+0,未鑑定,29.830000000000002,OLD_REALM,2026-08-13
アイサ帽子 (鑑定),+0,鑑定,51.81,OLD_REALM,2026-08-13
アイサ帽子 (鑑定),+5,鑑定,51.81,OLD_REALM,2026-08-13
アイサ帽子 (鑑定),+6,鑑定,353.25,OLD_REALM,2026-08-13
アイサ帽子 (鑑定),+7,鑑定,157.0,OLD_REALM,2026-08-13
アイサ帽子 (鑑定),+8,鑑定,361.09999999999997,OLD_REALM,2026-08-13
アイサ弓 (未鑑定),+0,未鑑定,1081.73,OLD_REALM,2026-08-13
アイサ弓 (鑑定),+10,鑑定,5424.349999999999,OLD_REALM,2026-08-13
アイサ弓 (鑑定),+8,鑑定,1570.0,OLD_REALM,2026-08-13
アイサ戦棒 (鑑定),+0,鑑定,1099.0,OLD_REALM,2026-08-13
アイサ戦棒 (鑑定),+10,鑑定,5495.0,OLD_REALM,2026-08-13
アイサ戦棒 (鑑定),+7,鑑定,1004.8000000000001,OLD_REALM,2026-08-13
アイサ戦棒 (鑑定),+8,鑑定,1099.0,OLD_REALM,2026-08-13
アイサ戦闘盾 (未鑑定),+0,未鑑定,376.8,OLD_REALM,2026-08-13
アイサ戦闘盾 (鑑定),+0,鑑定,452.15999999999997,OLD_REALM,2026-08-13
アイサ戦闘盾 (鑑定),+10,鑑定,1570.0,OLD_REALM,2026-08-13
アイサ戦闘盾 (鑑定),+12,鑑定,14111.16,OLD_REALM,2026-08-13
アイサ戦闘盾 (鑑定),+7,鑑定,450.59000000000003,OLD_REALM,2026-08-13
アイサ手甲 (未鑑定),+0,未鑑定,15.700000000000001,OLD_REALM,2026-08-13
アイサ手甲 (鑑定),+0,鑑定,51.81,OLD_REALM,2026-08-13
アイサ手甲 (鑑定),+10,鑑定,384.65000000000003,OLD_REALM,2026-08-13
アイサ手甲 (鑑定),+5,鑑定,47.1,OLD_REALM,2026-08-13
アイサ手甲 (鑑定),+6,鑑定,125.60000000000001,OLD_REALM,2026-08-13
アイサ手甲 (鑑定),+7,鑑定,113.03999999999999,OLD_REALM,2026-08-13
アイサ手甲 (鑑定),+8,鑑定,266.9,OLD_REALM,2026-08-13
アイサ杖 (未鑑定),+0,未鑑定,540.08,OLD_REALM,2026-08-13
アイサ杖 (鑑定),+0,鑑定,706.5,OLD_REALM,2026-08-13
アイサ杖 (鑑定),+10,鑑定,3306.4199999999996,OLD_REALM,2026-08-13
アイサ杖 (鑑定),+8,鑑定,1099.0,OLD_REALM,2026-08-13
アイサ短剣 (未鑑定),+0,未鑑定,901.1800000000001,OLD_REALM,2026-08-13
アイサ短剣 (鑑定),+10,鑑定,4553.0,OLD_REALM,2026-08-13
アイサ短剣 (鑑定),+7,鑑定,7754.2300000000005,OLD_REALM,2026-08-13
アイサ短剣 (鑑定),+8,鑑定,1678.33,OLD_REALM,2026-08-13
アイサ短靴 (未鑑定),+0,未鑑定,15.700000000000001,OLD_REALM,2026-08-13
アイサ短靴 (鑑定),+0,鑑定,29.830000000000002,OLD_REALM,2026-08-13
アイサ短靴 (鑑定),+5,鑑定,21.98,OLD_REALM,2026-08-13
アイサ短靴 (鑑定),+6,鑑定,109.89999999999999,OLD_REALM,2026-08-13
アイサ短靴 (鑑定),+7,鑑定,254.34,OLD_REALM,2026-08-13
アイサ短靴 (鑑定),+8,鑑定,467.86,OLD_REALM,2026-08-13
アイサ鎧 (未鑑定),+0,未鑑定,84.78,OLD_REALM,2026-08-13
アイサ鎧 (鑑定),+6,鑑定,281.03000000000003,OLD_REALM,2026-08-13
アイサ鎧 (鑑定),+9,鑑定,5495.0,OLD_REALM,2026-08-13
アイサ長靴 (未鑑定),+0,未鑑定,15.700000000000001,OLD_REALM,2026-08-13
アイサ長靴 (鑑定),+0,鑑定,25.12,OLD_REALM,2026-08-13
アイサ長靴 (鑑定),+10,鑑定,1444.3999999999999,OLD_REALM,2026-08-13
アイサ長靴 (鑑定),+5,鑑定,15.700000000000001,OLD_REALM,2026-08-13
アイサ長靴 (鑑定),+6,鑑定,47.1,OLD_REALM,2026-08-13
アイサ長靴 (鑑定),+7,鑑定,218.23,OLD_REALM,2026-08-13
アイサ長靴 (鑑定),+8,鑑定,233.93,OLD_REALM,2026-08-13
アイサ長靴 (鑑定),+9,鑑定,706.5,OLD_REALM,2026-08-13
アイサ革ズボン (未鑑定),+0,未鑑定,15.700000000000001,OLD_REALM,2026-08-13
アイサ革ズボン (鑑定),+0,鑑定,18.84,OLD_REALM,2026-08-13
アイサ革ズボン (鑑定),+5,鑑定,15.700000000000001,OLD_REALM,2026-08-13
アイサ革ズボン (鑑定),+6,鑑定,39.25,OLD_REALM,2026-08-13
アイサ革ズボン (鑑定),+7,鑑定,205.67000000000002,OLD_REALM,2026-08-13
アイサ革ズボン (鑑定),+8,鑑定,785.0,OLD_REALM,2026-08-13
アザム・ヒサンのガントレット (未鑑定),+0,未鑑定,15.700000000000001,OLD_REALM,2026-08-13
アザム・ヒサンのガントレット (鑑定),+0,鑑定,78.5,OLD_REALM,2026-08-13
アザム・ヒサンのガントレット (鑑定),+5,鑑定,47.1,OLD_REALM,2026-08-13
アザム・ヒサンのガントレット (鑑定),+6,鑑定,255.91,OLD_REALM,2026-08-13
アザム・ヒサンのガントレット (鑑定),+8,鑑定,125.60000000000001,OLD_REALM,2026-08-13
アザム・ヒサンのガントレット (鑑定),+9,鑑定,783.4300000000001,OLD_REALM,2026-08-13
アザム・ヒサンのクロスボウ (未鑑定),+0,未鑑定,80.07000000000001,OLD_REALM,2026-08-13
アザム・ヒサンのクロスボウ (鑑定),+0,鑑定,81.64,OLD_REALM,2026-08-13
アザム・ヒサンのクロスボウ (鑑定),+10,鑑定,471.0,OLD_REALM,2026-08-13
アザム・ヒサンのクロスボウ (鑑定),+11,鑑定,1155.52,OLD_REALM,2026-08-13
アザム・ヒサンのクロスボウ (鑑定),+12,鑑定,2353.43,OLD_REALM,2026-08-13
アザム・ヒサンのクロスボウ (鑑定),+13,鑑定,15700.0,OLD_REALM,2026-08-13
アザム・ヒサンのクロスボウ (鑑定),+7,鑑定,91.05999999999999,OLD_REALM,2026-08-13
アザム・ヒサンのクロスボウ (鑑定),+8,鑑定,188.4,OLD_REALM,2026-08-13
アザム・ヒサンのクロスボウ (鑑定),+9,鑑定,376.8,OLD_REALM,2026-08-13
アザム・ヒサンのグリーヴ (未鑑定),+0,未鑑定,15.700000000000001,OLD_REALM,2026-08-13
アザム・ヒサンのグリーヴ (鑑定),+0,鑑定,15.700000000000001,OLD_REALM,2026-08-13
アザム・ヒサンのグリーヴ (鑑定),+10,鑑定,204.1,OLD_REALM,2026-08-13
アザム・ヒサンのグリーヴ (鑑定),+11,鑑定,471.0,OLD_REALM,2026-08-13
アザム・ヒサンのグリーヴ (鑑定),+2,鑑定,15.700000000000001,OLD_REALM,2026-08-13
アザム・ヒサンのグリーヴ (鑑定),+5,鑑定,15.700000000000001,OLD_REALM,2026-08-13
アザム・ヒサンのグリーヴ (鑑定),+6,鑑定,23.55,OLD_REALM,2026-08-13
アザム・ヒサンのグリーヴ (鑑定),+7,鑑定,53.38,OLD_REALM,2026-08-13
アザム・ヒサンのグリーヴ (鑑定),+8,鑑定,78.5,OLD_REALM,2026-08-13
アザム・ヒサンのグリーヴ (鑑定),+9,鑑定,125.60000000000001,OLD_REALM,2026-08-13
アザム・ヒサンのグローブ (未鑑定),+0,未鑑定,15.700000000000001,OLD_REALM,2026-08-13
アザム・ヒサンのグローブ (鑑定),+0,鑑定,15.700000000000001,OLD_REALM,2026-08-13
アザム・ヒサンのグローブ (鑑定),+10,鑑定,257.47999999999996,OLD_REALM,2026-08-13
アザム・ヒサンのグローブ (鑑定),+11,鑑定,846.2299999999999,OLD_REALM,2026-08-13
アザム・ヒサンのグローブ (鑑定),+12,鑑定,1033.06,OLD_REALM,2026-08-13
アザム・ヒサンのグローブ (鑑定),+5,鑑定,15.700000000000001,OLD_REALM,2026-08-13
アザム・ヒサンのグローブ (鑑定),+6,鑑定,102.05,OLD_REALM,2026-08-13
アザム・ヒサンのグローブ (鑑定),+7,鑑定,76.92999999999999,OLD_REALM,2026-08-13
アザム・ヒサンのグローブ (鑑定),+8,鑑定,125.60000000000001,OLD_REALM,2026-08-13
アザム・ヒサンのグローブ (鑑定),+9,鑑定,257.47999999999996,OLD_REALM,2026-08-13
アザム・ヒサンのサイド (未鑑定),+0,未鑑定,423.90000000000003,OLD_REALM,2026-08-13
アザム・ヒサンのサイド (鑑定),+0,鑑定,390.93,OLD_REALM,2026-08-13
アザム・ヒサンのサイド (鑑定),+10,鑑定,1885.57,OLD_REALM,2026-08-13
アザム・ヒサンのサイド (鑑定),+12,鑑定,5338.0,OLD_REALM,2026-08-13
アザム・ヒサンのサイド (鑑定),+6,鑑定,1405.1499999999999,OLD_REALM,2026-08-13
アザム・ヒサンのサイド (鑑定),+7,鑑定,384.65000000000003,OLD_REALM,2026-08-13
アザム・ヒサンのサイド (鑑定),+8,鑑定,974.97,OLD_REALM,2026-08-13
アザム・ヒサンのサイド (鑑定),+9,鑑定,2355.0,OLD_REALM,2026-08-13
アザム・ヒサンのフード (未鑑定),+0,未鑑定,15.700000000000001,OLD_REALM,2026-08-13
アザム・ヒサンのフード (鑑定),+0,鑑定,15.700000000000001,OLD_REALM,2026-08-13
アザム・ヒサンのフード (鑑定),+10,鑑定,211.95000000000002,OLD_REALM,2026-08-13
アザム・ヒサンのフード (鑑定),+11,鑑定,1827.48,OLD_REALM,2026-08-13
アザム・ヒサンのフード (鑑定),+4,鑑定,15.700000000000001,OLD_REALM,2026-08-13
アザム・ヒサンのフード (鑑定),+5,鑑定,15.700000000000001,OLD_REALM,2026-08-13
アザム・ヒサンのフード (鑑定),+6,鑑定,15.700000000000001,OLD_REALM,2026-08-13
アザム・ヒサンのフード (鑑定),+7,鑑定,62.800000000000004,OLD_REALM,2026-08-13
アザム・ヒサンのフード (鑑定),+8,鑑定,92.63,OLD_REALM,2026-08-13
アザム・ヒサンのフード (鑑定),+9,鑑定,172.70000000000002,OLD_REALM,2026-08-13
アザム・ヒサンのヘルム (未鑑定),+0,未鑑定,15.700000000000001,OLD_REALM,2026-08-13
アザム・ヒサンのヘルム (鑑定),+0,鑑定,15.700000000000001,OLD_REALM,2026-08-13
アザム・ヒサンのヘルム (鑑定),+10,鑑定,235.5,OLD_REALM,2026-08-13
アザム・ヒサンのヘルム (鑑定),+11,鑑定,723.7700000000001,OLD_REALM,2026-08-13
アザム・ヒサンのヘルム (鑑定),+5,鑑定,15.700000000000001,OLD_REALM,2026-08-13
アザム・ヒサンのヘルム (鑑定),+6,鑑定,18.84,OLD_REALM,2026-08-13
アザム・ヒサンのヘルム (鑑定),+7,鑑定,157.0,OLD_REALM,2026-08-13
アザム・ヒサンのヘルム (鑑定),+8,鑑定,92.63,OLD_REALM,2026-08-13
アザム・ヒサンのベスト (未鑑定),+0,未鑑定,15.700000000000001,OLD_REALM,2026-08-13
アザム・ヒサンのベスト (鑑定),+0,鑑定,15.700000000000001,OLD_REALM,2026-08-13
アザム・ヒサンのベスト (鑑定),+10,鑑定,323.42,OLD_REALM,2026-08-13
アザム・ヒサンのベスト (鑑定),+11,鑑定,502.40000000000003,OLD_REALM,2026-08-13
アザム・ヒサンのベスト (鑑定),+5,鑑定,15.700000000000001,OLD_REALM,2026-08-13
アザム・ヒサンのベスト (鑑定),+6,鑑定,31.400000000000002,OLD_REALM,2026-08-13
アザム・ヒサンのベスト (鑑定),+7,鑑定,117.75,OLD_REALM,2026-08-13
アザム・ヒサンのベスト (鑑定),+8,鑑定,133.45,OLD_REALM,2026-08-13
アザム・ヒサンのベスト (鑑定),+9,鑑定,455.3,OLD_REALM,2026-08-13
アザム・ヒサンのリング,+0,なし,384.65000000000003,OLD_REALM,2026-08-13
アザム・ヒサンのリング,+12,なし,595.03,OLD_REALM,2026-08-13
アザム・ヒサンのリング,+16,なし,628.0,OLD_REALM,2026-08-13
アザム・ヒサンのレガース (未鑑定),+0,未鑑定,18.84,OLD_REALM,2026-08-13
アザム・ヒサンのレガース (鑑定),+0,鑑定,62.800000000000004,OLD_REALM,2026-08-13
アザム・ヒサンのレガース (鑑定),+5,鑑定,15.700000000000001,OLD_REALM,2026-08-13
アザム・ヒサンのレガース (鑑定),+6,鑑定,62.800000000000004,OLD_REALM,2026-08-13
アザム・ヒサンのレガース (鑑定),+8,鑑定,392.5,OLD_REALM,2026-08-13
アザム・ヒサンのレガース (鑑定),+9,鑑定,1413.0,OLD_REALM,2026-08-13
アザム・ヒサンのローブ (未鑑定),+0,未鑑定,15.700000000000001,OLD_REALM,2026-08-13
アザム・ヒサンのローブ (鑑定),+0,鑑定,15.700000000000001,OLD_REALM,2026-08-13
アザム・ヒサンのローブ (鑑定),+10,鑑定,354.82,OLD_REALM,2026-08-13
アザム・ヒサンのローブ (鑑定),+12,鑑定,2565.38,OLD_REALM,2026-08-13
アザム・ヒサンのローブ (鑑定),+4,鑑定,15.700000000000001,OLD_REALM,2026-08-13
アザム・ヒサンのローブ (鑑定),+5,鑑定,15.700000000000001,OLD_REALM,2026-08-13
アザム・ヒサンのローブ (鑑定),+6,鑑定,37.68,OLD_REALM,2026-08-13
アザム・ヒサンのローブ (鑑定),+7,鑑定,158.57,OLD_REALM,2026-08-13
アザム・ヒサンのローブ (鑑定),+8,鑑定,196.25,OLD_REALM,2026-08-13
アザム・ヒサンのローブ (鑑定),+9,鑑定,306.15,OLD_REALM,2026-08-13
アザム・ヒサンの剣/盾 (未鑑定),+0,未鑑定,75.36,OLD_REALM,2026-08-13
アザム・ヒサンの剣/盾 (鑑定),+0,鑑定,89.49,OLD_REALM,2026-08-13
アザム・ヒサンの剣/盾 (鑑定),+10,鑑定,588.75,OLD_REALM,2026-08-13
アザム・ヒサンの剣/盾 (鑑定),+11,鑑定,891.76,OLD_REALM,2026-08-13
アザム・ヒサンの剣/盾 (鑑定),+12,鑑定,2339.3,OLD_REALM,2026-08-13
アザム・ヒサンの剣/盾 (鑑定),+13,鑑定,4284.53,OLD_REALM,2026-08-13
アザム・ヒサンの剣/盾 (鑑定),+7,鑑定,78.5,OLD_REALM,2026-08-13
アザム・ヒサンの剣/盾 (鑑定),+8,鑑定,196.25,OLD_REALM,2026-08-13
アザム・ヒサンの剣/盾 (鑑定),+9,鑑定,471.0,OLD_REALM,2026-08-13
アザム・ヒサンの勇猛マント (未鑑定),+0,未鑑定,31.400000000000002,OLD_REALM,2026-08-13
アザム・ヒサンの勇猛マント (鑑定),+2,鑑定,461.58,OLD_REALM,2026-08-13
アザム・ヒサンの勇猛マント (鑑定),+5,鑑定,1201.05,OLD_REALM,2026-08-13
アザム・ヒサンの大剣 (未鑑定),+0,未鑑定,73.78999999999999,OLD_REALM,2026-08-13
アザム・ヒサンの大剣 (鑑定),+0,鑑定,106.76,OLD_REALM,2026-08-13
アザム・ヒサンの大剣 (鑑定),+10,鑑定,785.0,OLD_REALM,2026-08-13
アザム・ヒサンの大剣 (鑑定),+12,鑑定,2320.46,OLD_REALM,2026-08-13
アザム・ヒサンの大剣 (鑑定),+7,鑑定,314.0,OLD_REALM,2026-08-13
アザム・ヒサンの大剣 (鑑定),+8,鑑定,774.01,OLD_REALM,2026-08-13
アザム・ヒサンの大剣 (鑑定),+9,鑑定,314.0,OLD_REALM,2026-08-13
アザム・ヒサンの布ズボン (未鑑定),+0,未鑑定,15.700000000000001,OLD_REALM,2026-08-13
アザム・ヒサンの布ズボン (鑑定),+0,鑑定,15.700000000000001,OLD_REALM,2026-08-13
アザム・ヒサンの布ズボン (鑑定),+10,鑑定,207.24,OLD_REALM,2026-08-13
アザム・ヒサンの布ズボン (鑑定),+4,鑑定,15.700000000000001,OLD_REALM,2026-08-13
アザム・ヒサンの布ズボン (鑑定),+5,鑑定,15.700000000000001,OLD_REALM,2026-08-13
アザム・ヒサンの布ズボン (鑑定),+6,鑑定,47.1,OLD_REALM,2026-08-13
アザム・ヒサンの布ズボン (鑑定),+7,鑑定,78.5,OLD_REALM,2026-08-13
アザム・ヒサンの布ズボン (鑑定),+8,鑑定,141.3,OLD_REALM,2026-08-13
アザム・ヒサンの布ズボン (鑑定),+9,鑑定,298.3,OLD_REALM,2026-08-13
アザム・ヒサンの帽子 (未鑑定),+0,未鑑定,15.700000000000001,OLD_REALM,2026-08-13
アザム・ヒサンの帽子 (鑑定),+0,鑑定,15.700000000000001,OLD_REALM,2026-08-13
アザム・ヒサンの帽子 (鑑定),+10,鑑定,246.49,OLD_REALM,2026-08-13
アザム・ヒサンの帽子 (鑑定),+4,鑑定,15.700000000000001,OLD_REALM,2026-08-13
アザム・ヒサンの帽子 (鑑定),+5,鑑定,15.700000000000001,OLD_REALM,2026-08-13
アザム・ヒサンの帽子 (鑑定),+6,鑑定,18.84,OLD_REALM,2026-08-13
アザム・ヒサンの帽子 (鑑定),+7,鑑定,64.36999999999999,OLD_REALM,2026-08-13
アザム・ヒサンの帽子 (鑑定),+8,鑑定,86.35000000000001,OLD_REALM,2026-08-13
アザム・ヒサンの帽子 (鑑定),+9,鑑定,345.40000000000003,OLD_REALM,2026-08-13
アザム・ヒサンの弓 (未鑑定),+0,未鑑定,177.41,OLD_REALM,2026-08-13
アザム・ヒサンの弓 (鑑定),+0,鑑定,204.1,OLD_REALM,2026-08-13
アザム・ヒサンの弓 (鑑定),+10,鑑定,1051.9,OLD_REALM,2026-08-13
アザム・ヒサンの弓 (鑑定),+11,鑑定,1538.6000000000001,OLD_REALM,2026-08-13
アザム・ヒサンの弓 (鑑定),+12,鑑定,3925.0,OLD_REALM,2026-08-13
アザム・ヒサンの弓 (鑑定),+13,鑑定,4741.4,OLD_REALM,2026-08-13
アザム・ヒサンの弓 (鑑定),+6,鑑定,155.43,OLD_REALM,2026-08-13
アザム・ヒサンの弓 (鑑定),+7,鑑定,157.0,OLD_REALM,2026-08-13
アザム・ヒサンの弓 (鑑定),+8,鑑定,392.5,OLD_REALM,2026-08-13
アザム・ヒサンの弓 (鑑定),+9,鑑定,533.8,OLD_REALM,2026-08-13
アザム・ヒサンの戦棒 (未鑑定),+0,未鑑定,211.95000000000002,OLD_REALM,2026-08-13
アザム・ヒサンの戦棒 (鑑定),+0,鑑定,218.23,OLD_REALM,2026-08-13
アザム・ヒサンの戦棒 (鑑定),+10,鑑定,904.3199999999999,OLD_REALM,2026-08-13
アザム・ヒサンの戦棒 (鑑定),+11,鑑定,3925.0,OLD_REALM,2026-08-13
アザム・ヒサンの戦棒 (鑑定),+12,鑑定,3976.81,OLD_REALM,2026-08-13
アザム・ヒサンの戦棒 (鑑定),+7,鑑定,471.0,OLD_REALM,2026-08-13
アザム・ヒサンの戦棒 (鑑定),+8,鑑定,455.3,OLD_REALM,2026-08-13
アザム・ヒサンの戦闘マント (未鑑定),+0,未鑑定,133.45,OLD_REALM,2026-08-13
アザム・ヒサンの戦闘マント (鑑定),+0,鑑定,376.8,OLD_REALM,2026-08-13
アザム・ヒサンの戦闘マント (鑑定),+3,鑑定,235.5,OLD_REALM,2026-08-13
アザム・ヒサンの戦闘マント (鑑定),+4,鑑定,722.1999999999999,OLD_REALM,2026-08-13
アザム・ヒサンの戦闘マント (鑑定),+5,鑑定,235.5,OLD_REALM,2026-08-13
アザム・ヒサンの戦闘盾 (未鑑定),+0,未鑑定,80.07000000000001,OLD_REALM,2026-08-13
アザム・ヒサンの戦闘盾 (鑑定),+0,鑑定,72.22,OLD_REALM,2026-08-13
アザム・ヒサンの戦闘盾 (鑑定),+10,鑑定,628.0,OLD_REALM,2026-08-13
アザム・ヒサンの戦闘盾 (鑑定),+11,鑑定,1177.5,OLD_REALM,2026-08-13
アザム・ヒサンの戦闘盾 (鑑定),+12,鑑定,2278.07,OLD_REALM,2026-08-13
アザム・ヒサンの戦闘盾 (鑑定),+13,鑑定,8835.960000000001,OLD_REALM,2026-08-13
アザム・ヒサンの戦闘盾 (鑑定),+7,鑑定,80.07000000000001,OLD_REALM,2026-08-13
アザム・ヒサンの戦闘盾 (鑑定),+8,鑑定,293.59000000000003,OLD_REALM,2026-08-13
アザム・ヒサンの戦闘盾 (鑑定),+9,鑑定,471.0,OLD_REALM,2026-08-13
アザム・ヒサンの手甲 (未鑑定),+0,未鑑定,15.700000000000001,OLD_REALM,2026-08-13
アザム・ヒサンの手甲 (鑑定),+0,鑑定,15.700000000000001,OLD_REALM,2026-08-13
アザム・ヒサンの手甲 (鑑定),+10,鑑定,384.65000000000003,OLD_REALM,2026-08-13
アザム・ヒサンの手甲 (鑑定),+11,鑑定,1099.0,OLD_REALM,2026-08-13
アザム・ヒサンの手甲 (鑑定),+12,鑑定,6280.0,OLD_REALM,2026-08-13
アザム・ヒサンの手甲 (鑑定),+4,鑑定,15.700000000000001,OLD_REALM,2026-08-13
アザム・ヒサンの手甲 (鑑定),+5,鑑定,15.700000000000001,OLD_REALM,2026-08-13
アザム・ヒサンの手甲 (鑑定),+6,鑑定,31.400000000000002,OLD_REALM,2026-08-13
アザム・ヒサンの手甲 (鑑定),+7,鑑定,120.89,OLD_REALM,2026-08-13
アザム・ヒサンの手甲 (鑑定),+8,鑑定,103.62,OLD_REALM,2026-08-13
アザム・ヒサンの手甲 (鑑定),+9,鑑定,235.5,OLD_REALM,2026-08-13
アザム・ヒサンの杖 (未鑑定),+0,未鑑定,142.87,OLD_REALM,2026-08-13
アザム・ヒサンの杖 (鑑定),+0,鑑定,149.15,OLD_REALM,2026-08-13
アザム・ヒサンの杖 (鑑定),+10,鑑定,1422.42,OLD_REALM,2026-08-13
アザム・ヒサンの杖 (鑑定),+11,鑑定,1884.0,OLD_REALM,2026-08-13
アザム・ヒサンの杖 (鑑定),+12,鑑定,1535.4599999999998,OLD_REALM,2026-08-13
アザム・ヒサンの杖 (鑑定),+7,鑑定,130.31,OLD_REALM,2026-08-13
アザム・ヒサンの杖 (鑑定),+8,鑑定,384.65000000000003,OLD_REALM,2026-08-13
アザム・ヒサンの杖 (鑑定),+9,鑑定,959.2700000000001,OLD_REALM,2026-08-13
アザム・ヒサンの短剣 (未鑑定),+0,未鑑定,133.45,OLD_REALM,2026-08-13
アザム・ヒサンの短剣 (鑑定),+0,鑑定,142.87,OLD_REALM,2026-08-13
アザム・ヒサンの短剣 (鑑定),+10,鑑定,628.0,OLD_REALM,2026-08-13
アザム・ヒサンの短剣 (鑑定),+11,鑑定,2105.37,OLD_REALM,2026-08-13
アザム・ヒサンの短剣 (鑑定),+12,鑑定,2265.5099999999998,OLD_REALM,2026-08-13
アザム・ヒサンの短剣 (鑑定),+13,鑑定,5425.92,OLD_REALM,2026-08-13
アザム・ヒサンの短剣 (鑑定),+6,鑑定,785.0,OLD_REALM,2026-08-13
アザム・ヒサンの短剣 (鑑定),+7,鑑定,147.57999999999998,OLD_REALM,2026-08-13
アザム・ヒサンの短剣 (鑑定),+8,鑑定,376.8,OLD_REALM,2026-08-13
アザム・ヒサンの短靴 (未鑑定),+0,未鑑定,15.700000000000001,OLD_REALM,2026-08-13
アザム・ヒサンの短靴 (鑑定),+0,鑑定,89.49,OLD_REALM,2026-08-13
アザム・ヒサンの短靴 (鑑定),+5,鑑定,47.1,OLD_REALM,2026-08-13
アザム・ヒサンの短靴 (鑑定),+6,鑑定,62.800000000000004,OLD_REALM,2026-08-13
アザム・ヒサンの短靴 (鑑定),+8,鑑定,235.5,OLD_REALM,2026-08-13
アザム・ヒサンの破壊マント (未鑑定),+0,未鑑定,31.400000000000002,OLD_REALM,2026-08-13
アザム・ヒサンの籠手 (未鑑定),+0,未鑑定,75.36,OLD_REALM,2026-08-13
アザム・ヒサンの籠手 (鑑定),+0,鑑定,70.65,OLD_REALM,2026-08-13
アザム・ヒサンの籠手 (鑑定),+10,鑑定,329.7,OLD_REALM,2026-08-13
アザム・ヒサンの籠手 (鑑定),+11,鑑定,1256.0,OLD_REALM,2026-08-13
アザム・ヒサンの籠手 (鑑定),+12,鑑定,1923.25,OLD_REALM,2026-08-13
アザム・ヒサンの籠手 (鑑定),+13,鑑定,4361.46,OLD_REALM,2026-08-13
アザム・ヒサンの籠手 (鑑定),+7,鑑定,102.05,OLD_REALM,2026-08-13
アザム・ヒサンの籠手 (鑑定),+8,鑑定,257.47999999999996,OLD_REALM,2026-08-13
アザム・ヒサンの籠手 (鑑定),+9,鑑定,628.0,OLD_REALM,2026-08-13
アザム・ヒサンの精霊マント (未鑑定),+0,未鑑定,141.3,OLD_REALM,2026-08-13
アザム・ヒサンの精霊マント (鑑定),+0,鑑定,73.78999999999999,OLD_REALM,2026-08-13
アザム・ヒサンの精霊マント (鑑定),+3,鑑定,392.5,OLD_REALM,2026-08-13
アザム・ヒサンの鎧 (未鑑定),+0,未鑑定,15.700000000000001,OLD_REALM,2026-08-13
アザム・ヒサンの鎧 (鑑定),+0,鑑定,15.700000000000001,OLD_REALM,2026-08-13
アザム・ヒサンの鎧 (鑑定),+11,鑑定,522.8100000000001,OLD_REALM,2026-08-13
アザム・ヒサンの鎧 (鑑定),+5,鑑定,15.700000000000001,OLD_REALM,2026-08-13
アザム・ヒサンの鎧 (鑑定),+6,鑑定,39.25,OLD_REALM,2026-08-13
アザム・ヒサンの鎧 (鑑定),+8,鑑定,125.60000000000001,OLD_REALM,2026-08-13
アザム・ヒサンの長靴 (未鑑定),+0,未鑑定,18.84,OLD_REALM,2026-08-13
アザム・ヒサンの長靴 (鑑定),+0,鑑定,15.700000000000001,OLD_REALM,2026-08-13
アザム・ヒサンの長靴 (鑑定),+11,鑑定,706.5,OLD_REALM,2026-08-13
アザム・ヒサンの長靴 (鑑定),+5,鑑定,15.700000000000001,OLD_REALM,2026-08-13
アザム・ヒサンの長靴 (鑑定),+6,鑑定,17.27,OLD_REALM,2026-08-13
アザム・ヒサンの長靴 (鑑定),+8,鑑定,78.5,OLD_REALM,2026-08-13
アザム・ヒサンの長靴 (鑑定),+9,鑑定,439.59999999999997,OLD_REALM,2026-08-13
アザム・ヒサンの革ズボン (未鑑定),+0,未鑑定,15.700000000000001,OLD_REALM,2026-08-13
アザム・ヒサンの革ズボン (鑑定),+0,鑑定,15.700000000000001,OLD_REALM,2026-08-13
アザム・ヒサンの革ズボン (鑑定),+11,鑑定,1219.8899999999999,OLD_REALM,2026-08-13
アザム・ヒサンの革ズボン (鑑定),+4,鑑定,15.700000000000001,OLD_REALM,2026-08-13
アザム・ヒサンの革ズボン (鑑定),+5,鑑定,15.700000000000001,OLD_REALM,2026-08-13
アザム・ヒサンの革ズボン (鑑定),+6,鑑定,45.529999999999994,OLD_REALM,2026-08-13
アザム・ヒサンの革ズボン (鑑定),+8,鑑定,125.60000000000001,OLD_REALM,2026-08-13
アザム・ヒサンの革ズボン (鑑定),+9,鑑定,314.0,OLD_REALM,2026-08-13
アビリティ:カリオンの洞察【呪文】,+0,なし,65.94,OLD_REALM,2026-08-13
アビリティ:ギャンブル【補助】,+0,なし,5495.0,OLD_REALM,2026-08-13
アビリティ:セクレタの才能【偵察】,+0,なし,59.660000000000004,OLD_REALM,2026-08-13
アビリティ:テレノスの力【戦闘】,+0,なし,45.529999999999994,OLD_REALM,2026-08-13
アビリティ:九死一生【技巧】,+0,なし,982.8199999999999,OLD_REALM,2026-08-13
アビリティ:克服【活力】,+0,なし,3454.0,OLD_REALM,2026-08-13
アビリティ:必殺の一撃【強化】,+0,なし,4392.86,OLD_REALM,2026-08-13
アビリティ:慎重な攻撃【補助】,+0,なし,15.700000000000001,OLD_REALM,2026-08-13
アビリティ:戦場の叫び【活力】,+0,なし,4710.0,OLD_REALM,2026-08-13
アビリティ:持続治癒【補助】,+0,なし,1915.3999999999999,OLD_REALM,2026-08-13
アビリティ:時間逆行【技巧】,+0,なし,5495.0,OLD_REALM,2026-08-13
アビリティ:業火の武器【強化】,+0,なし,219.79999999999998,OLD_REALM,2026-08-13
アビリティ:武装解除【戦闘】,+0,なし,1570.0,OLD_REALM,2026-08-13
アビリティ:浄化【技巧】,+0,なし,1099.0,OLD_REALM,2026-08-13
アビリティ:猛毒発散【偵察】,+0,なし,1282.69,OLD_REALM,2026-08-13
アビリティ:睡眠誘導【呪文】,+0,なし,72.22,OLD_REALM,2026-08-13
アビリティ:破壊の武器【技巧】,+0,なし,186.82999999999998,OLD_REALM,2026-08-13
アビリティ:磁場生成【呪文】,+0,なし,1000.09,OLD_REALM,2026-08-13
アビリティ:純粋なマナ回復薬【活力】,+0,なし,15.700000000000001,OLD_REALM,2026-08-13
アビリティ:結界形成【防御】,+0,なし,2508.86,OLD_REALM,2026-08-13
アビリティ:解剖学【補助】,+0,なし,1570.0,OLD_REALM,2026-08-13
アビリティ:超感覚【偵察】,+0,なし,5854.53,OLD_REALM,2026-08-13
アビリティ:追跡【戦闘】,+0,なし,1004.8000000000001,OLD_REALM,2026-08-13
アビリティ:酷寒の武器【呪文】,+0,なし,196.25,OLD_REALM,2026-08-13
アビリティ:鏡の盾【防御】,+0,なし,80.07000000000001,OLD_REALM,2026-08-13
アビリティ:雷精霊【強化】,+0,なし,910.6,OLD_REALM,2026-08-13
アビリティ：セクレタの才能【偵察】,+0,なし,6672.5,OLD_REALM,2026-08-13
アビリティ：テレノスの力【戦闘】,+0,なし,172.70000000000002,OLD_REALM,2026-08-13
アビリティ：純粋なマナポーション【活力】,+0,なし,47.1,OLD_REALM,2026-08-13
アンデミックのサドル,+0,なし,455.3,OLD_REALM,2026-08-13
イニスのガントレット (未鑑定),+0,未鑑定,266.9,OLD_REALM,2026-08-13
イニスのグリーヴ (未鑑定),+0,未鑑定,471.0,OLD_REALM,2026-08-13
イニスのネックレス ,+0,なし,9418.43,OLD_REALM,2026-08-13
イニスのネックレス ,+19,なし,38465.0,OLD_REALM,2026-08-13
イニスのフード (鑑定),+0,鑑定,1428.7,OLD_REALM,2026-08-13
イニスのヘルム (未鑑定),+0,未鑑定,314.0,OLD_REALM,2026-08-13
イニスのヘルム (鑑定),+8,鑑定,1742.7,OLD_REALM,2026-08-13
イニスのベスト (鑑定),+5,鑑定,753.6,OLD_REALM,2026-08-13
イニスのリング ,+0,なし,2198.0,OLD_REALM,2026-08-13
イニスのリング ,+12,なし,7065.0,OLD_REALM,2026-08-13
イニスのリング ,+16,なし,5168.4400000000005,OLD_REALM,2026-08-13
イニスのリング ,+20,なし,43175.0,OLD_REALM,2026-08-13
イニスのレガース (未鑑定),+0,未鑑定,623.2900000000001,OLD_REALM,2026-08-13
イニスのローブ (鑑定),+6,鑑定,1570.0,OLD_REALM,2026-08-13
イニスの剣/盾 (未鑑定),+0,未鑑定,26688.43,OLD_REALM,2026-08-13
イニスの勇猛マント (未鑑定),+0,未鑑定,4710.0,OLD_REALM,2026-08-13
イニスの勇猛マント (鑑定),+4,鑑定,15386.0,OLD_REALM,2026-08-13
イニスの大剣 (鑑定),+10,鑑定,50240.0,OLD_REALM,2026-08-13
イニスの布ズボン (鑑定),+7,鑑定,1538.6000000000001,OLD_REALM,2026-08-13
イニスの帽子 (鑑定),+0,鑑定,471.0,OLD_REALM,2026-08-13
イニスの帽子 (鑑定),+6,鑑定,1428.7,OLD_REALM,2026-08-13
イニスの戦闘マント (未鑑定),+0,未鑑定,4710.0,OLD_REALM,2026-08-13
イニスの手甲 (未鑑定),+0,未鑑定,657.83,OLD_REALM,2026-08-13
イニスの短靴 (未鑑定),+0,未鑑定,425.46999999999997,OLD_REALM,2026-08-13
イニスの短靴 (鑑定),+8,鑑定,4710.0,OLD_REALM,2026-08-13
イニスの鎧 (未鑑定),+0,未鑑定,361.09999999999997,OLD_REALM,2026-08-13
イニスの鎧 (鑑定),+8,鑑定,3925.0,OLD_REALM,2026-08-13
イニスの長靴 (鑑定),+6,鑑定,1256.0,OLD_REALM,2026-08-13
イニスの長靴 (鑑定),+8,鑑定,753.6,OLD_REALM,2026-08-13
イニスの革ズボン (未鑑定),+0,未鑑定,438.03000000000003,OLD_REALM,2026-08-13
イリアナの籠手 (鑑定),+10,鑑定,15857.0,OLD_REALM,2026-08-13
イリアナの籠手 (鑑定),+8,鑑定,15395.42,OLD_REALM,2026-08-13
イリアナガントレット (未鑑定),+0,未鑑定,312.43,OLD_REALM,2026-08-13
イリアナガントレット (鑑定),+0,鑑定,775.58,OLD_REALM,2026-08-13
イリアナガントレット (鑑定),+7,鑑定,1433.41,OLD_REALM,2026-08-13
イリアナクロスボウ (鑑定),+10,鑑定,61650.76,OLD_REALM,2026-08-13
イリアナグリーヴ (未鑑定),+0,未鑑定,464.71999999999997,OLD_REALM,2026-08-13
イリアナグリーヴ (鑑定),+0,鑑定,469.43,OLD_REALM,2026-08-13
イリアナグリーヴ (鑑定),+8,鑑定,1673.6200000000001,OLD_REALM,2026-08-13
イリアナグローブ (未鑑定),+0,未鑑定,518.1,OLD_REALM,2026-08-13
イリアナグローブ (鑑定),+0,鑑定,467.86,OLD_REALM,2026-08-13
イリアナグローブ (鑑定),+6,鑑定,4710.0,OLD_REALM,2026-08-13
イリアナグローブ (鑑定),+7,鑑定,4253.13,OLD_REALM,2026-08-13
イリアナフード (鑑定),+0,鑑定,1422.42,OLD_REALM,2026-08-13
イリアナフード (鑑定),+8,鑑定,2355.0,OLD_REALM,2026-08-13
イリアナヘルム (未鑑定),+0,未鑑定,282.6,OLD_REALM,2026-08-13
イリアナヘルム (鑑定),+0,鑑定,471.0,OLD_REALM,2026-08-13
イリアナヘルム (鑑定),+6,鑑定,514.9599999999999,OLD_REALM,2026-08-13
イリアナヘルム (鑑定),+8,鑑定,4710.0,OLD_REALM,2026-08-13
イリアナベスト (鑑定),+0,鑑定,3140.0,OLD_REALM,2026-08-13
イリアナベスト (鑑定),+6,鑑定,6280.0,OLD_REALM,2026-08-13
イリアナベスト (鑑定),+8,鑑定,2453.9100000000003,OLD_REALM,2026-08-13
イリアナレガース (未鑑定),+0,未鑑定,430.18,OLD_REALM,2026-08-13
イリアナレガース (鑑定),+0,鑑定,518.1,OLD_REALM,2026-08-13
イリアナローブ (未鑑定),+0,未鑑定,814.83,OLD_REALM,2026-08-13
イリアナローブ (鑑定),+6,鑑定,624.86,OLD_REALM,2026-08-13
イリアナ剣/盾 (未鑑定),+0,未鑑定,31400.0,OLD_REALM,2026-08-13
イリアナ剣/盾 (鑑定),+10,鑑定,51025.0,OLD_REALM,2026-08-13
イリアナ大剣 (未鑑定),+0,未鑑定,23383.579999999998,OLD_REALM,2026-08-13
イリアナ大剣 (鑑定),+10,鑑定,24725.93,OLD_REALM,2026-08-13
イリアナ布ズボン (未鑑定),+0,未鑑定,471.0,OLD_REALM,2026-08-13
イリアナ布ズボン (鑑定),+0,鑑定,2581.0800000000004,OLD_REALM,2026-08-13
イリアナ布ズボン (鑑定),+6,鑑定,1332.93,OLD_REALM,2026-08-13
イリアナ布ズボン (鑑定),+7,鑑定,2041.0,OLD_REALM,2026-08-13
イリアナ布ズボン (鑑定),+8,鑑定,4553.0,OLD_REALM,2026-08-13
イリアナ布ズボン (鑑定),+9,鑑定,5652.0,OLD_REALM,2026-08-13
イリアナ帽子 (未鑑定),+0,未鑑定,471.0,OLD_REALM,2026-08-13
イリアナ帽子 (鑑定),+0,鑑定,1973.49,OLD_REALM,2026-08-13
イリアナ帽子 (鑑定),+7,鑑定,3047.37,OLD_REALM,2026-08-13
イリアナ弓 (鑑定),+10,鑑定,73824.54000000001,OLD_REALM,2026-08-13
イリアナ弓 (鑑定),+8,鑑定,41400.9,OLD_REALM,2026-08-13
イリアナ戦棒 (鑑定),+10,鑑定,102050.0,OLD_REALM,2026-08-13
イリアナ戦闘盾 (未鑑定),+0,未鑑定,23550.0,OLD_REALM,2026-08-13
イリアナ戦闘盾 (鑑定),+8,鑑定,39250.0,OLD_REALM,2026-08-13
イリアナ手甲 (未鑑定),+0,未鑑定,612.3,OLD_REALM,2026-08-13
イリアナ手甲 (鑑定),+0,鑑定,204.1,OLD_REALM,2026-08-13
イリアナ手甲 (鑑定),+10,鑑定,5923.61,OLD_REALM,2026-08-13
イリアナ手甲 (鑑定),+5,鑑定,471.0,OLD_REALM,2026-08-13
イリアナ手甲 (鑑定),+6,鑑定,233.93,OLD_REALM,2026-08-13
イリアナ手甲 (鑑定),+7,鑑定,315.57,OLD_REALM,2026-08-13
イリアナ杖 (鑑定),+10,鑑定,54950.0,OLD_REALM,2026-08-13
イリアナ杖 (鑑定),+8,鑑定,54946.86,OLD_REALM,2026-08-13
イリアナ短剣 (鑑定),+10,鑑定,48109.51,OLD_REALM,2026-08-13
イリアナ短剣 (鑑定),+8,鑑定,47100.0,OLD_REALM,2026-08-13
イリアナ短靴 (未鑑定),+0,未鑑定,783.4300000000001,OLD_REALM,2026-08-13
イリアナ短靴 (鑑定),+6,鑑定,624.86,OLD_REALM,2026-08-13
イリアナ鎧 (未鑑定),+0,未鑑定,538.51,OLD_REALM,2026-08-13
イリアナ長靴 (未鑑定),+0,未鑑定,671.96,OLD_REALM,2026-08-13
イリアナ長靴 (鑑定),+0,鑑定,697.08,OLD_REALM,2026-08-13
イリアナ長靴 (鑑定),+4,鑑定,235.5,OLD_REALM,2026-08-13
イリアナ長靴 (鑑定),+5,鑑定,785.0,OLD_REALM,2026-08-13
イリアナ長靴 (鑑定),+6,鑑定,642.13,OLD_REALM,2026-08-13
イリアナ長靴 (鑑定),+8,鑑定,1727.0,OLD_REALM,2026-08-13
イリアナ革ズボン (未鑑定),+0,未鑑定,929.4399999999999,OLD_REALM,2026-08-13
イリアナ革ズボン (鑑定),+5,鑑定,2298.48,OLD_REALM,2026-08-13
イリアナ革ズボン (鑑定),+6,鑑定,847.8000000000001,OLD_REALM,2026-08-13
エオスのガントレット (未鑑定),+0,未鑑定,86.35000000000001,OLD_REALM,2026-08-13
エオスのガントレット (鑑定),+0,鑑定,62.800000000000004,OLD_REALM,2026-08-13
エオスのガントレット (鑑定),+10,鑑定,2512.0,OLD_REALM,2026-08-13
エオスのガントレット (鑑定),+4,鑑定,188.4,OLD_REALM,2026-08-13
エオスのガントレット (鑑定),+5,鑑定,78.5,OLD_REALM,2026-08-13
エオスのガントレット (鑑定),+6,鑑定,314.0,OLD_REALM,2026-08-13
エオスのガントレット (鑑定),+7,鑑定,529.09,OLD_REALM,2026-08-13
エオスのガントレット (鑑定),+8,鑑定,500.83,OLD_REALM,2026-08-13
エオスのガントレット (鑑定),+9,鑑定,1601.3999999999999,OLD_REALM,2026-08-13
エオスのグリーヴ (未鑑定),+0,未鑑定,109.89999999999999,OLD_REALM,2026-08-13
エオスのグリーヴ (鑑定),+0,鑑定,91.05999999999999,OLD_REALM,2026-08-13
エオスのグリーヴ (鑑定),+5,鑑定,141.3,OLD_REALM,2026-08-13
エオスのグリーヴ (鑑定),+6,鑑定,471.0,OLD_REALM,2026-08-13
エオスのグリーヴ (鑑定),+7,鑑定,628.0,OLD_REALM,2026-08-13
エオスのグリーヴ (鑑定),+8,鑑定,706.5,OLD_REALM,2026-08-13
エオスのグローブ (未鑑定),+0,未鑑定,312.43,OLD_REALM,2026-08-13
エオスのグローブ (鑑定),+0,鑑定,299.87,OLD_REALM,2026-08-13
エオスのグローブ (鑑定),+6,鑑定,301.44,OLD_REALM,2026-08-13
エオスのグローブ (鑑定),+7,鑑定,942.0,OLD_REALM,2026-08-13
エオスのグローブ (鑑定),+8,鑑定,1491.5,OLD_REALM,2026-08-13
エオスのフード (未鑑定),+0,未鑑定,274.75,OLD_REALM,2026-08-13
エオスのフード (鑑定),+0,鑑定,298.3,OLD_REALM,2026-08-13
エオスのフード (鑑定),+10,鑑定,2800.88,OLD_REALM,2026-08-13
エオスのフード (鑑定),+5,鑑定,386.21999999999997,OLD_REALM,2026-08-13
エオスのフード (鑑定),+6,鑑定,640.5600000000001,OLD_REALM,2026-08-13
エオスのフード (鑑定),+8,鑑定,883.91,OLD_REALM,2026-08-13
エオスのフード (鑑定),+9,鑑定,1413.0,OLD_REALM,2026-08-13
エオスのヘルム (未鑑定),+0,未鑑定,119.32000000000001,OLD_REALM,2026-08-13
エオスのヘルム (鑑定),+0,鑑定,70.65,OLD_REALM,2026-08-13
エオスのヘルム (鑑定),+5,鑑定,204.1,OLD_REALM,2026-08-13
エオスのヘルム (鑑定),+6,鑑定,196.25,OLD_REALM,2026-08-13
エオスのヘルム (鑑定),+7,鑑定,334.40999999999997,OLD_REALM,2026-08-13
エオスのヘルム (鑑定),+8,鑑定,361.09999999999997,OLD_REALM,2026-08-13
エオスのベスト (未鑑定),+0,未鑑定,136.59,OLD_REALM,2026-08-13
エオスのベスト (鑑定),+0,鑑定,149.15,OLD_REALM,2026-08-13
エオスのベスト (鑑定),+5,鑑定,188.4,OLD_REALM,2026-08-13
エオスのベスト (鑑定),+6,鑑定,157.0,OLD_REALM,2026-08-13
エオスのベスト (鑑定),+7,鑑定,455.3,OLD_REALM,2026-08-13
エオスのベスト (鑑定),+8,鑑定,10990.0,OLD_REALM,2026-08-13
エオスのベスト (鑑定),+9,鑑定,3925.0,OLD_REALM,2026-08-13
エオスのリング,+16,なし,5972.28,OLD_REALM,2026-08-13
エオスのリング,+17,なし,6280.0,OLD_REALM,2026-08-13
エオスのリング,+18,なし,6460.55,OLD_REALM,2026-08-13
エオスのレガース (未鑑定),+0,未鑑定,78.5,OLD_REALM,2026-08-13
エオスのレガース (鑑定),+0,鑑定,84.78,OLD_REALM,2026-08-13
エオスのレガース (鑑定),+5,鑑定,296.72999999999996,OLD_REALM,2026-08-13
エオスのレガース (鑑定),+6,鑑定,86.35000000000001,OLD_REALM,2026-08-13
エオスのレガース (鑑定),+7,鑑定,1256.0,OLD_REALM,2026-08-13
エオスのレガース (鑑定),+8,鑑定,522.8100000000001,OLD_REALM,2026-08-13
エオスのローブ (未鑑定),+0,未鑑定,122.46000000000001,OLD_REALM,2026-08-13
エオスのローブ (鑑定),+0,鑑定,95.77,OLD_REALM,2026-08-13
エオスのローブ (鑑定),+5,鑑定,233.93,OLD_REALM,2026-08-13
エオスのローブ (鑑定),+6,鑑定,164.85,OLD_REALM,2026-08-13
エオスのローブ (鑑定),+7,鑑定,455.3,OLD_REALM,2026-08-13
エオスのローブ (鑑定),+8,鑑定,3925.0,OLD_REALM,2026-08-13
エオスのローブ (鑑定),+9,鑑定,1562.1499999999999,OLD_REALM,2026-08-13
エオスの勇猛マント (未鑑定),+0,未鑑定,1946.8,OLD_REALM,2026-08-13
エオスの布ズボン (未鑑定),+0,未鑑定,67.51,OLD_REALM,2026-08-13
エオスの布ズボン (鑑定),+0,鑑定,50.24,OLD_REALM,2026-08-13
エオスの布ズボン (鑑定),+10,鑑定,3617.2799999999997,OLD_REALM,2026-08-13
エオスの布ズボン (鑑定),+5,鑑定,155.43,OLD_REALM,2026-08-13
エオスの布ズボン (鑑定),+6,鑑定,102.05,OLD_REALM,2026-08-13
エオスの布ズボン (鑑定),+7,鑑定,262.19,OLD_REALM,2026-08-13
エオスの布ズボン (鑑定),+8,鑑定,471.0,OLD_REALM,2026-08-13
エオスの布ズボン (鑑定),+9,鑑定,1020.5,OLD_REALM,2026-08-13
エオスの帽子 (未鑑定),+0,未鑑定,109.89999999999999,OLD_REALM,2026-08-13
エオスの帽子 (鑑定),+0,鑑定,58.089999999999996,OLD_REALM,2026-08-13
エオスの帽子 (鑑定),+10,鑑定,1766.25,OLD_REALM,2026-08-13
エオスの帽子 (鑑定),+5,鑑定,105.19000000000001,OLD_REALM,2026-08-13
エオスの帽子 (鑑定),+6,鑑定,248.06,OLD_REALM,2026-08-13
エオスの帽子 (鑑定),+7,鑑定,235.5,OLD_REALM,2026-08-13
エオスの帽子 (鑑定),+8,鑑定,1025.21,OLD_REALM,2026-08-13
エオスの帽子 (鑑定),+9,鑑定,591.89,OLD_REALM,2026-08-13
エオスの戦闘マント (未鑑定),+0,未鑑定,2669.0,OLD_REALM,2026-08-13
エオスの戦闘マント (鑑定),+2,鑑定,2584.2200000000003,OLD_REALM,2026-08-13
エオスの手甲 (未鑑定),+0,未鑑定,130.31,OLD_REALM,2026-08-13
エオスの手甲 (鑑定),+0,鑑定,103.62,OLD_REALM,2026-08-13
エオスの手甲 (鑑定),+11,鑑定,14130.0,OLD_REALM,2026-08-13
エオスの手甲 (鑑定),+5,鑑定,108.33,OLD_REALM,2026-08-13
エオスの手甲 (鑑定),+6,鑑定,131.88,OLD_REALM,2026-08-13
エオスの手甲 (鑑定),+7,鑑定,471.0,OLD_REALM,2026-08-13
エオスの手甲 (鑑定),+8,鑑定,785.0,OLD_REALM,2026-08-13
エオスの短剣 (鑑定),+10,鑑定,43960.0,OLD_REALM,2026-08-13
エオスの短靴 (未鑑定),+0,未鑑定,204.1,OLD_REALM,2026-08-13
エオスの短靴 (鑑定),+0,鑑定,141.3,OLD_REALM,2026-08-13
エオスの短靴 (鑑定),+5,鑑定,251.20000000000002,OLD_REALM,2026-08-13
エオスの短靴 (鑑定),+6,鑑定,612.3,OLD_REALM,2026-08-13
エオスの短靴 (鑑定),+7,鑑定,785.0,OLD_REALM,2026-08-13
エオスの短靴 (鑑定),+8,鑑定,4708.429999999999,OLD_REALM,2026-08-13
エオスの破壊マント (未鑑定),+0,未鑑定,2833.85,OLD_REALM,2026-08-13
エオスの破壊マント (鑑定),+2,鑑定,9420.0,OLD_REALM,2026-08-13
エオスの破壊マント (鑑定),+4,鑑定,18055.0,OLD_REALM,2026-08-13
エオスの精霊マント (未鑑定),+0,未鑑定,1766.25,OLD_REALM,2026-08-13
エオスの鎧 (未鑑定),+0,未鑑定,89.49,OLD_REALM,2026-08-13
エオスの鎧 (鑑定),+0,鑑定,69.08,OLD_REALM,2026-08-13
エオスの鎧 (鑑定),+5,鑑定,172.70000000000002,OLD_REALM,2026-08-13
エオスの鎧 (鑑定),+6,鑑定,307.71999999999997,OLD_REALM,2026-08-13
エオスの鎧 (鑑定),+7,鑑定,645.2700000000001,OLD_REALM,2026-08-13
エオスの鎧 (鑑定),+8,鑑定,471.0,OLD_REALM,2026-08-13
エオスの鎧 (鑑定),+9,鑑定,1570.0,OLD_REALM,2026-08-13
エオスの長靴 (鑑定),+0,鑑定,75.36,OLD_REALM,2026-08-13
エオスの長靴 (鑑定),+4,鑑定,73.78999999999999,OLD_REALM,2026-08-13
エオスの長靴 (鑑定),+5,鑑定,75.36,OLD_REALM,2026-08-13
エオスの長靴 (鑑定),+6,鑑定,314.0,OLD_REALM,2026-08-13
エオスの長靴 (鑑定),+7,鑑定,617.01,OLD_REALM,2026-08-13
エオスの長靴 (鑑定),+8,鑑定,505.54,OLD_REALM,2026-08-13
エオスの革ズボン (未鑑定),+0,未鑑定,109.89999999999999,OLD_REALM,2026-08-13
エオスの革ズボン (鑑定),+0,鑑定,50.24,OLD_REALM,2026-08-13
エオスの革ズボン (鑑定),+10,鑑定,4904.679999999999,OLD_REALM,2026-08-13
エオスの革ズボン (鑑定),+5,鑑定,157.0,OLD_REALM,2026-08-13
エオスの革ズボン (鑑定),+6,鑑定,180.54999999999998,OLD_REALM,2026-08-13
エオスの革ズボン (鑑定),+7,鑑定,785.0,OLD_REALM,2026-08-13
エオスの革ズボン (鑑定),+8,鑑定,502.40000000000003,OLD_REALM,2026-08-13
エオスの革ズボン (鑑定),+9,鑑定,2041.0,OLD_REALM,2026-08-13
エル・セラのガントレット (未鑑定),+0,未鑑定,103.62,OLD_REALM,2026-08-13
エル・セラのガントレット (鑑定),+0,鑑定,466.29,OLD_REALM,2026-08-13
エル・セラのガントレット (鑑定),+6,鑑定,306.15,OLD_REALM,2026-08-13
エル・セラのガントレット (鑑定),+9,鑑定,4710.0,OLD_REALM,2026-08-13
エル・セラのクロスボウ (未鑑定),+0,未鑑定,775.58,OLD_REALM,2026-08-13
エル・セラのクロスボウ (鑑定),+10,鑑定,4396.0,OLD_REALM,2026-08-13
エル・セラのクロスボウ (鑑定),+7,鑑定,637.42,OLD_REALM,2026-08-13
エル・セラのグリーヴ (未鑑定),+0,未鑑定,17.27,OLD_REALM,2026-08-13
エル・セラのグリーヴ (鑑定),+0,鑑定,62.800000000000004,OLD_REALM,2026-08-13
エル・セラのグリーヴ (鑑定),+10,鑑定,628.0,OLD_REALM,2026-08-13
エル・セラのグリーヴ (鑑定),+12,鑑定,3925.0,OLD_REALM,2026-08-13
エル・セラのグリーヴ (鑑定),+5,鑑定,76.92999999999999,OLD_REALM,2026-08-13
エル・セラのグリーヴ (鑑定),+6,鑑定,186.82999999999998,OLD_REALM,2026-08-13
エル・セラのグリーヴ (鑑定),+7,鑑定,492.98,OLD_REALM,2026-08-13
エル・セラのグリーヴ (鑑定),+8,鑑定,172.70000000000002,OLD_REALM,2026-08-13
エル・セラのグリーヴ (鑑定),+9,鑑定,706.5,OLD_REALM,2026-08-13
エル・セラのグローブ (未鑑定),+0,未鑑定,59.660000000000004,OLD_REALM,2026-08-13
エル・セラのグローブ (鑑定),+0,鑑定,392.5,OLD_REALM,2026-08-13
エル・セラのグローブ (鑑定),+5,鑑定,78.5,OLD_REALM,2026-08-13
エル・セラのグローブ (鑑定),+6,鑑定,218.23,OLD_REALM,2026-08-13
エル・セラのグローブ (鑑定),+7,鑑定,510.25,OLD_REALM,2026-08-13
エル・セラのグローブ (鑑定),+8,鑑定,783.4300000000001,OLD_REALM,2026-08-13
エル・セラのサイド (未鑑定),+0,未鑑定,1515.05,OLD_REALM,2026-08-13
エル・セラのサイド (鑑定),+0,鑑定,2326.7400000000002,OLD_REALM,2026-08-13
エル・セラのサイド (鑑定),+10,鑑定,6437.0,OLD_REALM,2026-08-13
エル・セラのサイド (鑑定),+7,鑑定,2041.0,OLD_REALM,2026-08-13
エル・セラのサイド (鑑定),+8,鑑定,8507.83,OLD_REALM,2026-08-13
エル・セラのネックレス,+0,なし,178.98,OLD_REALM,2026-08-13
エル・セラのネックレス,+12,なし,516.53,OLD_REALM,2026-08-13
エル・セラのネックレス,+13,なし,942.0,OLD_REALM,2026-08-13
エル・セラのネックレス,+14,なし,1884.0,OLD_REALM,2026-08-13
エル・セラのネックレス,+15,なし,645.2700000000001,OLD_REALM,2026-08-13
エル・セラのネックレス,+16,なし,596.6,OLD_REALM,2026-08-13
エル・セラのネックレス,+17,なし,628.0,OLD_REALM,2026-08-13
エル・セラのネックレス,+18,なし,1020.5,OLD_REALM,2026-08-13
エル・セラのネックレス,+20,なし,2857.4,OLD_REALM,2026-08-13
エル・セラのフード (未鑑定),+0,未鑑定,20.41,OLD_REALM,2026-08-13
エル・セラのフード (鑑定),+5,鑑定,78.5,OLD_REALM,2026-08-13
エル・セラのフード (鑑定),+6,鑑定,292.02000000000004,OLD_REALM,2026-08-13
エル・セラのフード (鑑定),+7,鑑定,359.53000000000003,OLD_REALM,2026-08-13
エル・セラのフード (鑑定),+8,鑑定,626.4300000000001,OLD_REALM,2026-08-13
エル・セラのヘルム (未鑑定),+0,未鑑定,31.400000000000002,OLD_REALM,2026-08-13
エル・セラのヘルム (鑑定),+0,鑑定,152.29,OLD_REALM,2026-08-13
エル・セラのヘルム (鑑定),+7,鑑定,328.13,OLD_REALM,2026-08-13
エル・セラのヘルム (鑑定),+8,鑑定,546.36,OLD_REALM,2026-08-13
エル・セラのベスト (未鑑定),+0,未鑑定,15.700000000000001,OLD_REALM,2026-08-13
エル・セラのベスト (鑑定),+10,鑑定,2826.0,OLD_REALM,2026-08-13
エル・セラのベスト (鑑定),+5,鑑定,15.700000000000001,OLD_REALM,2026-08-13
エル・セラのベスト (鑑定),+6,鑑定,116.17999999999999,OLD_REALM,2026-08-13
エル・セラのベスト (鑑定),+7,鑑定,453.73,OLD_REALM,2026-08-13
エル・セラのベスト (鑑定),+8,鑑定,532.23,OLD_REALM,2026-08-13
エル・セラのベスト (鑑定),+9,鑑定,623.2900000000001,OLD_REALM,2026-08-13
エル・セラのリング,+0,なし,43.96,OLD_REALM,2026-08-13
エル・セラのリング,+12,なし,139.73,OLD_REALM,2026-08-13
エル・セラのリング,+13,なし,282.6,OLD_REALM,2026-08-13
エル・セラのリング,+15,なし,942.0,OLD_REALM,2026-08-13
エル・セラのリング,+16,なし,284.17,OLD_REALM,2026-08-13
エル・セラのリング,+17,なし,309.29,OLD_REALM,2026-08-13
エル・セラのリング,+18,なし,769.3000000000001,OLD_REALM,2026-08-13
エル・セラのリング,+20,なし,3427.31,OLD_REALM,2026-08-13
エル・セラのレガース (未鑑定),+0,未鑑定,39.25,OLD_REALM,2026-08-13
エル・セラのレガース (鑑定),+0,鑑定,78.5,OLD_REALM,2026-08-13
エル・セラのレガース (鑑定),+5,鑑定,157.0,OLD_REALM,2026-08-13
エル・セラのレガース (鑑定),+6,鑑定,157.0,OLD_REALM,2026-08-13
エル・セラのレガース (鑑定),+7,鑑定,157.0,OLD_REALM,2026-08-13
エル・セラのレガース (鑑定),+8,鑑定,502.40000000000003,OLD_REALM,2026-08-13
エル・セラのローブ (鑑定),+0,鑑定,232.35999999999999,OLD_REALM,2026-08-13
エル・セラのローブ (鑑定),+6,鑑定,290.45,OLD_REALM,2026-08-13
エル・セラのローブ (鑑定),+7,鑑定,390.93,OLD_REALM,2026-08-13
エル・セラのローブ (鑑定),+8,鑑定,617.01,OLD_REALM,2026-08-13
エル・セラのローブ (鑑定),+9,鑑定,942.0,OLD_REALM,2026-08-13
エル・セラの剣/盾 (未鑑定),+0,未鑑定,474.14,OLD_REALM,2026-08-13
エル・セラの剣/盾 (鑑定),+0,鑑定,2347.15,OLD_REALM,2026-08-13
エル・セラの剣/盾 (鑑定),+7,鑑定,2512.0,OLD_REALM,2026-08-13
エル・セラの剣/盾 (鑑定),+8,鑑定,1150.81,OLD_REALM,2026-08-13
エル・セラの勇猛マント (未鑑定),+0,未鑑定,155.43,OLD_REALM,2026-08-13
エル・セラの勇猛マント (鑑定),+5,鑑定,587.1800000000001,OLD_REALM,2026-08-13
エル・セラの大剣 (未鑑定),+0,未鑑定,345.40000000000003,OLD_REALM,2026-08-13
エル・セラの大剣 (鑑定),+0,鑑定,626.4300000000001,OLD_REALM,2026-08-13
エル・セラの大剣 (鑑定),+10,鑑定,2331.45,OLD_REALM,2026-08-13
エル・セラの大剣 (鑑定),+12,鑑定,10833.0,OLD_REALM,2026-08-13
エル・セラの大剣 (鑑定),+8,鑑定,1665.77,OLD_REALM,2026-08-13
エル・セラの布ズボン (未鑑定),+0,未鑑定,15.700000000000001,OLD_REALM,2026-08-13
エル・セラの布ズボン (鑑定),+0,鑑定,15.700000000000001,OLD_REALM,2026-08-13
エル・セラの布ズボン (鑑定),+10,鑑定,511.82,OLD_REALM,2026-08-13
エル・セラの布ズボン (鑑定),+7,鑑定,157.0,OLD_REALM,2026-08-13
エル・セラの布ズボン (鑑定),+8,鑑定,172.70000000000002,OLD_REALM,2026-08-13
エル・セラの布ズボン (鑑定),+9,鑑定,455.3,OLD_REALM,2026-08-13
エル・セラの帽子 (未鑑定),+0,未鑑定,26.69,OLD_REALM,2026-08-13
エル・セラの帽子 (鑑定),+0,鑑定,28.259999999999998,OLD_REALM,2026-08-13
エル・セラの帽子 (鑑定),+6,鑑定,47.1,OLD_REALM,2026-08-13
エル・セラの帽子 (鑑定),+7,鑑定,387.79,OLD_REALM,2026-08-13
エル・セラの帽子 (鑑定),+8,鑑定,343.83,OLD_REALM,2026-08-13
エル・セラの弓 (未鑑定),+0,未鑑定,785.0,OLD_REALM,2026-08-13
エル・セラの弓 (鑑定),+0,鑑定,816.4,OLD_REALM,2026-08-13
エル・セラの弓 (鑑定),+10,鑑定,4713.14,OLD_REALM,2026-08-13
エル・セラの弓 (鑑定),+12,鑑定,13881.94,OLD_REALM,2026-08-13
エル・セラの弓 (鑑定),+7,鑑定,1566.8600000000001,OLD_REALM,2026-08-13
エル・セラの弓 (鑑定),+8,鑑定,3061.5,OLD_REALM,2026-08-13
エル・セラの弓 (鑑定),+9,鑑定,5429.0599999999995,OLD_REALM,2026-08-13
エル・セラの戦棒 (未鑑定),+0,未鑑定,872.92,OLD_REALM,2026-08-13
エル・セラの戦棒 (鑑定),+0,鑑定,1048.76,OLD_REALM,2026-08-13
エル・セラの戦棒 (鑑定),+10,鑑定,3925.0,OLD_REALM,2026-08-13
エル・セラの戦棒 (鑑定),+7,鑑定,985.96,OLD_REALM,2026-08-13
エル・セラの戦棒 (鑑定),+8,鑑定,1084.8700000000001,OLD_REALM,2026-08-13
エル・セラの戦闘マント (未鑑定),+0,未鑑定,94.2,OLD_REALM,2026-08-13
エル・セラの戦闘マント (鑑定),+0,鑑定,628.0,OLD_REALM,2026-08-13
エル・セラの戦闘盾 (未鑑定),+0,未鑑定,259.05,OLD_REALM,2026-08-13
エル・セラの戦闘盾 (鑑定),+0,鑑定,310.86,OLD_REALM,2026-08-13
エル・セラの戦闘盾 (鑑定),+10,鑑定,2041.0,OLD_REALM,2026-08-13
エル・セラの戦闘盾 (鑑定),+11,鑑定,6280.0,OLD_REALM,2026-08-13
エル・セラの戦闘盾 (鑑定),+12,鑑定,10592.789999999999,OLD_REALM,2026-08-13
エル・セラの戦闘盾 (鑑定),+7,鑑定,516.53,OLD_REALM,2026-08-13
エル・セラの戦闘盾 (鑑定),+8,鑑定,942.0,OLD_REALM,2026-08-13
エル・セラの手甲 (未鑑定),+0,未鑑定,15.700000000000001,OLD_REALM,2026-08-13
エル・セラの手甲 (鑑定),+10,鑑定,1256.0,OLD_REALM,2026-08-13
エル・セラの手甲 (鑑定),+6,鑑定,314.0,OLD_REALM,2026-08-13
エル・セラの手甲 (鑑定),+7,鑑定,510.25,OLD_REALM,2026-08-13
エル・セラの手甲 (鑑定),+8,鑑定,397.21,OLD_REALM,2026-08-13
エル・セラの手甲 (鑑定),+9,鑑定,744.1800000000001,OLD_REALM,2026-08-13
エル・セラの杖 (未鑑定),+0,未鑑定,449.02,OLD_REALM,2026-08-13
エル・セラの杖 (鑑定),+0,鑑定,861.9300000000001,OLD_REALM,2026-08-13
エル・セラの杖 (鑑定),+10,鑑定,2025.3,OLD_REALM,2026-08-13
エル・セラの杖 (鑑定),+8,鑑定,1256.0,OLD_REALM,2026-08-13
エル・セラの短剣 (未鑑定),+0,未鑑定,609.16,OLD_REALM,2026-08-13
エル・セラの短剣 (鑑定),+10,鑑定,3925.0,OLD_REALM,2026-08-13
エル・セラの短剣 (鑑定),+12,鑑定,11482.98,OLD_REALM,2026-08-13
エル・セラの短剣 (鑑定),+8,鑑定,1177.5,OLD_REALM,2026-08-13
エル・セラの短靴 (鑑定),+0,鑑定,54.949999999999996,OLD_REALM,2026-08-13
エル・セラの短靴 (鑑定),+6,鑑定,337.55,OLD_REALM,2026-08-13
エル・セラの短靴 (鑑定),+7,鑑定,314.0,OLD_REALM,2026-08-13
エル・セラの短靴 (鑑定),+8,鑑定,461.58,OLD_REALM,2026-08-13
エル・セラの短靴 (鑑定),+9,鑑定,1256.0,OLD_REALM,2026-08-13
エル・セラの破壊マント (未鑑定),+0,未鑑定,117.75,OLD_REALM,2026-08-13
エル・セラの破壊マント (鑑定),+3,鑑定,968.6899999999999,OLD_REALM,2026-08-13
エル・セラの破壊マント (鑑定),+5,鑑定,1256.0,OLD_REALM,2026-08-13
エル・セラの籠手 (未鑑定),+0,未鑑定,138.16,OLD_REALM,2026-08-13
エル・セラの籠手 (鑑定),+0,鑑定,226.07999999999998,OLD_REALM,2026-08-13
エル・セラの籠手 (鑑定),+10,鑑定,2278.07,OLD_REALM,2026-08-13
エル・セラの籠手 (鑑定),+11,鑑定,3140.0,OLD_REALM,2026-08-13
エル・セラの籠手 (鑑定),+12,鑑定,5625.3099999999995,OLD_REALM,2026-08-13
エル・セラの籠手 (鑑定),+7,鑑定,471.0,OLD_REALM,2026-08-13
エル・セラの籠手 (鑑定),+9,鑑定,1570.0,OLD_REALM,2026-08-13
エル・セラの鎧 (未鑑定),+0,未鑑定,23.55,OLD_REALM,2026-08-13
エル・セラの鎧 (鑑定),+0,鑑定,78.5,OLD_REALM,2026-08-13
エル・セラの鎧 (鑑定),+5,鑑定,21.98,OLD_REALM,2026-08-13
エル・セラの鎧 (鑑定),+6,鑑定,102.05,OLD_REALM,2026-08-13
エル・セラの鎧 (鑑定),+7,鑑定,235.5,OLD_REALM,2026-08-13
エル・セラの鎧 (鑑定),+8,鑑定,312.43,OLD_REALM,2026-08-13
エル・セラの長靴 (未鑑定),+0,未鑑定,34.54,OLD_REALM,2026-08-13
エル・セラの長靴 (鑑定),+5,鑑定,94.2,OLD_REALM,2026-08-13
エル・セラの長靴 (鑑定),+6,鑑定,359.53000000000003,OLD_REALM,2026-08-13
エル・セラの長靴 (鑑定),+8,鑑定,511.82,OLD_REALM,2026-08-13
エル・セラの長靴 (鑑定),+9,鑑定,910.6,OLD_REALM,2026-08-13
エル・セラの革ズボン (未鑑定),+0,未鑑定,21.98,OLD_REALM,2026-08-13
エル・セラの革ズボン (鑑定),+6,鑑定,274.75,OLD_REALM,2026-08-13
エル・セラの革ズボン (鑑定),+7,鑑定,500.83,OLD_REALM,2026-08-13
エル・セラの革ズボン (鑑定),+8,鑑定,626.4300000000001,OLD_REALM,2026-08-13
オペルタのガントレット (未鑑定),+0,未鑑定,238.64000000000001,OLD_REALM,2026-08-13
オペルタのガントレット (鑑定),+0,鑑定,292.02000000000004,OLD_REALM,2026-08-13
オペルタのガントレット (鑑定),+5,鑑定,706.5,OLD_REALM,2026-08-13
オペルタのガントレット (鑑定),+6,鑑定,549.5,OLD_REALM,2026-08-13
オペルタのガントレット (鑑定),+8,鑑定,1334.5,OLD_REALM,2026-08-13
オペルタのグリーヴ (未鑑定),+0,未鑑定,172.70000000000002,OLD_REALM,2026-08-13
オペルタのグリーヴ (鑑定),+0,鑑定,255.91,OLD_REALM,2026-08-13
オペルタのグリーヴ (鑑定),+6,鑑定,373.65999999999997,OLD_REALM,2026-08-13
オペルタのグリーヴ (鑑定),+8,鑑定,312.43,OLD_REALM,2026-08-13
オペルタのグローブ (未鑑定),+0,未鑑定,469.43,OLD_REALM,2026-08-13
オペルタのグローブ (鑑定),+0,鑑定,309.29,OLD_REALM,2026-08-13
オペルタのグローブ (鑑定),+6,鑑定,951.42,OLD_REALM,2026-08-13
オペルタのグローブ (鑑定),+7,鑑定,2826.0,OLD_REALM,2026-08-13
オペルタのグローブ (鑑定),+8,鑑定,1518.19,OLD_REALM,2026-08-13
オペルタのグローブ (鑑定),+9,鑑定,5495.0,OLD_REALM,2026-08-13
オペルタのネックレス,+17,なし,15393.85,OLD_REALM,2026-08-13
オペルタのネックレス,+20,なし,72220.0,OLD_REALM,2026-08-13
オペルタのフード (未鑑定),+0,未鑑定,384.65000000000003,OLD_REALM,2026-08-13
オペルタのフード (鑑定),+0,鑑定,416.05,OLD_REALM,2026-08-13
オペルタのフード (鑑定),+5,鑑定,4239.0,OLD_REALM,2026-08-13
オペルタのヘルム (未鑑定),+0,未鑑定,102.05,OLD_REALM,2026-08-13
オペルタのヘルム (鑑定),+0,鑑定,84.78,OLD_REALM,2026-08-13
オペルタのヘルム (鑑定),+5,鑑定,157.0,OLD_REALM,2026-08-13
オペルタのヘルム (鑑定),+6,鑑定,314.0,OLD_REALM,2026-08-13
オペルタのヘルム (鑑定),+7,鑑定,332.84000000000003,OLD_REALM,2026-08-13
オペルタのヘルム (鑑定),+8,鑑定,514.9599999999999,OLD_REALM,2026-08-13
オペルタのベスト (未鑑定),+0,未鑑定,568.34,OLD_REALM,2026-08-13
オペルタのベスト (鑑定),+0,鑑定,376.8,OLD_REALM,2026-08-13
オペルタのベスト (鑑定),+6,鑑定,471.0,OLD_REALM,2026-08-13
オペルタのベスト (鑑定),+8,鑑定,3454.0,OLD_REALM,2026-08-13
オペルタのリング,+0,なし,2194.86,OLD_REALM,2026-08-13
オペルタのリング,+14,なし,7850.0,OLD_REALM,2026-08-13
オペルタのリング,+15,なし,3454.0,OLD_REALM,2026-08-13
オペルタのリング,+17,なし,3925.0,OLD_REALM,2026-08-13
オペルタのリング,+18,なし,28103.0,OLD_REALM,2026-08-13
オペルタのリング,+20,なし,43018.0,OLD_REALM,2026-08-13
オペルタのレガース (未鑑定),+0,未鑑定,166.42000000000002,OLD_REALM,2026-08-13
オペルタのレガース (鑑定),+0,鑑定,628.0,OLD_REALM,2026-08-13
オペルタのレガース (鑑定),+5,鑑定,109.89999999999999,OLD_REALM,2026-08-13
オペルタのレガース (鑑定),+6,鑑定,471.0,OLD_REALM,2026-08-13
オペルタのレガース (鑑定),+7,鑑定,508.68,OLD_REALM,2026-08-13
オペルタのレガース (鑑定),+8,鑑定,1282.69,OLD_REALM,2026-08-13
オペルタのローブ (未鑑定),+0,未鑑定,307.71999999999997,OLD_REALM,2026-08-13
オペルタのローブ (鑑定),+0,鑑定,133.45,OLD_REALM,2026-08-13
オペルタのローブ (鑑定),+5,鑑定,635.85,OLD_REALM,2026-08-13
オペルタのローブ (鑑定),+6,鑑定,397.21,OLD_REALM,2026-08-13
オペルタのローブ (鑑定),+8,鑑定,1033.06,OLD_REALM,2026-08-13
オペルタの剣/盾 (未鑑定),+0,未鑑定,25120.0,OLD_REALM,2026-08-13
オペルタの剣/盾 (鑑定),+10,鑑定,37563.82,OLD_REALM,2026-08-13
オペルタの勇猛マント (未鑑定),+0,未鑑定,2229.4,OLD_REALM,2026-08-13
オペルタの勇猛マント (鑑定),+0,鑑定,1413.0,OLD_REALM,2026-08-13
オペルタの布ズボン (未鑑定),+0,未鑑定,106.76,OLD_REALM,2026-08-13
オペルタの布ズボン (鑑定),+0,鑑定,65.94,OLD_REALM,2026-08-13
オペルタの布ズボン (鑑定),+5,鑑定,152.29,OLD_REALM,2026-08-13
オペルタの布ズボン (鑑定),+6,鑑定,232.35999999999999,OLD_REALM,2026-08-13
オペルタの布ズボン (鑑定),+7,鑑定,1099.0,OLD_REALM,2026-08-13
オペルタの布ズボン (鑑定),+8,鑑定,434.89,OLD_REALM,2026-08-13
オペルタの帽子 (鑑定),+0,鑑定,109.89999999999999,OLD_REALM,2026-08-13
オペルタの帽子 (鑑定),+5,鑑定,186.82999999999998,OLD_REALM,2026-08-13
オペルタの帽子 (鑑定),+6,鑑定,188.4,OLD_REALM,2026-08-13
オペルタの帽子 (鑑定),+8,鑑定,2669.0,OLD_REALM,2026-08-13
オペルタの帽子 (鑑定),+9,鑑定,2041.0,OLD_REALM,2026-08-13
オペルタの弓 (鑑定),+10,鑑定,51810.0,OLD_REALM,2026-08-13
オペルタの戦闘マント (未鑑定),+0,未鑑定,2808.73,OLD_REALM,2026-08-13
オペルタの手甲 (未鑑定),+0,未鑑定,141.3,OLD_REALM,2026-08-13
オペルタの手甲 (鑑定),+0,鑑定,136.59,OLD_REALM,2026-08-13
オペルタの手甲 (鑑定),+5,鑑定,188.4,OLD_REALM,2026-08-13
オペルタの手甲 (鑑定),+6,鑑定,188.4,OLD_REALM,2026-08-13
オペルタの手甲 (鑑定),+8,鑑定,1015.79,OLD_REALM,2026-08-13
オペルタの短剣 (鑑定),+10,鑑定,48670.0,OLD_REALM,2026-08-13
オペルタの短剣 (鑑定),+7,鑑定,50240.0,OLD_REALM,2026-08-13
オペルタの短靴 (未鑑定),+0,未鑑定,202.53,OLD_REALM,2026-08-13
オペルタの短靴 (鑑定),+0,鑑定,166.42000000000002,OLD_REALM,2026-08-13
オペルタの短靴 (鑑定),+6,鑑定,397.21,OLD_REALM,2026-08-13
オペルタの短靴 (鑑定),+7,鑑定,471.0,OLD_REALM,2026-08-13
オペルタの短靴 (鑑定),+8,鑑定,7749.5199999999995,OLD_REALM,2026-08-13
オペルタの破壊マント (未鑑定),+0,未鑑定,2967.2999999999997,OLD_REALM,2026-08-13
オペルタの精霊マント (未鑑定),+0,未鑑定,1570.0,OLD_REALM,2026-08-13
オペルタの精霊マント (鑑定),+3,鑑定,12961.92,OLD_REALM,2026-08-13
オペルタの鎧 (未鑑定),+0,未鑑定,183.69,OLD_REALM,2026-08-13
オペルタの鎧 (鑑定),+0,鑑定,254.34,OLD_REALM,2026-08-13
オペルタの鎧 (鑑定),+5,鑑定,584.0400000000001,OLD_REALM,2026-08-13
オペルタの鎧 (鑑定),+6,鑑定,785.0,OLD_REALM,2026-08-13
オペルタの鎧 (鑑定),+8,鑑定,1962.5,OLD_REALM,2026-08-13
オペルタの長靴 (未鑑定),+0,未鑑定,200.96,OLD_REALM,2026-08-13
オペルタの長靴 (鑑定),+0,鑑定,141.3,OLD_REALM,2026-08-13
オペルタの長靴 (鑑定),+10,鑑定,2629.75,OLD_REALM,2026-08-13
オペルタの長靴 (鑑定),+5,鑑定,204.1,OLD_REALM,2026-08-13
オペルタの長靴 (鑑定),+6,鑑定,188.4,OLD_REALM,2026-08-13
オペルタの長靴 (鑑定),+7,鑑定,942.0,OLD_REALM,2026-08-13
オペルタの長靴 (鑑定),+8,鑑定,1727.0,OLD_REALM,2026-08-13
オペルタの革ズボン (未鑑定),+0,未鑑定,175.84,OLD_REALM,2026-08-13
オペルタの革ズボン (鑑定),+0,鑑定,91.05999999999999,OLD_REALM,2026-08-13
オペルタの革ズボン (鑑定),+5,鑑定,785.0,OLD_REALM,2026-08-13
オペルタの革ズボン (鑑定),+6,鑑定,312.43,OLD_REALM,2026-08-13
オペルタの革ズボン (鑑定),+8,鑑定,1099.0,OLD_REALM,2026-08-13
カテノニスのサドル,+0,なし,1938.95,OLD_REALM,2026-08-13
ガルバのサドル,+0,なし,32.97,OLD_REALM,2026-08-13
クランシアのガントレット (未鑑定),+0,未鑑定,17.27,OLD_REALM,2026-08-13
クランシアのガントレット (鑑定),+0,鑑定,15.700000000000001,OLD_REALM,2026-08-13
クランシアのガントレット (鑑定),+5,鑑定,29.830000000000002,OLD_REALM,2026-08-13
クランシアのガントレット (鑑定),+6,鑑定,785.0,OLD_REALM,2026-08-13
クランシアのガントレット (鑑定),+7,鑑定,54.949999999999996,OLD_REALM,2026-08-13
クランシアのガントレット (鑑定),+8,鑑定,345.40000000000003,OLD_REALM,2026-08-13
クランシアのガントレット (鑑定),+9,鑑定,439.59999999999997,OLD_REALM,2026-08-13
クランシアのクロスボウ (未鑑定),+0,未鑑定,1224.6,OLD_REALM,2026-08-13
クランシアのグリーヴ (未鑑定),+0,未鑑定,1334.5,OLD_REALM,2026-08-13
クランシアのネックレス,+0,なし,722.1999999999999,OLD_REALM,2026-08-13
クランシアのネックレス,+15,なし,730.0500000000001,OLD_REALM,2026-08-13
クランシアのネックレス,+17,なし,1099.0,OLD_REALM,2026-08-13
クランシアのネックレス,+20,なし,3876.3300000000004,OLD_REALM,2026-08-13
クランシアのフード (未鑑定),+0,未鑑定,15.700000000000001,OLD_REALM,2026-08-13
クランシアのフード (鑑定),+0,鑑定,15.700000000000001,OLD_REALM,2026-08-13
クランシアのフード (鑑定),+5,鑑定,21.98,OLD_REALM,2026-08-13
クランシアのフード (鑑定),+6,鑑定,125.60000000000001,OLD_REALM,2026-08-13
クランシアのフード (鑑定),+8,鑑定,942.0,OLD_REALM,2026-08-13
クランシアのヘルム (未鑑定),+0,未鑑定,15.700000000000001,OLD_REALM,2026-08-13
クランシアのヘルム (鑑定),+0,鑑定,15.700000000000001,OLD_REALM,2026-08-13
クランシアのヘルム (鑑定),+10,鑑定,942.0,OLD_REALM,2026-08-13
クランシアのヘルム (鑑定),+5,鑑定,29.830000000000002,OLD_REALM,2026-08-13
クランシアのヘルム (鑑定),+6,鑑定,265.33,OLD_REALM,2026-08-13
クランシアのヘルム (鑑定),+7,鑑定,157.0,OLD_REALM,2026-08-13
クランシアのヘルム (鑑定),+8,鑑定,353.25,OLD_REALM,2026-08-13
クランシアのベスト (鑑定),+6,鑑定,2355.0,OLD_REALM,2026-08-13
クランシアのリング,+0,なし,94.2,OLD_REALM,2026-08-13
クランシアのリング,+16,なし,628.0,OLD_REALM,2026-08-13
クランシアのリング,+17,なし,489.84000000000003,OLD_REALM,2026-08-13
クランシアのリング,+19,なし,2355.0,OLD_REALM,2026-08-13
クランシアのローブ (未鑑定),+0,未鑑定,488.27,OLD_REALM,2026-08-13
クランシアのローブ (鑑定),+6,鑑定,951.42,OLD_REALM,2026-08-13
クランシアのローブ (鑑定),+9,鑑定,3454.0,OLD_REALM,2026-08-13
クランシアの剣/盾 (未鑑定),+0,未鑑定,737.9,OLD_REALM,2026-08-13
クランシアの剣/盾 (鑑定),+0,鑑定,825.8199999999999,OLD_REALM,2026-08-13
クランシアの剣/盾 (鑑定),+10,鑑定,4710.0,OLD_REALM,2026-08-13
クランシアの剣/盾 (鑑定),+12,鑑定,13345.0,OLD_REALM,2026-08-13
クランシアの剣/盾 (鑑定),+6,鑑定,1413.0,OLD_REALM,2026-08-13
クランシアの剣/盾 (鑑定),+7,鑑定,1099.0,OLD_REALM,2026-08-13
クランシアの剣/盾 (鑑定),+8,鑑定,1007.9399999999999,OLD_REALM,2026-08-13
クランシアの勇猛マント (未鑑定),+0,未鑑定,76.92999999999999,OLD_REALM,2026-08-13
クランシアの勇猛マント (鑑定),+3,鑑定,204.1,OLD_REALM,2026-08-13
クランシアの大剣 (未鑑定),+0,未鑑定,849.37,OLD_REALM,2026-08-13
クランシアの布ズボン (未鑑定),+0,未鑑定,381.51000000000005,OLD_REALM,2026-08-13
クランシアの布ズボン (鑑定),+6,鑑定,1099.0,OLD_REALM,2026-08-13
クランシアの帽子 (未鑑定),+0,未鑑定,741.04,OLD_REALM,2026-08-13
クランシアの帽子 (鑑定),+6,鑑定,1430.27,OLD_REALM,2026-08-13
クランシアの弓 (未鑑定),+0,未鑑定,1004.8000000000001,OLD_REALM,2026-08-13
クランシアの弓 (鑑定),+10,鑑定,4553.0,OLD_REALM,2026-08-13
クランシアの弓 (鑑定),+12,鑑定,11775.0,OLD_REALM,2026-08-13
クランシアの弓 (鑑定),+8,鑑定,785.0,OLD_REALM,2026-08-13
クランシアの戦棒 (未鑑定),+0,未鑑定,1006.37,OLD_REALM,2026-08-13
クランシアの戦棒 (鑑定),+7,鑑定,1359.6200000000001,OLD_REALM,2026-08-13
クランシアの戦棒 (鑑定),+8,鑑定,1538.6000000000001,OLD_REALM,2026-08-13
クランシアの戦棒 (鑑定),+9,鑑定,1570.0,OLD_REALM,2026-08-13
クランシアの戦闘マント (未鑑定),+0,未鑑定,146.01000000000002,OLD_REALM,2026-08-13
クランシアの戦闘盾 (未鑑定),+0,未鑑定,628.0,OLD_REALM,2026-08-13
クランシアの戦闘盾 (鑑定),+12,鑑定,10205.0,OLD_REALM,2026-08-13
クランシアの戦闘盾 (鑑定),+7,鑑定,549.5,OLD_REALM,2026-08-13
クランシアの手甲 (未鑑定),+0,未鑑定,15.700000000000001,OLD_REALM,2026-08-13
クランシアの手甲 (鑑定),+5,鑑定,78.5,OLD_REALM,2026-08-13
クランシアの手甲 (鑑定),+9,鑑定,1570.0,OLD_REALM,2026-08-13
クランシアの短剣 (未鑑定),+0,未鑑定,1051.9,OLD_REALM,2026-08-13
クランシアの短剣 (鑑定),+8,鑑定,1554.3,OLD_REALM,2026-08-13
クランシアの破壊マント (鑑定),+0,鑑定,122.46000000000001,OLD_REALM,2026-08-13
クランシアの破壊マント (鑑定),+1,鑑定,1560.58,OLD_REALM,2026-08-13
クランシアの破壊マント (鑑定),+6,鑑定,2747.5,OLD_REALM,2026-08-13
クランシアの籠手 (未鑑定),+0,未鑑定,169.56,OLD_REALM,2026-08-13
クランシアの籠手 (鑑定),+0,鑑定,257.47999999999996,OLD_REALM,2026-08-13
クランシアの籠手 (鑑定),+10,鑑定,1282.69,OLD_REALM,2026-08-13
クランシアの籠手 (鑑定),+7,鑑定,1256.0,OLD_REALM,2026-08-13
クランシアの籠手 (鑑定),+8,鑑定,568.34,OLD_REALM,2026-08-13
クランシアの精霊マント (未鑑定),+0,未鑑定,62.800000000000004,OLD_REALM,2026-08-13
クランシアの精霊マント (鑑定),+0,鑑定,314.0,OLD_REALM,2026-08-13
クランシアの精霊マント (鑑定),+3,鑑定,139.73,OLD_REALM,2026-08-13
クランシアの精霊マント (鑑定),+5,鑑定,706.5,OLD_REALM,2026-08-13
クランシアの革ズボン (未鑑定),+0,未鑑定,551.0699999999999,OLD_REALM,2026-08-13
クロスボウ：ハンターの証,+0,なし,7534.43,OLD_REALM,2026-08-13
クロスボウ：距離調節,+0,なし,15.700000000000001,OLD_REALM,2026-08-13
クロスボウ：鋭い矢,+0,なし,15.700000000000001,OLD_REALM,2026-08-13
グレイシスのサドル,+0,なし,447.45,OLD_REALM,2026-08-13
ケルサのサドル,+0,なし,42.39,OLD_REALM,2026-08-13
サイド：処刑準備,+0,なし,87.92,OLD_REALM,2026-08-13
サイド：魂の循環,+0,なし,141.3,OLD_REALM,2026-08-13
サイド：魔力反発,+0,なし,6278.43,OLD_REALM,2026-08-13
ジュピターのサドル,+0,なし,822.6800000000001,OLD_REALM,2026-08-13
セラドのガントレット (未鑑定),+0,未鑑定,15.700000000000001,OLD_REALM,2026-08-13
セラドのガントレット (鑑定),+0,鑑定,15.700000000000001,OLD_REALM,2026-08-13
セラドのガントレット (鑑定),+10,鑑定,314.0,OLD_REALM,2026-08-13
セラドのガントレット (鑑定),+11,鑑定,2009.6000000000001,OLD_REALM,2026-08-13
セラドのガントレット (鑑定),+5,鑑定,15.700000000000001,OLD_REALM,2026-08-13
セラドのガントレット (鑑定),+6,鑑定,18.84,OLD_REALM,2026-08-13
セラドのガントレット (鑑定),+7,鑑定,62.800000000000004,OLD_REALM,2026-08-13
セラドのガントレット (鑑定),+8,鑑定,122.46000000000001,OLD_REALM,2026-08-13
セラドのガントレット (鑑定),+9,鑑定,216.66,OLD_REALM,2026-08-13
セラドのクロスボウ (未鑑定),+0,未鑑定,116.17999999999999,OLD_REALM,2026-08-13
セラドのクロスボウ (鑑定),+0,鑑定,130.31,OLD_REALM,2026-08-13
セラドのクロスボウ (鑑定),+10,鑑定,942.0,OLD_REALM,2026-08-13
セラドのクロスボウ (鑑定),+12,鑑定,3140.0,OLD_REALM,2026-08-13
セラドのクロスボウ (鑑定),+7,鑑定,103.62,OLD_REALM,2026-08-13
セラドのクロスボウ (鑑定),+8,鑑定,785.0,OLD_REALM,2026-08-13
セラドのクロスボウ (鑑定),+9,鑑定,471.0,OLD_REALM,2026-08-13
セラドのグリーヴ (未鑑定),+0,未鑑定,15.700000000000001,OLD_REALM,2026-08-13
セラドのグリーヴ (鑑定),+0,鑑定,15.700000000000001,OLD_REALM,2026-08-13
セラドのグリーヴ (鑑定),+5,鑑定,15.700000000000001,OLD_REALM,2026-08-13
セラドのグローブ (未鑑定),+0,未鑑定,15.700000000000001,OLD_REALM,2026-08-13
セラドのグローブ (鑑定),+0,鑑定,15.700000000000001,OLD_REALM,2026-08-13
セラドのグローブ (鑑定),+10,鑑定,384.65000000000003,OLD_REALM,2026-08-13
セラドのグローブ (鑑定),+5,鑑定,15.700000000000001,OLD_REALM,2026-08-13
セラドのグローブ (鑑定),+6,鑑定,78.5,OLD_REALM,2026-08-13
セラドのグローブ (鑑定),+7,鑑定,157.0,OLD_REALM,2026-08-13
セラドのグローブ (鑑定),+8,鑑定,282.6,OLD_REALM,2026-08-13
セラドのサイド (未鑑定),+0,未鑑定,461.58,OLD_REALM,2026-08-13
セラドのサイド (鑑定),+0,鑑定,455.3,OLD_REALM,2026-08-13
セラドのサイド (鑑定),+10,鑑定,2826.0,OLD_REALM,2026-08-13
セラドのサイド (鑑定),+7,鑑定,863.5,OLD_REALM,2026-08-13
セラドのサイド (鑑定),+8,鑑定,1570.0,OLD_REALM,2026-08-13
セラドのサイド (鑑定),+9,鑑定,2317.32,OLD_REALM,2026-08-13
セラドのネックレス,+0,なし,204.1,OLD_REALM,2026-08-13
セラドのネックレス,+12,なし,1570.0,OLD_REALM,2026-08-13
セラドのネックレス,+14,なし,775.58,OLD_REALM,2026-08-13
セラドのネックレス,+15,なし,324.98999999999995,OLD_REALM,2026-08-13
セラドのネックレス,+17,なし,626.4300000000001,OLD_REALM,2026-08-13
セラドのネックレス,+18,なし,910.6,OLD_REALM,2026-08-13
セラドのネックレス,+2,なし,235.5,OLD_REALM,2026-08-13
セラドのネックレス,+20,なし,2581.0800000000004,OLD_REALM,2026-08-13
セラドのフード (鑑定),+0,鑑定,204.1,OLD_REALM,2026-08-13
セラドのフード (鑑定),+11,鑑定,871.35,OLD_REALM,2026-08-13
セラドのフード (鑑定),+5,鑑定,128.73999999999998,OLD_REALM,2026-08-13
セラドのヘルム (未鑑定),+0,未鑑定,15.700000000000001,OLD_REALM,2026-08-13
セラドのヘルム (鑑定),+0,鑑定,17.27,OLD_REALM,2026-08-13
セラドのヘルム (鑑定),+10,鑑定,1033.06,OLD_REALM,2026-08-13
セラドのヘルム (鑑定),+5,鑑定,17.27,OLD_REALM,2026-08-13
セラドのヘルム (鑑定),+6,鑑定,17.27,OLD_REALM,2026-08-13
セラドのヘルム (鑑定),+7,鑑定,157.0,OLD_REALM,2026-08-13
セラドのヘルム (鑑定),+8,鑑定,282.6,OLD_REALM,2026-08-13
セラドのヘルム (鑑定),+9,鑑定,455.3,OLD_REALM,2026-08-13
セラドのベスト (未鑑定),+0,未鑑定,15.700000000000001,OLD_REALM,2026-08-13
セラドのベスト (鑑定),+0,鑑定,15.700000000000001,OLD_REALM,2026-08-13
セラドのベスト (鑑定),+5,鑑定,15.700000000000001,OLD_REALM,2026-08-13
セラドのベスト (鑑定),+6,鑑定,64.36999999999999,OLD_REALM,2026-08-13
セラドのベスト (鑑定),+7,鑑定,76.92999999999999,OLD_REALM,2026-08-13
セラドのベスト (鑑定),+8,鑑定,141.3,OLD_REALM,2026-08-13
セラドのリング,+0,なし,50.24,OLD_REALM,2026-08-13
セラドのリング,+10,なし,117.75,OLD_REALM,2026-08-13
セラドのリング,+12,なし,139.73,OLD_REALM,2026-08-13
セラドのリング,+15,なし,157.0,OLD_REALM,2026-08-13
セラドのリング,+20,なし,3140.0,OLD_REALM,2026-08-13
セラドのレガース (未鑑定),+0,未鑑定,15.700000000000001,OLD_REALM,2026-08-13
セラドのレガース (鑑定),+0,鑑定,15.700000000000001,OLD_REALM,2026-08-13
セラドのレガース (鑑定),+10,鑑定,516.53,OLD_REALM,2026-08-13
セラドのレガース (鑑定),+5,鑑定,15.700000000000001,OLD_REALM,2026-08-13
セラドのレガース (鑑定),+6,鑑定,25.12,OLD_REALM,2026-08-13
セラドのレガース (鑑定),+7,鑑定,62.800000000000004,OLD_REALM,2026-08-13
セラドのレガース (鑑定),+8,鑑定,100.48,OLD_REALM,2026-08-13
セラドのローブ (未鑑定),+0,未鑑定,15.700000000000001,OLD_REALM,2026-08-13
セラドのローブ (鑑定),+0,鑑定,15.700000000000001,OLD_REALM,2026-08-13
セラドのローブ (鑑定),+10,鑑定,513.39,OLD_REALM,2026-08-13
セラドのローブ (鑑定),+5,鑑定,15.700000000000001,OLD_REALM,2026-08-13
セラドのローブ (鑑定),+6,鑑定,15.700000000000001,OLD_REALM,2026-08-13
セラドのローブ (鑑定),+7,鑑定,116.17999999999999,OLD_REALM,2026-08-13
セラドのローブ (鑑定),+8,鑑定,235.5,OLD_REALM,2026-08-13
セラドの剣/盾 (未鑑定),+0,未鑑定,128.73999999999998,OLD_REALM,2026-08-13
セラドの剣/盾 (鑑定),+0,鑑定,136.59,OLD_REALM,2026-08-13
セラドの剣/盾 (鑑定),+10,鑑定,706.5,OLD_REALM,2026-08-13
セラドの剣/盾 (鑑定),+12,鑑定,2198.0,OLD_REALM,2026-08-13
セラドの剣/盾 (鑑定),+7,鑑定,109.89999999999999,OLD_REALM,2026-08-13
セラドの剣/盾 (鑑定),+8,鑑定,329.7,OLD_REALM,2026-08-13
セラドの剣/盾 (鑑定),+9,鑑定,436.46,OLD_REALM,2026-08-13
セラドの勇猛マント (未鑑定),+0,未鑑定,45.529999999999994,OLD_REALM,2026-08-13
セラドの勇猛マント (鑑定),+0,鑑定,312.43,OLD_REALM,2026-08-13
セラドの勇猛マント (鑑定),+2,鑑定,392.5,OLD_REALM,2026-08-13
セラドの勇猛マント (鑑定),+5,鑑定,1538.6000000000001,OLD_REALM,2026-08-13
セラドの大剣 (未鑑定),+0,未鑑定,98.91,OLD_REALM,2026-08-13
セラドの大剣 (鑑定),+0,鑑定,102.05,OLD_REALM,2026-08-13
セラドの大剣 (鑑定),+10,鑑定,628.0,OLD_REALM,2026-08-13
セラドの大剣 (鑑定),+11,鑑定,1256.0,OLD_REALM,2026-08-13
セラドの大剣 (鑑定),+12,鑑定,1413.0,OLD_REALM,2026-08-13
セラドの大剣 (鑑定),+13,鑑定,7856.28,OLD_REALM,2026-08-13
セラドの大剣 (鑑定),+7,鑑定,204.1,OLD_REALM,2026-08-13
セラドの大剣 (鑑定),+8,鑑定,409.77,OLD_REALM,2026-08-13
セラドの大剣 (鑑定),+9,鑑定,455.3,OLD_REALM,2026-08-13
セラドの布ズボン (未鑑定),+0,未鑑定,15.700000000000001,OLD_REALM,2026-08-13
セラドの布ズボン (鑑定),+0,鑑定,15.700000000000001,OLD_REALM,2026-08-13
セラドの布ズボン (鑑定),+10,鑑定,332.84000000000003,OLD_REALM,2026-08-13
セラドの布ズボン (鑑定),+11,鑑定,1256.0,OLD_REALM,2026-08-13
セラドの布ズボン (鑑定),+5,鑑定,15.700000000000001,OLD_REALM,2026-08-13
セラドの布ズボン (鑑定),+6,鑑定,15.700000000000001,OLD_REALM,2026-08-13
セラドの布ズボン (鑑定),+7,鑑定,157.0,OLD_REALM,2026-08-13
セラドの布ズボン (鑑定),+8,鑑定,188.4,OLD_REALM,2026-08-13
セラドの布ズボン (鑑定),+9,鑑定,157.0,OLD_REALM,2026-08-13
セラドの帽子 (未鑑定),+0,未鑑定,15.700000000000001,OLD_REALM,2026-08-13
セラドの帽子 (鑑定),+0,鑑定,15.700000000000001,OLD_REALM,2026-08-13
セラドの帽子 (鑑定),+10,鑑定,188.4,OLD_REALM,2026-08-13
セラドの帽子 (鑑定),+11,鑑定,894.9,OLD_REALM,2026-08-13
セラドの帽子 (鑑定),+5,鑑定,15.700000000000001,OLD_REALM,2026-08-13
セラドの帽子 (鑑定),+6,鑑定,37.68,OLD_REALM,2026-08-13
セラドの帽子 (鑑定),+7,鑑定,157.0,OLD_REALM,2026-08-13
セラドの帽子 (鑑定),+8,鑑定,282.6,OLD_REALM,2026-08-13
セラドの弓 (未鑑定),+0,未鑑定,232.35999999999999,OLD_REALM,2026-08-13
セラドの弓 (鑑定),+0,鑑定,227.65,OLD_REALM,2026-08-13
セラドの弓 (鑑定),+10,鑑定,942.0,OLD_REALM,2026-08-13
セラドの弓 (鑑定),+11,鑑定,3205.94,OLD_REALM,2026-08-13
セラドの弓 (鑑定),+12,鑑定,3848.07,OLD_REALM,2026-08-13
セラドの弓 (鑑定),+7,鑑定,233.93,OLD_REALM,2026-08-13
セラドの弓 (鑑定),+8,鑑定,471.0,OLD_REALM,2026-08-13
セラドの弓 (鑑定),+9,鑑定,690.8000000000001,OLD_REALM,2026-08-13
セラドの戦棒 (未鑑定),+0,未鑑定,303.01,OLD_REALM,2026-08-13
セラドの戦棒 (鑑定),+0,鑑定,306.15,OLD_REALM,2026-08-13
セラドの戦棒 (鑑定),+10,鑑定,1171.22,OLD_REALM,2026-08-13
セラドの戦棒 (鑑定),+12,鑑定,3140.0,OLD_REALM,2026-08-13
セラドの戦棒 (鑑定),+6,鑑定,471.0,OLD_REALM,2026-08-13
セラドの戦棒 (鑑定),+7,鑑定,329.7,OLD_REALM,2026-08-13
セラドの戦棒 (鑑定),+8,鑑定,1224.6,OLD_REALM,2026-08-13
セラドの戦棒 (鑑定),+9,鑑定,800.6999999999999,OLD_REALM,2026-08-13
セラドの戦闘マント (未鑑定),+0,未鑑定,58.089999999999996,OLD_REALM,2026-08-13
セラドの戦闘マント (鑑定),+5,鑑定,3874.7599999999998,OLD_REALM,2026-08-13
セラドの戦闘盾 (未鑑定),+0,未鑑定,103.62,OLD_REALM,2026-08-13
セラドの戦闘盾 (鑑定),+0,鑑定,216.66,OLD_REALM,2026-08-13
セラドの戦闘盾 (鑑定),+10,鑑定,904.3199999999999,OLD_REALM,2026-08-13
セラドの戦闘盾 (鑑定),+12,鑑定,2855.8300000000004,OLD_REALM,2026-08-13
セラドの戦闘盾 (鑑定),+6,鑑定,785.0,OLD_REALM,2026-08-13
セラドの戦闘盾 (鑑定),+7,鑑定,516.53,OLD_REALM,2026-08-13
セラドの戦闘盾 (鑑定),+8,鑑定,439.59999999999997,OLD_REALM,2026-08-13
セラドの手甲 (未鑑定),+0,未鑑定,15.700000000000001,OLD_REALM,2026-08-13
セラドの手甲 (鑑定),+0,鑑定,15.700000000000001,OLD_REALM,2026-08-13
セラドの手甲 (鑑定),+10,鑑定,400.34999999999997,OLD_REALM,2026-08-13
セラドの手甲 (鑑定),+5,鑑定,48.67,OLD_REALM,2026-08-13
セラドの手甲 (鑑定),+6,鑑定,45.529999999999994,OLD_REALM,2026-08-13
セラドの手甲 (鑑定),+7,鑑定,157.0,OLD_REALM,2026-08-13
セラドの手甲 (鑑定),+8,鑑定,329.7,OLD_REALM,2026-08-13
セラドの杖 (未鑑定),+0,未鑑定,139.73,OLD_REALM,2026-08-13
セラドの杖 (鑑定),+0,鑑定,139.73,OLD_REALM,2026-08-13
セラドの杖 (鑑定),+10,鑑定,612.3,OLD_REALM,2026-08-13
セラドの杖 (鑑定),+12,鑑定,1884.0,OLD_REALM,2026-08-13
セラドの杖 (鑑定),+13,鑑定,8635.0,OLD_REALM,2026-08-13
セラドの杖 (鑑定),+6,鑑定,361.09999999999997,OLD_REALM,2026-08-13
セラドの杖 (鑑定),+7,鑑定,138.16,OLD_REALM,2026-08-13
セラドの杖 (鑑定),+8,鑑定,471.0,OLD_REALM,2026-08-13
セラドの杖 (鑑定),+9,鑑定,769.3000000000001,OLD_REALM,2026-08-13
セラドの短剣 (未鑑定),+0,未鑑定,155.43,OLD_REALM,2026-08-13
セラドの短剣 (鑑定),+0,鑑定,359.53000000000003,OLD_REALM,2026-08-13
セラドの短剣 (鑑定),+10,鑑定,863.5,OLD_REALM,2026-08-13
セラドの短剣 (鑑定),+11,鑑定,2328.31,OLD_REALM,2026-08-13
セラドの短剣 (鑑定),+12,鑑定,2711.39,OLD_REALM,2026-08-13
セラドの短剣 (鑑定),+7,鑑定,182.11999999999998,OLD_REALM,2026-08-13
セラドの短剣 (鑑定),+8,鑑定,527.52,OLD_REALM,2026-08-13
セラドの短剣 (鑑定),+9,鑑定,989.1,OLD_REALM,2026-08-13
セラドの短靴 (未鑑定),+0,未鑑定,15.700000000000001,OLD_REALM,2026-08-13
セラドの短靴 (鑑定),+0,鑑定,15.700000000000001,OLD_REALM,2026-08-13
セラドの短靴 (鑑定),+10,鑑定,384.65000000000003,OLD_REALM,2026-08-13
セラドの短靴 (鑑定),+5,鑑定,15.700000000000001,OLD_REALM,2026-08-13
セラドの短靴 (鑑定),+6,鑑定,15.700000000000001,OLD_REALM,2026-08-13
セラドの短靴 (鑑定),+7,鑑定,394.07,OLD_REALM,2026-08-13
セラドの短靴 (鑑定),+8,鑑定,345.40000000000003,OLD_REALM,2026-08-13
セラドの短靴 (鑑定),+9,鑑定,706.5,OLD_REALM,2026-08-13
セラドの破壊マント (鑑定),+0,鑑定,452.15999999999997,OLD_REALM,2026-08-13
セラドの籠手 (未鑑定),+0,未鑑定,75.36,OLD_REALM,2026-08-13
セラドの籠手 (鑑定),+0,鑑定,102.05,OLD_REALM,2026-08-13
セラドの籠手 (鑑定),+10,鑑定,549.5,OLD_REALM,2026-08-13
セラドの籠手 (鑑定),+12,鑑定,1334.5,OLD_REALM,2026-08-13
セラドの籠手 (鑑定),+7,鑑定,75.36,OLD_REALM,2026-08-13
セラドの籠手 (鑑定),+8,鑑定,257.47999999999996,OLD_REALM,2026-08-13
セラドの籠手 (鑑定),+9,鑑定,533.8,OLD_REALM,2026-08-13
セラドの精霊マント (未鑑定),+0,未鑑定,31.400000000000002,OLD_REALM,2026-08-13
セラドの精霊マント (鑑定),+2,鑑定,544.7900000000001,OLD_REALM,2026-08-13
セラドの鎧 (未鑑定),+0,未鑑定,15.700000000000001,OLD_REALM,2026-08-13
セラドの鎧 (鑑定),+0,鑑定,15.700000000000001,OLD_REALM,2026-08-13
セラドの鎧 (鑑定),+5,鑑定,15.700000000000001,OLD_REALM,2026-08-13
セラドの鎧 (鑑定),+6,鑑定,23.55,OLD_REALM,2026-08-13
セラドの鎧 (鑑定),+7,鑑定,78.5,OLD_REALM,2026-08-13
セラドの鎧 (鑑定),+8,鑑定,244.92000000000002,OLD_REALM,2026-08-13
セラドの長靴 (未鑑定),+0,未鑑定,15.700000000000001,OLD_REALM,2026-08-13
セラドの長靴 (鑑定),+0,鑑定,15.700000000000001,OLD_REALM,2026-08-13
セラドの長靴 (鑑定),+10,鑑定,235.5,OLD_REALM,2026-08-13
セラドの長靴 (鑑定),+11,鑑定,549.5,OLD_REALM,2026-08-13
セラドの長靴 (鑑定),+5,鑑定,15.700000000000001,OLD_REALM,2026-08-13
セラドの長靴 (鑑定),+6,鑑定,18.84,OLD_REALM,2026-08-13
セラドの長靴 (鑑定),+7,鑑定,157.0,OLD_REALM,2026-08-13
セラドの長靴 (鑑定),+8,鑑定,293.59000000000003,OLD_REALM,2026-08-13
セラドの長靴 (鑑定),+9,鑑定,188.4,OLD_REALM,2026-08-13
セラドの革ズボン (未鑑定),+0,未鑑定,15.700000000000001,OLD_REALM,2026-08-13
セラドの革ズボン (鑑定),+0,鑑定,15.700000000000001,OLD_REALM,2026-08-13
セラドの革ズボン (鑑定),+13,鑑定,942.0,OLD_REALM,2026-08-13
セラドの革ズボン (鑑定),+5,鑑定,15.700000000000001,OLD_REALM,2026-08-13
セラドの革ズボン (鑑定),+6,鑑定,31.400000000000002,OLD_REALM,2026-08-13
セラドの革ズボン (鑑定),+7,鑑定,157.0,OLD_REALM,2026-08-13
セラドの革ズボン (鑑定),+8,鑑定,109.89999999999999,OLD_REALM,2026-08-13
セラドの革ズボン (鑑定),+9,鑑定,486.7,OLD_REALM,2026-08-13
セルスのガントレット (未鑑定),+0,未鑑定,73.78999999999999,OLD_REALM,2026-08-13
セルスのガントレット (鑑定),+0,鑑定,47.1,OLD_REALM,2026-08-13
セルスのガントレット (鑑定),+10,鑑定,3140.0,OLD_REALM,2026-08-13
セルスのガントレット (鑑定),+4,鑑定,188.4,OLD_REALM,2026-08-13
セルスのガントレット (鑑定),+5,鑑定,45.529999999999994,OLD_REALM,2026-08-13
セルスのガントレット (鑑定),+6,鑑定,136.59,OLD_REALM,2026-08-13
セルスのガントレット (鑑定),+7,鑑定,271.61,OLD_REALM,2026-08-13
セルスのガントレット (鑑定),+8,鑑定,427.04,OLD_REALM,2026-08-13
セルスのガントレット (鑑定),+9,鑑定,1855.74,OLD_REALM,2026-08-13
セルスのクロスボウ (鑑定),+0,鑑定,23250.13,OLD_REALM,2026-08-13
セルスのクロスボウ (鑑定),+10,鑑定,23896.97,OLD_REALM,2026-08-13
セルスのクロスボウ (鑑定),+8,鑑定,15393.85,OLD_REALM,2026-08-13
セルスのクロスボウ (鑑定),+9,鑑定,20827.62,OLD_REALM,2026-08-13
セルスのグリーヴ (未鑑定),+0,未鑑定,98.91,OLD_REALM,2026-08-13
セルスのグリーヴ (鑑定),+0,鑑定,73.78999999999999,OLD_REALM,2026-08-13
セルスのグリーヴ (鑑定),+4,鑑定,962.41,OLD_REALM,2026-08-13
セルスのグリーヴ (鑑定),+5,鑑定,204.1,OLD_REALM,2026-08-13
セルスのグリーヴ (鑑定),+6,鑑定,188.4,OLD_REALM,2026-08-13
セルスのグリーヴ (鑑定),+7,鑑定,392.5,OLD_REALM,2026-08-13
セルスのグリーヴ (鑑定),+8,鑑定,309.29,OLD_REALM,2026-08-13
セルスのグリーヴ (鑑定),+9,鑑定,1549.59,OLD_REALM,2026-08-13
セルスのグローブ (未鑑定),+0,未鑑定,314.0,OLD_REALM,2026-08-13
セルスのグローブ (鑑定),+0,鑑定,249.63000000000002,OLD_REALM,2026-08-13
セルスのグローブ (鑑定),+4,鑑定,486.7,OLD_REALM,2026-08-13
セルスのグローブ (鑑定),+5,鑑定,649.9799999999999,OLD_REALM,2026-08-13
セルスのグローブ (鑑定),+6,鑑定,361.09999999999997,OLD_REALM,2026-08-13
セルスのグローブ (鑑定),+7,鑑定,1290.5400000000002,OLD_REALM,2026-08-13
セルスのグローブ (鑑定),+8,鑑定,1570.0,OLD_REALM,2026-08-13
セルスのグローブ (鑑定),+9,鑑定,4082.0,OLD_REALM,2026-08-13
セルスのサイド (未鑑定),+0,未鑑定,22691.21,OLD_REALM,2026-08-13
セルスのサイド (鑑定),+10,鑑定,51313.88,OLD_REALM,2026-08-13
セルスのサイド (鑑定),+7,鑑定,33354.65,OLD_REALM,2026-08-13
セルスのサイド (鑑定),+8,鑑定,20782.09,OLD_REALM,2026-08-13
セルスのサイド (鑑定),+9,鑑定,90370.77,OLD_REALM,2026-08-13
セルスのネックレス,+0,なし,8978.83,OLD_REALM,2026-08-13
セルスのネックレス,+12,なし,9420.0,OLD_REALM,2026-08-13
セルスのネックレス,+16,なし,31400.0,OLD_REALM,2026-08-13
セルスのネックレス,+17,なし,14915.0,OLD_REALM,2026-08-13
セルスのネックレス,+20,なし,62800.0,OLD_REALM,2026-08-13
セルスのフード (未鑑定),+0,未鑑定,180.54999999999998,OLD_REALM,2026-08-13
セルスのフード (鑑定),+0,鑑定,113.03999999999999,OLD_REALM,2026-08-13
セルスのフード (鑑定),+5,鑑定,124.03,OLD_REALM,2026-08-13
セルスのフード (鑑定),+6,鑑定,486.7,OLD_REALM,2026-08-13
セルスのフード (鑑定),+7,鑑定,612.3,OLD_REALM,2026-08-13
セルスのフード (鑑定),+8,鑑定,942.0,OLD_REALM,2026-08-13
セルスのヘルム (未鑑定),+0,未鑑定,72.22,OLD_REALM,2026-08-13
セルスのヘルム (鑑定),+0,鑑定,50.24,OLD_REALM,2026-08-13
セルスのヘルム (鑑定),+10,鑑定,1570.0,OLD_REALM,2026-08-13
セルスのヘルム (鑑定),+4,鑑定,246.49,OLD_REALM,2026-08-13
セルスのヘルム (鑑定),+5,鑑定,48.67,OLD_REALM,2026-08-13
セルスのヘルム (鑑定),+6,鑑定,128.73999999999998,OLD_REALM,2026-08-13
セルスのヘルム (鑑定),+7,鑑定,251.20000000000002,OLD_REALM,2026-08-13
セルスのヘルム (鑑定),+8,鑑定,628.0,OLD_REALM,2026-08-13
セルスのヘルム (鑑定),+9,鑑定,896.47,OLD_REALM,2026-08-13
セルスのベスト (未鑑定),+0,未鑑定,114.61,OLD_REALM,2026-08-13
セルスのベスト (鑑定),+0,鑑定,89.49,OLD_REALM,2026-08-13
セルスのベスト (鑑定),+10,鑑定,6554.75,OLD_REALM,2026-08-13
セルスのベスト (鑑定),+5,鑑定,298.3,OLD_REALM,2026-08-13
セルスのベスト (鑑定),+6,鑑定,204.1,OLD_REALM,2026-08-13
セルスのベスト (鑑定),+7,鑑定,916.88,OLD_REALM,2026-08-13
セルスのベスト (鑑定),+8,鑑定,763.0200000000001,OLD_REALM,2026-08-13
セルスのベスト (鑑定),+9,鑑定,1381.6000000000001,OLD_REALM,2026-08-13
セルスのリング,+0,なし,1705.02,OLD_REALM,2026-08-13
セルスのレガース (未鑑定),+0,未鑑定,67.51,OLD_REALM,2026-08-13
セルスのレガース (鑑定),+0,鑑定,62.800000000000004,OLD_REALM,2026-08-13
セルスのレガース (鑑定),+11,鑑定,4710.0,OLD_REALM,2026-08-13
セルスのレガース (鑑定),+4,鑑定,78.5,OLD_REALM,2026-08-13
セルスのレガース (鑑定),+5,鑑定,64.36999999999999,OLD_REALM,2026-08-13
セルスのレガース (鑑定),+6,鑑定,113.03999999999999,OLD_REALM,2026-08-13
セルスのレガース (鑑定),+7,鑑定,314.0,OLD_REALM,2026-08-13
セルスのレガース (鑑定),+8,鑑定,386.21999999999997,OLD_REALM,2026-08-13
セルスのレガース (鑑定),+9,鑑定,2333.02,OLD_REALM,2026-08-13
セルスのローブ (未鑑定),+0,未鑑定,111.47,OLD_REALM,2026-08-13
セルスのローブ (鑑定),+0,鑑定,100.48,OLD_REALM,2026-08-13
セルスのローブ (鑑定),+5,鑑定,124.03,OLD_REALM,2026-08-13
セルスのローブ (鑑定),+6,鑑定,235.5,OLD_REALM,2026-08-13
セルスのローブ (鑑定),+7,鑑定,549.5,OLD_REALM,2026-08-13
セルスのローブ (鑑定),+8,鑑定,1020.5,OLD_REALM,2026-08-13
セルスのローブ (鑑定),+9,鑑定,1219.8899999999999,OLD_REALM,2026-08-13
セルスの剣/盾 (未鑑定),+0,未鑑定,14951.11,OLD_REALM,2026-08-13
セルスの剣/盾 (鑑定),+10,鑑定,21428.93,OLD_REALM,2026-08-13
セルスの剣/盾 (鑑定),+8,鑑定,9749.7,OLD_REALM,2026-08-13
セルスの剣/盾 (鑑定),+9,鑑定,15499.039999999999,OLD_REALM,2026-08-13
セルスの勇猛マント (鑑定),+2,鑑定,1417.7099999999998,OLD_REALM,2026-08-13
セルスの勇猛マント (鑑定),+3,鑑定,3334.68,OLD_REALM,2026-08-13
セルスの大剣 (未鑑定),+0,未鑑定,9873.73,OLD_REALM,2026-08-13
セルスの大剣 (鑑定),+10,鑑定,14915.0,OLD_REALM,2026-08-13
セルスの大剣 (鑑定),+8,鑑定,14257.17,OLD_REALM,2026-08-13
セルスの大剣 (鑑定),+9,鑑定,24116.77,OLD_REALM,2026-08-13
セルスの布ズボン (未鑑定),+0,未鑑定,59.660000000000004,OLD_REALM,2026-08-13
セルスの布ズボン (鑑定),+0,鑑定,54.949999999999996,OLD_REALM,2026-08-13
セルスの布ズボン (鑑定),+10,鑑定,1489.93,OLD_REALM,2026-08-13
セルスの布ズボン (鑑定),+4,鑑定,65.94,OLD_REALM,2026-08-13
セルスの布ズボン (鑑定),+5,鑑定,48.67,OLD_REALM,2026-08-13
セルスの布ズボン (鑑定),+6,鑑定,51.81,OLD_REALM,2026-08-13
セルスの布ズボン (鑑定),+7,鑑定,312.43,OLD_REALM,2026-08-13
セルスの布ズボン (鑑定),+8,鑑定,235.5,OLD_REALM,2026-08-13
セルスの布ズボン (鑑定),+9,鑑定,1256.0,OLD_REALM,2026-08-13
セルスの帽子 (未鑑定),+0,未鑑定,92.63,OLD_REALM,2026-08-13
セルスの帽子 (鑑定),+0,鑑定,54.949999999999996,OLD_REALM,2026-08-13
セルスの帽子 (鑑定),+4,鑑定,204.1,OLD_REALM,2026-08-13
セルスの帽子 (鑑定),+5,鑑定,235.5,OLD_REALM,2026-08-13
セルスの帽子 (鑑定),+6,鑑定,62.800000000000004,OLD_REALM,2026-08-13
セルスの帽子 (鑑定),+7,鑑定,219.79999999999998,OLD_REALM,2026-08-13
セルスの帽子 (鑑定),+8,鑑定,376.8,OLD_REALM,2026-08-13
セルスの帽子 (鑑定),+9,鑑定,568.34,OLD_REALM,2026-08-13
セルスの弓 (未鑑定),+0,未鑑定,14444.0,OLD_REALM,2026-08-13
セルスの弓 (鑑定),+10,鑑定,29045.0,OLD_REALM,2026-08-13
セルスの弓 (鑑定),+8,鑑定,12545.869999999999,OLD_REALM,2026-08-13
セルスの弓 (鑑定),+9,鑑定,28260.0,OLD_REALM,2026-08-13
セルスの戦棒 (未鑑定),+0,未鑑定,17270.0,OLD_REALM,2026-08-13
セルスの戦棒 (鑑定),+10,鑑定,23257.98,OLD_REALM,2026-08-13
セルスの戦棒 (鑑定),+8,鑑定,15700.0,OLD_REALM,2026-08-13
セルスの戦闘マント (鑑定),+0,鑑定,3058.36,OLD_REALM,2026-08-13
セルスの戦闘マント (鑑定),+2,鑑定,2986.14,OLD_REALM,2026-08-13
セルスの戦闘盾 (未鑑定),+0,未鑑定,10862.83,OLD_REALM,2026-08-13
セルスの戦闘盾 (鑑定),+10,鑑定,16711.079999999998,OLD_REALM,2026-08-13
セルスの戦闘盾 (鑑定),+8,鑑定,9708.880000000001,OLD_REALM,2026-08-13
セルスの手甲 (未鑑定),+0,未鑑定,114.61,OLD_REALM,2026-08-13
セルスの手甲 (鑑定),+0,鑑定,50.24,OLD_REALM,2026-08-13
セルスの手甲 (鑑定),+10,鑑定,4601.67,OLD_REALM,2026-08-13
セルスの手甲 (鑑定),+4,鑑定,645.2700000000001,OLD_REALM,2026-08-13
セルスの手甲 (鑑定),+5,鑑定,94.2,OLD_REALM,2026-08-13
セルスの手甲 (鑑定),+6,鑑定,78.5,OLD_REALM,2026-08-13
セルスの手甲 (鑑定),+7,鑑定,157.0,OLD_REALM,2026-08-13
セルスの手甲 (鑑定),+8,鑑定,334.40999999999997,OLD_REALM,2026-08-13
セルスの手甲 (鑑定),+9,鑑定,612.3,OLD_REALM,2026-08-13
セルスの杖 (未鑑定),+0,未鑑定,7696.14,OLD_REALM,2026-08-13
セルスの杖 (鑑定),+0,鑑定,21980.0,OLD_REALM,2026-08-13
セルスの杖 (鑑定),+10,鑑定,11344.820000000002,OLD_REALM,2026-08-13
セルスの杖 (鑑定),+8,鑑定,8978.83,OLD_REALM,2026-08-13
セルスの杖 (鑑定),+9,鑑定,13412.51,OLD_REALM,2026-08-13
セルスの短剣 (鑑定),+10,鑑定,20410.0,OLD_REALM,2026-08-13
セルスの短剣 (鑑定),+8,鑑定,13244.52,OLD_REALM,2026-08-13
セルスの短靴 (未鑑定),+0,未鑑定,189.97,OLD_REALM,2026-08-13
セルスの短靴 (鑑定),+0,鑑定,131.88,OLD_REALM,2026-08-13
セルスの短靴 (鑑定),+5,鑑定,453.73,OLD_REALM,2026-08-13
セルスの短靴 (鑑定),+6,鑑定,157.0,OLD_REALM,2026-08-13
セルスの短靴 (鑑定),+7,鑑定,412.90999999999997,OLD_REALM,2026-08-13
セルスの短靴 (鑑定),+8,鑑定,626.4300000000001,OLD_REALM,2026-08-13
セルスの破壊マント (未鑑定),+0,未鑑定,3140.0,OLD_REALM,2026-08-13
セルスの破壊マント (鑑定),+2,鑑定,12825.33,OLD_REALM,2026-08-13
セルスの籠手 (未鑑定),+0,未鑑定,3885.75,OLD_REALM,2026-08-13
セルスの籠手 (鑑定),+8,鑑定,6729.0199999999995,OLD_REALM,2026-08-13
セルスの鎧 (未鑑定),+0,未鑑定,61.230000000000004,OLD_REALM,2026-08-13
セルスの鎧 (鑑定),+0,鑑定,51.81,OLD_REALM,2026-08-13
セルスの鎧 (鑑定),+10,鑑定,1727.0,OLD_REALM,2026-08-13
セルスの鎧 (鑑定),+4,鑑定,62.800000000000004,OLD_REALM,2026-08-13
セルスの鎧 (鑑定),+5,鑑定,45.529999999999994,OLD_REALM,2026-08-13
セルスの鎧 (鑑定),+6,鑑定,127.17,OLD_REALM,2026-08-13
セルスの鎧 (鑑定),+7,鑑定,284.17,OLD_REALM,2026-08-13
セルスの鎧 (鑑定),+8,鑑定,563.63,OLD_REALM,2026-08-13
セルスの鎧 (鑑定),+9,鑑定,863.5,OLD_REALM,2026-08-13
セルスの長靴 (未鑑定),+0,未鑑定,98.91,OLD_REALM,2026-08-13
セルスの長靴 (鑑定),+0,鑑定,40.82,OLD_REALM,2026-08-13
セルスの長靴 (鑑定),+10,鑑定,3925.0,OLD_REALM,2026-08-13
セルスの長靴 (鑑定),+5,鑑定,64.36999999999999,OLD_REALM,2026-08-13
セルスの長靴 (鑑定),+6,鑑定,139.73,OLD_REALM,2026-08-13
セルスの長靴 (鑑定),+7,鑑定,233.93,OLD_REALM,2026-08-13
セルスの長靴 (鑑定),+8,鑑定,307.71999999999997,OLD_REALM,2026-08-13
セルスの長靴 (鑑定),+9,鑑定,942.0,OLD_REALM,2026-08-13
セルスの革ズボン (未鑑定),+0,未鑑定,119.32000000000001,OLD_REALM,2026-08-13
セルスの革ズボン (鑑定),+0,鑑定,83.21000000000001,OLD_REALM,2026-08-13
セルスの革ズボン (鑑定),+5,鑑定,166.42000000000002,OLD_REALM,2026-08-13
セルスの革ズボン (鑑定),+6,鑑定,332.84000000000003,OLD_REALM,2026-08-13
セルスの革ズボン (鑑定),+7,鑑定,715.92,OLD_REALM,2026-08-13
セルスの革ズボン (鑑定),+8,鑑定,475.71,OLD_REALM,2026-08-13
セルスの革ズボン (鑑定),+9,鑑定,1020.5,OLD_REALM,2026-08-13
セルビスのガントレット (未鑑定),+0,未鑑定,15.700000000000001,OLD_REALM,2026-08-13
セルビスのガントレット (鑑定),+0,鑑定,15.700000000000001,OLD_REALM,2026-08-13
セルビスのガントレット (鑑定),+10,鑑定,172.70000000000002,OLD_REALM,2026-08-13
セルビスのガントレット (鑑定),+12,鑑定,4840.3099999999995,OLD_REALM,2026-08-13
セルビスのガントレット (鑑定),+5,鑑定,15.700000000000001,OLD_REALM,2026-08-13
セルビスのガントレット (鑑定),+6,鑑定,32.97,OLD_REALM,2026-08-13
セルビスのガントレット (鑑定),+7,鑑定,235.5,OLD_REALM,2026-08-13
セルビスのガントレット (鑑定),+8,鑑定,157.0,OLD_REALM,2026-08-13
セルビスのガントレット (鑑定),+9,鑑定,219.79999999999998,OLD_REALM,2026-08-13
セルビスのクロスボウ (未鑑定),+0,未鑑定,1089.5800000000002,OLD_REALM,2026-08-13
セルビスのクロスボウ (鑑定),+12,鑑定,2323.6,OLD_REALM,2026-08-13
セルビスのクロスボウ (鑑定),+6,鑑定,1020.5,OLD_REALM,2026-08-13
セルビスのクロスボウ (鑑定),+7,鑑定,952.99,OLD_REALM,2026-08-13
セルビスのクロスボウ (鑑定),+8,鑑定,1097.43,OLD_REALM,2026-08-13
セルビスのグリーヴ (鑑定),+0,鑑定,28.259999999999998,OLD_REALM,2026-08-13
セルビスのグリーヴ (鑑定),+5,鑑定,127.17,OLD_REALM,2026-08-13
セルビスのグリーヴ (鑑定),+6,鑑定,314.0,OLD_REALM,2026-08-13
セルビスのグリーヴ (鑑定),+8,鑑定,157.0,OLD_REALM,2026-08-13
セルビスのグリーヴ (鑑定),+9,鑑定,430.18,OLD_REALM,2026-08-13
セルビスのグローブ (未鑑定),+0,未鑑定,76.92999999999999,OLD_REALM,2026-08-13
セルビスのグローブ (鑑定),+0,鑑定,138.16,OLD_REALM,2026-08-13
セルビスのグローブ (鑑定),+10,鑑定,314.0,OLD_REALM,2026-08-13
セルビスのグローブ (鑑定),+5,鑑定,138.16,OLD_REALM,2026-08-13
セルビスのグローブ (鑑定),+6,鑑定,157.0,OLD_REALM,2026-08-13
セルビスのグローブ (鑑定),+8,鑑定,345.40000000000003,OLD_REALM,2026-08-13
セルビスのグローブ (鑑定),+9,鑑定,420.76000000000005,OLD_REALM,2026-08-13
セルビスのサイド (未鑑定),+0,未鑑定,624.86,OLD_REALM,2026-08-13
セルビスのサイド (鑑定),+0,鑑定,942.0,OLD_REALM,2026-08-13
セルビスのサイド (鑑定),+10,鑑定,3816.6699999999996,OLD_REALM,2026-08-13
セルビスのサイド (鑑定),+12,鑑定,6437.0,OLD_REALM,2026-08-13
セルビスのサイド (鑑定),+7,鑑定,3078.77,OLD_REALM,2026-08-13
セルビスのサイド (鑑定),+8,鑑定,1020.5,OLD_REALM,2026-08-13
セルビスのサイド (鑑定),+9,鑑定,2512.0,OLD_REALM,2026-08-13
セルビスのネックレス,+0,なし,124.03,OLD_REALM,2026-08-13
セルビスのネックレス,+12,なし,392.5,OLD_REALM,2026-08-13
セルビスのネックレス,+13,なし,766.16,OLD_REALM,2026-08-13
セルビスのネックレス,+14,なし,392.5,OLD_REALM,2026-08-13
セルビスのネックレス,+15,なし,392.5,OLD_REALM,2026-08-13
セルビスのネックレス,+17,なし,557.35,OLD_REALM,2026-08-13
セルビスのネックレス,+18,なし,706.5,OLD_REALM,2026-08-13
セルビスのネックレス,+19,なし,1554.3,OLD_REALM,2026-08-13
セルビスのネックレス,+20,なし,2433.5,OLD_REALM,2026-08-13
セルビスのフード (未鑑定),+0,未鑑定,15.700000000000001,OLD_REALM,2026-08-13
セルビスのフード (鑑定),+0,鑑定,42.39,OLD_REALM,2026-08-13
セルビスのフード (鑑定),+5,鑑定,128.73999999999998,OLD_REALM,2026-08-13
セルビスのフード (鑑定),+6,鑑定,257.47999999999996,OLD_REALM,2026-08-13
セルビスのフード (鑑定),+7,鑑定,310.86,OLD_REALM,2026-08-13
セルビスのフード (鑑定),+8,鑑定,617.01,OLD_REALM,2026-08-13
セルビスのヘルム (未鑑定),+0,未鑑定,15.700000000000001,OLD_REALM,2026-08-13
セルビスのヘルム (鑑定),+0,鑑定,15.700000000000001,OLD_REALM,2026-08-13
セルビスのヘルム (鑑定),+10,鑑定,549.5,OLD_REALM,2026-08-13
セルビスのヘルム (鑑定),+5,鑑定,15.700000000000001,OLD_REALM,2026-08-13
セルビスのヘルム (鑑定),+6,鑑定,78.5,OLD_REALM,2026-08-13
セルビスのヘルム (鑑定),+7,鑑定,392.5,OLD_REALM,2026-08-13
セルビスのヘルム (鑑定),+8,鑑定,180.54999999999998,OLD_REALM,2026-08-13
セルビスのヘルム (鑑定),+9,鑑定,471.0,OLD_REALM,2026-08-13
セルビスのベスト (未鑑定),+0,未鑑定,15.700000000000001,OLD_REALM,2026-08-13
セルビスのベスト (鑑定),+0,鑑定,15.700000000000001,OLD_REALM,2026-08-13
セルビスのベスト (鑑定),+5,鑑定,21.98,OLD_REALM,2026-08-13
セルビスのベスト (鑑定),+6,鑑定,83.21000000000001,OLD_REALM,2026-08-13
セルビスのベスト (鑑定),+7,鑑定,392.5,OLD_REALM,2026-08-13
セルビスのベスト (鑑定),+8,鑑定,163.28,OLD_REALM,2026-08-13
セルビスのベスト (鑑定),+9,鑑定,257.47999999999996,OLD_REALM,2026-08-13
セルビスのリング,+0,なし,45.529999999999994,OLD_REALM,2026-08-13
セルビスのリング,+12,なし,282.6,OLD_REALM,2026-08-13
セルビスのリング,+15,なし,785.0,OLD_REALM,2026-08-13
セルビスのリング,+17,なし,244.92000000000002,OLD_REALM,2026-08-13
セルビスのレガース (未鑑定),+0,未鑑定,157.0,OLD_REALM,2026-08-13
セルビスのレガース (鑑定),+5,鑑定,157.0,OLD_REALM,2026-08-13
セルビスのレガース (鑑定),+7,鑑定,469.43,OLD_REALM,2026-08-13
セルビスのレガース (鑑定),+8,鑑定,638.99,OLD_REALM,2026-08-13
セルビスのローブ (未鑑定),+0,未鑑定,15.700000000000001,OLD_REALM,2026-08-13
セルビスのローブ (鑑定),+0,鑑定,15.700000000000001,OLD_REALM,2026-08-13
セルビスのローブ (鑑定),+10,鑑定,555.78,OLD_REALM,2026-08-13
セルビスのローブ (鑑定),+5,鑑定,15.700000000000001,OLD_REALM,2026-08-13
セルビスのローブ (鑑定),+6,鑑定,109.89999999999999,OLD_REALM,2026-08-13
セルビスのローブ (鑑定),+7,鑑定,157.0,OLD_REALM,2026-08-13
セルビスのローブ (鑑定),+8,鑑定,180.54999999999998,OLD_REALM,2026-08-13
セルビスのローブ (鑑定),+9,鑑定,412.90999999999997,OLD_REALM,2026-08-13
セルビスの剣/盾 (未鑑定),+0,未鑑定,321.84999999999997,OLD_REALM,2026-08-13
セルビスの剣/盾 (鑑定),+10,鑑定,2198.0,OLD_REALM,2026-08-13
セルビスの剣/盾 (鑑定),+11,鑑定,2370.7,OLD_REALM,2026-08-13
セルビスの剣/盾 (鑑定),+12,鑑定,3218.5,OLD_REALM,2026-08-13
セルビスの剣/盾 (鑑定),+8,鑑定,464.71999999999997,OLD_REALM,2026-08-13
セルビスの剣/盾 (鑑定),+9,鑑定,785.0,OLD_REALM,2026-08-13
セルビスの勇猛マント (未鑑定),+0,未鑑定,29.830000000000002,OLD_REALM,2026-08-13
セルビスの勇猛マント (鑑定),+0,鑑定,43.96,OLD_REALM,2026-08-13
セルビスの勇猛マント (鑑定),+1,鑑定,42.39,OLD_REALM,2026-08-13
セルビスの勇猛マント (鑑定),+3,鑑定,84.78,OLD_REALM,2026-08-13
セルビスの勇猛マント (鑑定),+5,鑑定,401.92,OLD_REALM,2026-08-13
セルビスの勇猛マント (鑑定),+6,鑑定,2198.0,OLD_REALM,2026-08-13
セルビスの大剣 (未鑑定),+0,未鑑定,169.56,OLD_REALM,2026-08-13
セルビスの大剣 (鑑定),+0,鑑定,706.5,OLD_REALM,2026-08-13
セルビスの大剣 (鑑定),+10,鑑定,1164.94,OLD_REALM,2026-08-13
セルビスの大剣 (鑑定),+11,鑑定,4710.0,OLD_REALM,2026-08-13
セルビスの大剣 (鑑定),+13,鑑定,8721.35,OLD_REALM,2026-08-13
セルビスの大剣 (鑑定),+6,鑑定,502.40000000000003,OLD_REALM,2026-08-13
セルビスの大剣 (鑑定),+7,鑑定,315.57,OLD_REALM,2026-08-13
セルビスの大剣 (鑑定),+8,鑑定,720.63,OLD_REALM,2026-08-13
セルビスの布ズボン (未鑑定),+0,未鑑定,15.700000000000001,OLD_REALM,2026-08-13
セルビスの布ズボン (鑑定),+0,鑑定,31.400000000000002,OLD_REALM,2026-08-13
セルビスの布ズボン (鑑定),+10,鑑定,471.0,OLD_REALM,2026-08-13
セルビスの布ズボン (鑑定),+5,鑑定,127.17,OLD_REALM,2026-08-13
セルビスの布ズボン (鑑定),+6,鑑定,157.0,OLD_REALM,2026-08-13
セルビスの布ズボン (鑑定),+7,鑑定,310.86,OLD_REALM,2026-08-13
セルビスの布ズボン (鑑定),+8,鑑定,547.9300000000001,OLD_REALM,2026-08-13
セルビスの帽子 (未鑑定),+0,未鑑定,15.700000000000001,OLD_REALM,2026-08-13
セルビスの帽子 (鑑定),+0,鑑定,15.700000000000001,OLD_REALM,2026-08-13
セルビスの帽子 (鑑定),+5,鑑定,15.700000000000001,OLD_REALM,2026-08-13
セルビスの帽子 (鑑定),+6,鑑定,36.11,OLD_REALM,2026-08-13
セルビスの帽子 (鑑定),+8,鑑定,251.20000000000002,OLD_REALM,2026-08-13
セルビスの帽子 (鑑定),+9,鑑定,309.29,OLD_REALM,2026-08-13
セルビスの弓 (未鑑定),+0,未鑑定,265.33,OLD_REALM,2026-08-13
セルビスの弓 (鑑定),+0,鑑定,1007.9399999999999,OLD_REALM,2026-08-13
セルビスの弓 (鑑定),+10,鑑定,1006.37,OLD_REALM,2026-08-13
セルビスの弓 (鑑定),+12,鑑定,4341.05,OLD_REALM,2026-08-13
セルビスの弓 (鑑定),+13,鑑定,5918.900000000001,OLD_REALM,2026-08-13
セルビスの弓 (鑑定),+7,鑑定,383.08,OLD_REALM,2026-08-13
セルビスの弓 (鑑定),+8,鑑定,513.39,OLD_REALM,2026-08-13
セルビスの戦棒 (未鑑定),+0,未鑑定,312.43,OLD_REALM,2026-08-13
セルビスの戦棒 (鑑定),+10,鑑定,2512.0,OLD_REALM,2026-08-13
セルビスの戦棒 (鑑定),+12,鑑定,5130.76,OLD_REALM,2026-08-13
セルビスの戦棒 (鑑定),+7,鑑定,1570.0,OLD_REALM,2026-08-13
セルビスの戦棒 (鑑定),+8,鑑定,942.0,OLD_REALM,2026-08-13
セルビスの戦闘マント (未鑑定),+0,未鑑定,48.67,OLD_REALM,2026-08-13
セルビスの戦闘マント (鑑定),+0,鑑定,43.96,OLD_REALM,2026-08-13
セルビスの戦闘マント (鑑定),+2,鑑定,78.5,OLD_REALM,2026-08-13
セルビスの戦闘マント (鑑定),+3,鑑定,141.3,OLD_REALM,2026-08-13
セルビスの戦闘マント (鑑定),+4,鑑定,785.0,OLD_REALM,2026-08-13
セルビスの戦闘マント (鑑定),+5,鑑定,314.0,OLD_REALM,2026-08-13
セルビスの戦闘マント (鑑定),+6,鑑定,1884.0,OLD_REALM,2026-08-13
セルビスの戦闘盾 (未鑑定),+0,未鑑定,98.91,OLD_REALM,2026-08-13
セルビスの戦闘盾 (鑑定),+0,鑑定,157.0,OLD_REALM,2026-08-13
セルビスの戦闘盾 (鑑定),+10,鑑定,1067.6,OLD_REALM,2026-08-13
セルビスの戦闘盾 (鑑定),+7,鑑定,279.46,OLD_REALM,2026-08-13
セルビスの戦闘盾 (鑑定),+8,鑑定,431.75,OLD_REALM,2026-08-13
セルビスの戦闘盾 (鑑定),+9,鑑定,518.1,OLD_REALM,2026-08-13
セルビスの手甲 (未鑑定),+0,未鑑定,237.07,OLD_REALM,2026-08-13
セルビスの手甲 (鑑定),+0,鑑定,17.27,OLD_REALM,2026-08-13
セルビスの手甲 (鑑定),+8,鑑定,387.79,OLD_REALM,2026-08-13
セルビスの手甲 (鑑定),+9,鑑定,783.4300000000001,OLD_REALM,2026-08-13
セルビスの杖 (未鑑定),+0,未鑑定,175.84,OLD_REALM,2026-08-13
セルビスの杖 (鑑定),+0,鑑定,549.5,OLD_REALM,2026-08-13
セルビスの杖 (鑑定),+10,鑑定,926.3000000000001,OLD_REALM,2026-08-13
セルビスの杖 (鑑定),+11,鑑定,2014.31,OLD_REALM,2026-08-13
セルビスの杖 (鑑定),+12,鑑定,3408.4700000000003,OLD_REALM,2026-08-13
セルビスの杖 (鑑定),+13,鑑定,7536.0,OLD_REALM,2026-08-13
セルビスの杖 (鑑定),+7,鑑定,172.70000000000002,OLD_REALM,2026-08-13
セルビスの杖 (鑑定),+8,鑑定,549.5,OLD_REALM,2026-08-13
セルビスの杖 (鑑定),+9,鑑定,1097.43,OLD_REALM,2026-08-13
セルビスの短剣 (未鑑定),+0,未鑑定,216.66,OLD_REALM,2026-08-13
セルビスの短剣 (鑑定),+0,鑑定,314.0,OLD_REALM,2026-08-13
セルビスの短剣 (鑑定),+10,鑑定,2199.57,OLD_REALM,2026-08-13
セルビスの短剣 (鑑定),+12,鑑定,6469.97,OLD_REALM,2026-08-13
セルビスの短剣 (鑑定),+7,鑑定,1570.0,OLD_REALM,2026-08-13
セルビスの短剣 (鑑定),+8,鑑定,516.53,OLD_REALM,2026-08-13
セルビスの短靴 (未鑑定),+0,未鑑定,15.700000000000001,OLD_REALM,2026-08-13
セルビスの短靴 (鑑定),+0,鑑定,15.700000000000001,OLD_REALM,2026-08-13
セルビスの短靴 (鑑定),+10,鑑定,628.0,OLD_REALM,2026-08-13
セルビスの短靴 (鑑定),+11,鑑定,1099.0,OLD_REALM,2026-08-13
セルビスの短靴 (鑑定),+5,鑑定,15.700000000000001,OLD_REALM,2026-08-13
セルビスの短靴 (鑑定),+6,鑑定,78.5,OLD_REALM,2026-08-13
セルビスの短靴 (鑑定),+8,鑑定,345.40000000000003,OLD_REALM,2026-08-13
セルビスの短靴 (鑑定),+9,鑑定,102.05,OLD_REALM,2026-08-13
セルビスの破壊マント (未鑑定),+0,未鑑定,31.400000000000002,OLD_REALM,2026-08-13
セルビスの破壊マント (鑑定),+0,鑑定,37.68,OLD_REALM,2026-08-13
セルビスの破壊マント (鑑定),+1,鑑定,202.53,OLD_REALM,2026-08-13
セルビスの破壊マント (鑑定),+2,鑑定,157.0,OLD_REALM,2026-08-13
セルビスの破壊マント (鑑定),+3,鑑定,141.3,OLD_REALM,2026-08-13
セルビスの破壊マント (鑑定),+4,鑑定,307.71999999999997,OLD_REALM,2026-08-13
セルビスの破壊マント (鑑定),+5,鑑定,386.21999999999997,OLD_REALM,2026-08-13
セルビスの破壊マント (鑑定),+6,鑑定,1150.81,OLD_REALM,2026-08-13
セルビスの籠手 (未鑑定),+0,未鑑定,185.26,OLD_REALM,2026-08-13
セルビスの籠手 (鑑定),+0,鑑定,282.6,OLD_REALM,2026-08-13
セルビスの籠手 (鑑定),+10,鑑定,942.0,OLD_REALM,2026-08-13
セルビスの籠手 (鑑定),+7,鑑定,279.46,OLD_REALM,2026-08-13
セルビスの籠手 (鑑定),+8,鑑定,628.0,OLD_REALM,2026-08-13
セルビスの精霊マント (未鑑定),+0,未鑑定,28.259999999999998,OLD_REALM,2026-08-13
セルビスの精霊マント (鑑定),+0,鑑定,29.830000000000002,OLD_REALM,2026-08-13
セルビスの精霊マント (鑑定),+1,鑑定,255.91,OLD_REALM,2026-08-13
セルビスの精霊マント (鑑定),+2,鑑定,257.47999999999996,OLD_REALM,2026-08-13
セルビスの精霊マント (鑑定),+3,鑑定,205.67000000000002,OLD_REALM,2026-08-13
セルビスの精霊マント (鑑定),+4,鑑定,166.42000000000002,OLD_REALM,2026-08-13
セルビスの精霊マント (鑑定),+5,鑑定,279.46,OLD_REALM,2026-08-13
セルビスの精霊マント (鑑定),+6,鑑定,1570.0,OLD_REALM,2026-08-13
セルビスの鎧 (未鑑定),+0,未鑑定,15.700000000000001,OLD_REALM,2026-08-13
セルビスの鎧 (鑑定),+0,鑑定,15.700000000000001,OLD_REALM,2026-08-13
セルビスの鎧 (鑑定),+12,鑑定,1549.59,OLD_REALM,2026-08-13
セルビスの鎧 (鑑定),+5,鑑定,15.700000000000001,OLD_REALM,2026-08-13
セルビスの鎧 (鑑定),+6,鑑定,78.5,OLD_REALM,2026-08-13
セルビスの鎧 (鑑定),+8,鑑定,78.5,OLD_REALM,2026-08-13
セルビスの鎧 (鑑定),+9,鑑定,392.5,OLD_REALM,2026-08-13
セルビスの長靴 (未鑑定),+0,未鑑定,15.700000000000001,OLD_REALM,2026-08-13
セルビスの長靴 (鑑定),+0,鑑定,45.529999999999994,OLD_REALM,2026-08-13
セルビスの長靴 (鑑定),+5,鑑定,84.78,OLD_REALM,2026-08-13
セルビスの長靴 (鑑定),+6,鑑定,42.39,OLD_REALM,2026-08-13
セルビスの長靴 (鑑定),+7,鑑定,266.9,OLD_REALM,2026-08-13
セルビスの長靴 (鑑定),+8,鑑定,469.43,OLD_REALM,2026-08-13
セルビスの長靴 (鑑定),+9,鑑定,741.04,OLD_REALM,2026-08-13
セルビスの革ズボン (未鑑定),+0,未鑑定,15.700000000000001,OLD_REALM,2026-08-13
セルビスの革ズボン (鑑定),+0,鑑定,15.700000000000001,OLD_REALM,2026-08-13
セルビスの革ズボン (鑑定),+10,鑑定,314.0,OLD_REALM,2026-08-13
セルビスの革ズボン (鑑定),+5,鑑定,62.800000000000004,OLD_REALM,2026-08-13
セルビスの革ズボン (鑑定),+6,鑑定,157.0,OLD_REALM,2026-08-13
セルビスの革ズボン (鑑定),+7,鑑定,266.9,OLD_REALM,2026-08-13
セルビスの革ズボン (鑑定),+8,鑑定,471.0,OLD_REALM,2026-08-13
ソムニウムのサドル,+0,なし,2950.0299999999997,OLD_REALM,2026-08-13
テレノスのガントレット (未鑑定),+0,未鑑定,11775.0,OLD_REALM,2026-08-13
テレノスのガントレット (鑑定),+0,鑑定,12560.0,OLD_REALM,2026-08-13
テレノスのクロスボウ (鑑定),+10,鑑定,1413000.0,OLD_REALM,2026-08-13
テレノスのグリーヴ (未鑑定),+0,未鑑定,11618.0,OLD_REALM,2026-08-13
テレノスのグローブ (未鑑定),+0,未鑑定,47100.0,OLD_REALM,2026-08-13
テレノスのグローブ (鑑定),+0,鑑定,78500.0,OLD_REALM,2026-08-13
テレノスのフード (未鑑定),+0,未鑑定,27176.7,OLD_REALM,2026-08-13
テレノスのフード (鑑定),+7,鑑定,77652.2,OLD_REALM,2026-08-13
テレノスのレガース (鑑定),+6,鑑定,15700.0,OLD_REALM,2026-08-13
テレノスの剣/盾 (鑑定),+10,鑑定,911149.5,OLD_REALM,2026-08-13
テレノスの勇猛マント (未鑑定),+0,未鑑定,22691.21,OLD_REALM,2026-08-13
テレノスの大剣 (未鑑定),+0,未鑑定,517683.95,OLD_REALM,2026-08-13
テレノスの戦闘マント (鑑定),+2,鑑定,12825.33,OLD_REALM,2026-08-13
テレノスの戦闘盾 (未鑑定),+0,未鑑定,203943.0,OLD_REALM,2026-08-13
テレノスの短靴 (鑑定),+8,鑑定,164850.0,OLD_REALM,2026-08-13
テレノスの籠手 (未鑑定),+0,未鑑定,314000.0,OLD_REALM,2026-08-13
テレノスの精霊マント (鑑定),+3,鑑定,17959.23,OLD_REALM,2026-08-13
テレノスの鎧 (未鑑定),+0,未鑑定,12517.61,OLD_REALM,2026-08-13
テレノスの長靴 (未鑑定),+0,未鑑定,34383.0,OLD_REALM,2026-08-13
テレノスの長靴 (鑑定),+8,鑑定,72639.19,OLD_REALM,2026-08-13
テレノスの革ズボン (未鑑定),+0,未鑑定,28260.0,OLD_REALM,2026-08-13
テレノスの革ズボン (鑑定),+8,鑑定,72639.19,OLD_REALM,2026-08-13
デルフォンのサドル,+0,なし,806.9799999999999,OLD_REALM,2026-08-13
ドラカスのサドル,+0,なし,36.11,OLD_REALM,2026-08-13
ネドラのネックレス,+16,なし,8721.35,OLD_REALM,2026-08-13
バフォンのサドル,+0,なし,1320.3700000000001,OLD_REALM,2026-08-13
パルトのリング,+0,なし,328.13,OLD_REALM,2026-08-13
ブルカヌスのサドル,+0,なし,2039.43,OLD_REALM,2026-08-13
ペルトロフのサドル,+0,なし,167.99,OLD_REALM,2026-08-13
ペルノクスのガントレット (未鑑定),+0,未鑑定,155.43,OLD_REALM,2026-08-13
ペルノクスのガントレット (鑑定),+0,鑑定,186.82999999999998,OLD_REALM,2026-08-13
ペルノクスのガントレット (鑑定),+5,鑑定,785.0,OLD_REALM,2026-08-13
ペルノクスのガントレット (鑑定),+7,鑑定,292.02000000000004,OLD_REALM,2026-08-13
ペルノクスのガントレット (鑑定),+9,鑑定,1413.0,OLD_REALM,2026-08-13
ペルノクスのクロスボウ (鑑定),+10,鑑定,35953.0,OLD_REALM,2026-08-13
ペルノクスのグリーヴ (未鑑定),+0,未鑑定,169.56,OLD_REALM,2026-08-13
ペルノクスのグリーヴ (鑑定),+0,鑑定,813.26,OLD_REALM,2026-08-13
ペルノクスのグローブ (未鑑定),+0,未鑑定,628.0,OLD_REALM,2026-08-13
ペルノクスのグローブ (鑑定),+0,鑑定,314.0,OLD_REALM,2026-08-13
ペルノクスのグローブ (鑑定),+4,鑑定,312.43,OLD_REALM,2026-08-13
ペルノクスのグローブ (鑑定),+6,鑑定,525.95,OLD_REALM,2026-08-13
ペルノクスのネックレス,+0,なし,10982.15,OLD_REALM,2026-08-13
ペルノクスのネックレス,+12,なし,13345.0,OLD_REALM,2026-08-13
ペルノクスのネックレス,+18,なし,23890.69,OLD_REALM,2026-08-13
ペルノクスのフード (未鑑定),+0,未鑑定,514.9599999999999,OLD_REALM,2026-08-13
ペルノクスのフード (鑑定),+0,鑑定,471.0,OLD_REALM,2026-08-13
ペルノクスのフード (鑑定),+7,鑑定,1138.25,OLD_REALM,2026-08-13
ペルノクスのヘルム (未鑑定),+0,未鑑定,116.17999999999999,OLD_REALM,2026-08-13
ペルノクスのヘルム (鑑定),+0,鑑定,114.61,OLD_REALM,2026-08-13
ペルノクスのヘルム (鑑定),+10,鑑定,2276.5,OLD_REALM,2026-08-13
ペルノクスのヘルム (鑑定),+6,鑑定,314.0,OLD_REALM,2026-08-13
ペルノクスのベスト (未鑑定),+0,未鑑定,438.03000000000003,OLD_REALM,2026-08-13
ペルノクスのベスト (鑑定),+0,鑑定,562.0600000000001,OLD_REALM,2026-08-13
ペルノクスのリング,+0,なし,3140.0,OLD_REALM,2026-08-13
ペルノクスのリング,+20,なし,47100.0,OLD_REALM,2026-08-13
ペルノクスのレガース (未鑑定),+0,未鑑定,296.72999999999996,OLD_REALM,2026-08-13
ペルノクスのレガース (鑑定),+10,鑑定,2069.2599999999998,OLD_REALM,2026-08-13
ペルノクスのレガース (鑑定),+6,鑑定,229.22,OLD_REALM,2026-08-13
ペルノクスのローブ (未鑑定),+0,未鑑定,207.24,OLD_REALM,2026-08-13
ペルノクスのローブ (鑑定),+0,鑑定,188.4,OLD_REALM,2026-08-13
ペルノクスのローブ (鑑定),+6,鑑定,942.0,OLD_REALM,2026-08-13
ペルノクスの勇猛マント (未鑑定),+0,未鑑定,2198.0,OLD_REALM,2026-08-13
ペルノクスの勇猛マント (鑑定),+0,鑑定,1099.0,OLD_REALM,2026-08-13
ペルノクスの勇猛マント (鑑定),+3,鑑定,1183.78,OLD_REALM,2026-08-13
ペルノクスの布ズボン (未鑑定),+0,未鑑定,255.91,OLD_REALM,2026-08-13
ペルノクスの布ズボン (鑑定),+0,鑑定,157.0,OLD_REALM,2026-08-13
ペルノクスの布ズボン (鑑定),+6,鑑定,408.2,OLD_REALM,2026-08-13
ペルノクスの帽子 (未鑑定),+0,未鑑定,277.89,OLD_REALM,2026-08-13
ペルノクスの帽子 (鑑定),+0,鑑定,314.0,OLD_REALM,2026-08-13
ペルノクスの帽子 (鑑定),+5,鑑定,910.6,OLD_REALM,2026-08-13
ペルノクスの帽子 (鑑定),+6,鑑定,282.6,OLD_REALM,2026-08-13
ペルノクスの帽子 (鑑定),+8,鑑定,2826.0,OLD_REALM,2026-08-13
ペルノクスの戦棒 (鑑定),+10,鑑定,45687.0,OLD_REALM,2026-08-13
ペルノクスの戦棒 (鑑定),+8,鑑定,90449.27,OLD_REALM,2026-08-13
ペルノクスの戦闘マント (未鑑定),+0,未鑑定,2041.0,OLD_REALM,2026-08-13
ペルノクスの戦闘マント (鑑定),+0,鑑定,1551.16,OLD_REALM,2026-08-13
ペルノクスの戦闘マント (鑑定),+3,鑑定,4710.0,OLD_REALM,2026-08-13
ペルノクスの戦闘マント (鑑定),+4,鑑定,8007.0,OLD_REALM,2026-08-13
ペルノクスの戦闘盾 (未鑑定),+0,未鑑定,16601.18,OLD_REALM,2026-08-13
ペルノクスの戦闘盾 (鑑定),+10,鑑定,21807.3,OLD_REALM,2026-08-13
ペルノクスの手甲 (未鑑定),+0,未鑑定,157.0,OLD_REALM,2026-08-13
ペルノクスの手甲 (鑑定),+5,鑑定,314.0,OLD_REALM,2026-08-13
ペルノクスの手甲 (鑑定),+7,鑑定,703.36,OLD_REALM,2026-08-13
ペルノクスの短剣 (鑑定),+10,鑑定,39250.0,OLD_REALM,2026-08-13
ペルノクスの短靴 (未鑑定),+0,未鑑定,298.3,OLD_REALM,2026-08-13
ペルノクスの破壊マント (未鑑定),+0,未鑑定,2826.0,OLD_REALM,2026-08-13
ペルノクスの破壊マント (鑑定),+2,鑑定,2562.2400000000002,OLD_REALM,2026-08-13
ペルノクスの破壊マント (鑑定),+4,鑑定,15930.789999999999,OLD_REALM,2026-08-13
ペルノクスの籠手 (鑑定),+8,鑑定,5181.0,OLD_REALM,2026-08-13
ペルノクスの精霊マント (未鑑定),+0,未鑑定,1570.0,OLD_REALM,2026-08-13
ペルノクスの精霊マント (鑑定),+4,鑑定,7619.21,OLD_REALM,2026-08-13
ペルノクスの鎧 (未鑑定),+0,未鑑定,357.96,OLD_REALM,2026-08-13
ペルノクスの鎧 (鑑定),+6,鑑定,764.59,OLD_REALM,2026-08-13
ペルノクスの鎧 (鑑定),+8,鑑定,2565.38,OLD_REALM,2026-08-13
ペルノクスの長靴 (未鑑定),+0,未鑑定,314.0,OLD_REALM,2026-08-13
ペルノクスの長靴 (鑑定),+0,鑑定,109.89999999999999,OLD_REALM,2026-08-13
ペルノクスの長靴 (鑑定),+8,鑑定,2669.0,OLD_REALM,2026-08-13
ペルノクスの革ズボン (未鑑定),+0,未鑑定,235.5,OLD_REALM,2026-08-13
ペルノクスの革ズボン (鑑定),+0,鑑定,314.0,OLD_REALM,2026-08-13
ペルノクスの革ズボン (鑑定),+6,鑑定,847.8000000000001,OLD_REALM,2026-08-13
ラバトニスのサドル,+0,なし,321.84999999999997,OLD_REALM,2026-08-13
ラベスのサドル,+0,なし,3870.0499999999997,OLD_REALM,2026-08-13
ランフォンのサドル,+0,なし,273.18,OLD_REALM,2026-08-13
リバティのサドル,+0,なし,87.92,OLD_REALM,2026-08-13
レプティリスのサドル,+0,なし,1047.19,OLD_REALM,2026-08-13
光の戦闘馬のサドル,+0,なし,26.69,OLD_REALM,2026-08-13
剣と盾：戦場の先駆者,+0,なし,2979.86,OLD_REALM,2026-08-13
剣と盾：機会捕捉,+0,なし,23.55,OLD_REALM,2026-08-13
剣と盾：防御修練,+0,なし,150.72,OLD_REALM,2026-08-13
大剣：極限の力,+0,なし,120.89,OLD_REALM,2026-08-13
大剣：狂戦士の誇り,+0,なし,2169.7400000000002,OLD_REALM,2026-08-13
大剣：鋭い剣,+0,なし,15.700000000000001,OLD_REALM,2026-08-13
審判の水晶球 (未鑑定),+0,未鑑定,6118.29,OLD_REALM,2026-08-13
審判の水晶球 (鑑定),+0,鑑定,3140.0,OLD_REALM,2026-08-13
審判の水晶球 (鑑定),+10,鑑定,7850.0,OLD_REALM,2026-08-13
審判の水晶球 (鑑定),+7,鑑定,2488.45,OLD_REALM,2026-08-13
審判の王しゃく (鑑定),+0,鑑定,3140.0,OLD_REALM,2026-08-13
審判の聖杯 (未鑑定),+0,未鑑定,6280.0,OLD_REALM,2026-08-13
審判の聖杯 (鑑定),+0,鑑定,2826.0,OLD_REALM,2026-08-13
審判の聖杯 (鑑定),+7,鑑定,2826.0,OLD_REALM,2026-08-13
審判の聖杯 (鑑定),+8,鑑定,2480.6,OLD_REALM,2026-08-13
弓：品質の良い矢,+0,なし,61.230000000000004,OLD_REALM,2026-08-13
弓：完璧な狙撃手,+0,なし,6592.43,OLD_REALM,2026-08-13
弓：標的照準,+0,なし,144.44,OLD_REALM,2026-08-13
戦棒：均衡,+0,なし,15.700000000000001,OLD_REALM,2026-08-13
戦棒：軽やかな身のこなし,+0,なし,169.56,OLD_REALM,2026-08-13
戦棒：魔法武術の境地,+0,なし,16824.12,OLD_REALM,2026-08-13
戦闘盾：光の守護者,+0,なし,2198.0,OLD_REALM,2026-08-13
戦闘盾：堅固な鎧,+0,なし,15.700000000000001,OLD_REALM,2026-08-13
戦闘盾：忍耐力,+0,なし,53.38,OLD_REALM,2026-08-13
手懐けられたモネタ狼のサドル,+0,なし,86.35000000000001,OLD_REALM,2026-08-13
杖：元素覚醒,+0,なし,2344.0099999999998,OLD_REALM,2026-08-13
杖：魔力無視,+0,なし,15.700000000000001,OLD_REALM,2026-08-13
杖：黒オール,+0,なし,62.800000000000004,OLD_REALM,2026-08-13
武装したバイランの軍馬のサドル,+0,なし,47.1,OLD_REALM,2026-08-13
流浪狼のサドル,+0,なし,18.84,OLD_REALM,2026-08-13
灰色の夜明けのガントレット (未鑑定),+0,未鑑定,15.700000000000001,OLD_REALM,2026-08-13
灰色の夜明けのガントレット (鑑定),+0,鑑定,15.700000000000001,OLD_REALM,2026-08-13
灰色の夜明けのガントレット (鑑定),+10,鑑定,186.82999999999998,OLD_REALM,2026-08-13
灰色の夜明けのガントレット (鑑定),+5,鑑定,15.700000000000001,OLD_REALM,2026-08-13
灰色の夜明けのガントレット (鑑定),+6,鑑定,45.529999999999994,OLD_REALM,2026-08-13
灰色の夜明けのガントレット (鑑定),+7,鑑定,50.24,OLD_REALM,2026-08-13
灰色の夜明けのガントレット (鑑定),+8,鑑定,172.70000000000002,OLD_REALM,2026-08-13
灰色の夜明けのガントレット (鑑定),+9,鑑定,381.51000000000005,OLD_REALM,2026-08-13
灰色の夜明けのクロスボウ (未鑑定),+0,未鑑定,182.11999999999998,OLD_REALM,2026-08-13
灰色の夜明けのクロスボウ (鑑定),+0,鑑定,139.73,OLD_REALM,2026-08-13
灰色の夜明けのクロスボウ (鑑定),+10,鑑定,486.7,OLD_REALM,2026-08-13
灰色の夜明けのクロスボウ (鑑定),+11,鑑定,5022.429999999999,OLD_REALM,2026-08-13
灰色の夜明けのクロスボウ (鑑定),+12,鑑定,2826.0,OLD_REALM,2026-08-13
灰色の夜明けのクロスボウ (鑑定),+6,鑑定,1260.7099999999998,OLD_REALM,2026-08-13
灰色の夜明けのクロスボウ (鑑定),+7,鑑定,189.97,OLD_REALM,2026-08-13
灰色の夜明けのクロスボウ (鑑定),+8,鑑定,157.0,OLD_REALM,2026-08-13
灰色の夜明けのクロスボウ (鑑定),+9,鑑定,314.0,OLD_REALM,2026-08-13
灰色の夜明けのグリーヴ (未鑑定),+0,未鑑定,15.700000000000001,OLD_REALM,2026-08-13
灰色の夜明けのグリーヴ (鑑定),+0,鑑定,34.54,OLD_REALM,2026-08-13
灰色の夜明けのグリーヴ (鑑定),+4,鑑定,54.949999999999996,OLD_REALM,2026-08-13
灰色の夜明けのグリーヴ (鑑定),+5,鑑定,31.400000000000002,OLD_REALM,2026-08-13
灰色の夜明けのグリーヴ (鑑定),+6,鑑定,32.97,OLD_REALM,2026-08-13
灰色の夜明けのグリーヴ (鑑定),+7,鑑定,194.68,OLD_REALM,2026-08-13
灰色の夜明けのグリーヴ (鑑定),+8,鑑定,204.1,OLD_REALM,2026-08-13
灰色の夜明けのグローブ (未鑑定),+0,未鑑定,15.700000000000001,OLD_REALM,2026-08-13
灰色の夜明けのグローブ (鑑定),+0,鑑定,15.700000000000001,OLD_REALM,2026-08-13
灰色の夜明けのグローブ (鑑定),+10,鑑定,309.29,OLD_REALM,2026-08-13
灰色の夜明けのグローブ (鑑定),+5,鑑定,155.43,OLD_REALM,2026-08-13
灰色の夜明けのグローブ (鑑定),+6,鑑定,25.12,OLD_REALM,2026-08-13
灰色の夜明けのグローブ (鑑定),+7,鑑定,204.1,OLD_REALM,2026-08-13
灰色の夜明けのグローブ (鑑定),+8,鑑定,266.9,OLD_REALM,2026-08-13
灰色の夜明けのグローブ (鑑定),+9,鑑定,282.6,OLD_REALM,2026-08-13
灰色の夜明けのサイド (未鑑定),+0,未鑑定,682.9499999999999,OLD_REALM,2026-08-13
灰色の夜明けのサイド (鑑定),+0,鑑定,659.4,OLD_REALM,2026-08-13
灰色の夜明けのサイド (鑑定),+10,鑑定,4396.0,OLD_REALM,2026-08-13
灰色の夜明けのサイド (鑑定),+11,鑑定,15175.619999999999,OLD_REALM,2026-08-13
灰色の夜明けのサイド (鑑定),+6,鑑定,640.5600000000001,OLD_REALM,2026-08-13
灰色の夜明けのサイド (鑑定),+7,鑑定,657.83,OLD_REALM,2026-08-13
灰色の夜明けのサイド (鑑定),+8,鑑定,1029.9199999999998,OLD_REALM,2026-08-13
灰色の夜明けのサイド (鑑定),+9,鑑定,2355.0,OLD_REALM,2026-08-13
灰色の夜明けのネックレス,+0,なし,139.73,OLD_REALM,2026-08-13
灰色の夜明けのネックレス,+16,なし,450.59000000000003,OLD_REALM,2026-08-13
灰色の夜明けのネックレス,+17,なし,681.38,OLD_REALM,2026-08-13
灰色の夜明けのネックレス,+18,なし,711.21,OLD_REALM,2026-08-13
灰色の夜明けのネックレス,+20,なし,3078.77,OLD_REALM,2026-08-13
灰色の夜明けのフード (未鑑定),+0,未鑑定,117.75,OLD_REALM,2026-08-13
灰色の夜明けのフード (鑑定),+0,鑑定,15.700000000000001,OLD_REALM,2026-08-13
灰色の夜明けのフード (鑑定),+10,鑑定,706.5,OLD_REALM,2026-08-13
灰色の夜明けのフード (鑑定),+5,鑑定,23.55,OLD_REALM,2026-08-13
灰色の夜明けのフード (鑑定),+6,鑑定,157.0,OLD_REALM,2026-08-13
灰色の夜明けのフード (鑑定),+7,鑑定,471.0,OLD_REALM,2026-08-13
灰色の夜明けのフード (鑑定),+9,鑑定,397.21,OLD_REALM,2026-08-13
灰色の夜明けのヘルム (未鑑定),+0,未鑑定,48.67,OLD_REALM,2026-08-13
灰色の夜明けのヘルム (鑑定),+0,鑑定,15.700000000000001,OLD_REALM,2026-08-13
灰色の夜明けのヘルム (鑑定),+10,鑑定,704.9300000000001,OLD_REALM,2026-08-13
灰色の夜明けのヘルム (鑑定),+5,鑑定,73.78999999999999,OLD_REALM,2026-08-13
灰色の夜明けのヘルム (鑑定),+6,鑑定,157.0,OLD_REALM,2026-08-13
灰色の夜明けのヘルム (鑑定),+8,鑑定,293.59000000000003,OLD_REALM,2026-08-13
灰色の夜明けのベスト (未鑑定),+0,未鑑定,15.700000000000001,OLD_REALM,2026-08-13
灰色の夜明けのベスト (鑑定),+0,鑑定,15.700000000000001,OLD_REALM,2026-08-13
灰色の夜明けのベスト (鑑定),+5,鑑定,235.5,OLD_REALM,2026-08-13
灰色の夜明けのベスト (鑑定),+6,鑑定,15.700000000000001,OLD_REALM,2026-08-13
灰色の夜明けのベスト (鑑定),+7,鑑定,314.0,OLD_REALM,2026-08-13
灰色の夜明けのベスト (鑑定),+8,鑑定,204.1,OLD_REALM,2026-08-13
灰色の夜明けのベスト (鑑定),+9,鑑定,373.65999999999997,OLD_REALM,2026-08-13
灰色の夜明けのリング,+0,なし,39.25,OLD_REALM,2026-08-13
灰色の夜明けのリング,+12,なし,141.3,OLD_REALM,2026-08-13
灰色の夜明けのリング,+14,なし,186.82999999999998,OLD_REALM,2026-08-13
灰色の夜明けのリング,+15,なし,157.0,OLD_REALM,2026-08-13
灰色の夜明けのリング,+17,なし,282.6,OLD_REALM,2026-08-13
灰色の夜明けのリング,+20,なし,4063.16,OLD_REALM,2026-08-13
灰色の夜明けのリング,+8,なし,304.58,OLD_REALM,2026-08-13
灰色の夜明けのレガース (未鑑定),+0,未鑑定,15.700000000000001,OLD_REALM,2026-08-13
灰色の夜明けのレガース (鑑定),+0,鑑定,15.700000000000001,OLD_REALM,2026-08-13
灰色の夜明けのレガース (鑑定),+5,鑑定,15.700000000000001,OLD_REALM,2026-08-13
灰色の夜明けのレガース (鑑定),+6,鑑定,15.700000000000001,OLD_REALM,2026-08-13
灰色の夜明けのレガース (鑑定),+7,鑑定,86.35000000000001,OLD_REALM,2026-08-13
灰色の夜明けのレガース (鑑定),+8,鑑定,111.47,OLD_REALM,2026-08-13
灰色の夜明けのレガース (鑑定),+9,鑑定,469.43,OLD_REALM,2026-08-13
灰色の夜明けのローブ (未鑑定),+0,未鑑定,15.700000000000001,OLD_REALM,2026-08-13
灰色の夜明けのローブ (鑑定),+0,鑑定,15.700000000000001,OLD_REALM,2026-08-13
灰色の夜明けのローブ (鑑定),+1,鑑定,50.24,OLD_REALM,2026-08-13
灰色の夜明けのローブ (鑑定),+5,鑑定,15.700000000000001,OLD_REALM,2026-08-13
灰色の夜明けのローブ (鑑定),+6,鑑定,75.36,OLD_REALM,2026-08-13
灰色の夜明けのローブ (鑑定),+7,鑑定,78.5,OLD_REALM,2026-08-13
灰色の夜明けのローブ (鑑定),+8,鑑定,237.07,OLD_REALM,2026-08-13
灰色の夜明けのローブ (鑑定),+9,鑑定,401.92,OLD_REALM,2026-08-13
灰色の夜明けの剣/盾 (未鑑定),+0,未鑑定,185.26,OLD_REALM,2026-08-13
灰色の夜明けの剣/盾 (鑑定),+0,鑑定,157.0,OLD_REALM,2026-08-13
灰色の夜明けの剣/盾 (鑑定),+10,鑑定,617.01,OLD_REALM,2026-08-13
灰色の夜明けの剣/盾 (鑑定),+12,鑑定,2436.64,OLD_REALM,2026-08-13
灰色の夜明けの剣/盾 (鑑定),+6,鑑定,752.03,OLD_REALM,2026-08-13
灰色の夜明けの剣/盾 (鑑定),+7,鑑定,171.13000000000002,OLD_REALM,2026-08-13
灰色の夜明けの剣/盾 (鑑定),+8,鑑定,314.0,OLD_REALM,2026-08-13
灰色の夜明けの剣/盾 (鑑定),+9,鑑定,1067.6,OLD_REALM,2026-08-13
灰色の夜明けの勇猛マント (未鑑定),+0,未鑑定,29.830000000000002,OLD_REALM,2026-08-13
灰色の夜明けの勇猛マント (鑑定),+0,鑑定,31.400000000000002,OLD_REALM,2026-08-13
灰色の夜明けの勇猛マント (鑑定),+1,鑑定,76.92999999999999,OLD_REALM,2026-08-13
灰色の夜明けの勇猛マント (鑑定),+2,鑑定,218.23,OLD_REALM,2026-08-13
灰色の夜明けの勇猛マント (鑑定),+3,鑑定,50.24,OLD_REALM,2026-08-13
灰色の夜明けの勇猛マント (鑑定),+4,鑑定,257.47999999999996,OLD_REALM,2026-08-13
灰色の夜明けの勇猛マント (鑑定),+5,鑑定,513.39,OLD_REALM,2026-08-13
灰色の夜明けの勇猛マント (鑑定),+6,鑑定,1099.0,OLD_REALM,2026-08-13
灰色の夜明けの勇猛マント (鑑定),+7,鑑定,4396.0,OLD_REALM,2026-08-13
灰色の夜明けの大剣 (未鑑定),+0,未鑑定,164.85,OLD_REALM,2026-08-13
灰色の夜明けの大剣 (鑑定),+0,鑑定,157.0,OLD_REALM,2026-08-13
灰色の夜明けの大剣 (鑑定),+10,鑑定,1293.68,OLD_REALM,2026-08-13
灰色の夜明けの大剣 (鑑定),+7,鑑定,774.01,OLD_REALM,2026-08-13
灰色の夜明けの大剣 (鑑定),+8,鑑定,516.53,OLD_REALM,2026-08-13
灰色の夜明けの布ズボン (未鑑定),+0,未鑑定,15.700000000000001,OLD_REALM,2026-08-13
灰色の夜明けの布ズボン (鑑定),+0,鑑定,15.700000000000001,OLD_REALM,2026-08-13
灰色の夜明けの布ズボン (鑑定),+10,鑑定,458.44,OLD_REALM,2026-08-13
灰色の夜明けの布ズボン (鑑定),+5,鑑定,15.700000000000001,OLD_REALM,2026-08-13
灰色の夜明けの布ズボン (鑑定),+6,鑑定,54.949999999999996,OLD_REALM,2026-08-13
灰色の夜明けの布ズボン (鑑定),+7,鑑定,78.5,OLD_REALM,2026-08-13
灰色の夜明けの布ズボン (鑑定),+8,鑑定,337.55,OLD_REALM,2026-08-13
灰色の夜明けの布ズボン (鑑定),+9,鑑定,549.5,OLD_REALM,2026-08-13
灰色の夜明けの帽子 (未鑑定),+0,未鑑定,15.700000000000001,OLD_REALM,2026-08-13
灰色の夜明けの帽子 (鑑定),+0,鑑定,15.700000000000001,OLD_REALM,2026-08-13
灰色の夜明けの帽子 (鑑定),+10,鑑定,785.0,OLD_REALM,2026-08-13
灰色の夜明けの帽子 (鑑定),+4,鑑定,18.84,OLD_REALM,2026-08-13
灰色の夜明けの帽子 (鑑定),+5,鑑定,255.91,OLD_REALM,2026-08-13
灰色の夜明けの帽子 (鑑定),+6,鑑定,114.61,OLD_REALM,2026-08-13
灰色の夜明けの帽子 (鑑定),+7,鑑定,157.0,OLD_REALM,2026-08-13
灰色の夜明けの帽子 (鑑定),+8,鑑定,177.41,OLD_REALM,2026-08-13
灰色の夜明けの帽子 (鑑定),+9,鑑定,296.72999999999996,OLD_REALM,2026-08-13
灰色の夜明けの弓 (未鑑定),+0,未鑑定,314.0,OLD_REALM,2026-08-13
灰色の夜明けの弓 (鑑定),+0,鑑定,613.87,OLD_REALM,2026-08-13
灰色の夜明けの弓 (鑑定),+10,鑑定,1727.0,OLD_REALM,2026-08-13
灰色の夜明けの弓 (鑑定),+11,鑑定,2565.38,OLD_REALM,2026-08-13
灰色の夜明けの弓 (鑑定),+7,鑑定,295.15999999999997,OLD_REALM,2026-08-13
灰色の夜明けの弓 (鑑定),+8,鑑定,825.8199999999999,OLD_REALM,2026-08-13
灰色の夜明けの弓 (鑑定),+9,鑑定,1177.5,OLD_REALM,2026-08-13
灰色の夜明けの戦棒 (未鑑定),+0,未鑑定,343.83,OLD_REALM,2026-08-13
灰色の夜明けの戦棒 (鑑定),+0,鑑定,546.36,OLD_REALM,2026-08-13
灰色の夜明けの戦棒 (鑑定),+10,鑑定,1552.73,OLD_REALM,2026-08-13
灰色の夜明けの戦棒 (鑑定),+12,鑑定,3925.0,OLD_REALM,2026-08-13
灰色の夜明けの戦棒 (鑑定),+7,鑑定,549.5,OLD_REALM,2026-08-13
灰色の夜明けの戦棒 (鑑定),+8,鑑定,502.40000000000003,OLD_REALM,2026-08-13
灰色の夜明けの戦棒 (鑑定),+9,鑑定,949.85,OLD_REALM,2026-08-13
灰色の夜明けの戦闘マント (未鑑定),+0,未鑑定,53.38,OLD_REALM,2026-08-13
灰色の夜明けの戦闘マント (鑑定),+0,鑑定,86.35000000000001,OLD_REALM,2026-08-13
灰色の夜明けの戦闘マント (鑑定),+1,鑑定,78.5,OLD_REALM,2026-08-13
灰色の夜明けの戦闘マント (鑑定),+2,鑑定,50.24,OLD_REALM,2026-08-13
灰色の夜明けの戦闘マント (鑑定),+3,鑑定,211.95000000000002,OLD_REALM,2026-08-13
灰色の夜明けの戦闘マント (鑑定),+4,鑑定,235.5,OLD_REALM,2026-08-13
灰色の夜明けの戦闘マント (鑑定),+5,鑑定,361.09999999999997,OLD_REALM,2026-08-13
灰色の夜明けの戦闘マント (鑑定),+7,鑑定,6280.0,OLD_REALM,2026-08-13
灰色の夜明けの戦闘盾 (未鑑定),+0,未鑑定,232.35999999999999,OLD_REALM,2026-08-13
灰色の夜明けの戦闘盾 (鑑定),+0,鑑定,314.0,OLD_REALM,2026-08-13
灰色の夜明けの戦闘盾 (鑑定),+10,鑑定,942.0,OLD_REALM,2026-08-13
灰色の夜明けの戦闘盾 (鑑定),+12,鑑定,2355.0,OLD_REALM,2026-08-13
灰色の夜明けの戦闘盾 (鑑定),+13,鑑定,8641.28,OLD_REALM,2026-08-13
灰色の夜明けの戦闘盾 (鑑定),+7,鑑定,314.0,OLD_REALM,2026-08-13
灰色の夜明けの戦闘盾 (鑑定),+8,鑑定,533.8,OLD_REALM,2026-08-13
灰色の夜明けの戦闘盾 (鑑定),+9,鑑定,628.0,OLD_REALM,2026-08-13
灰色の夜明けの手甲 (未鑑定),+0,未鑑定,15.700000000000001,OLD_REALM,2026-08-13
灰色の夜明けの手甲 (鑑定),+0,鑑定,15.700000000000001,OLD_REALM,2026-08-13
灰色の夜明けの手甲 (鑑定),+10,鑑定,549.5,OLD_REALM,2026-08-13
灰色の夜明けの手甲 (鑑定),+11,鑑定,2355.0,OLD_REALM,2026-08-13
灰色の夜明けの手甲 (鑑定),+5,鑑定,15.700000000000001,OLD_REALM,2026-08-13
灰色の夜明けの手甲 (鑑定),+6,鑑定,39.25,OLD_REALM,2026-08-13
灰色の夜明けの手甲 (鑑定),+7,鑑定,47.1,OLD_REALM,2026-08-13
灰色の夜明けの手甲 (鑑定),+8,鑑定,62.800000000000004,OLD_REALM,2026-08-13
灰色の夜明けの手甲 (鑑定),+9,鑑定,117.75,OLD_REALM,2026-08-13
灰色の夜明けの杖 (未鑑定),+0,未鑑定,197.82,OLD_REALM,2026-08-13
灰色の夜明けの杖 (鑑定),+0,鑑定,216.66,OLD_REALM,2026-08-13
灰色の夜明けの杖 (鑑定),+10,鑑定,1025.21,OLD_REALM,2026-08-13
灰色の夜明けの杖 (鑑定),+11,鑑定,1884.0,OLD_REALM,2026-08-13
灰色の夜明けの杖 (鑑定),+12,鑑定,3334.68,OLD_REALM,2026-08-13
灰色の夜明けの杖 (鑑定),+7,鑑定,218.23,OLD_REALM,2026-08-13
灰色の夜明けの杖 (鑑定),+8,鑑定,516.53,OLD_REALM,2026-08-13
灰色の夜明けの杖 (鑑定),+9,鑑定,1161.8,OLD_REALM,2026-08-13
灰色の夜明けの短剣 (未鑑定),+0,未鑑定,235.5,OLD_REALM,2026-08-13
灰色の夜明けの短剣 (鑑定),+0,鑑定,155.43,OLD_REALM,2026-08-13
灰色の夜明けの短剣 (鑑定),+10,鑑定,704.9300000000001,OLD_REALM,2026-08-13
灰色の夜明けの短剣 (鑑定),+11,鑑定,2581.0800000000004,OLD_REALM,2026-08-13
灰色の夜明けの短剣 (鑑定),+12,鑑定,4620.51,OLD_REALM,2026-08-13
灰色の夜明けの短剣 (鑑定),+6,鑑定,461.58,OLD_REALM,2026-08-13
灰色の夜明けの短剣 (鑑定),+7,鑑定,196.25,OLD_REALM,2026-08-13
灰色の夜明けの短剣 (鑑定),+8,鑑定,483.56,OLD_REALM,2026-08-13
灰色の夜明けの短剣 (鑑定),+9,鑑定,1099.0,OLD_REALM,2026-08-13
灰色の夜明けの短靴 (未鑑定),+0,未鑑定,15.700000000000001,OLD_REALM,2026-08-13
灰色の夜明けの短靴 (鑑定),+0,鑑定,15.700000000000001,OLD_REALM,2026-08-13
灰色の夜明けの短靴 (鑑定),+10,鑑定,157.0,OLD_REALM,2026-08-13
灰色の夜明けの短靴 (鑑定),+5,鑑定,29.830000000000002,OLD_REALM,2026-08-13
灰色の夜明けの短靴 (鑑定),+6,鑑定,48.67,OLD_REALM,2026-08-13
灰色の夜明けの短靴 (鑑定),+7,鑑定,109.89999999999999,OLD_REALM,2026-08-13
灰色の夜明けの短靴 (鑑定),+8,鑑定,282.6,OLD_REALM,2026-08-13
灰色の夜明けの短靴 (鑑定),+9,鑑定,390.93,OLD_REALM,2026-08-13
灰色の夜明けの破壊マント (未鑑定),+0,未鑑定,31.400000000000002,OLD_REALM,2026-08-13
灰色の夜明けの破壊マント (鑑定),+0,鑑定,37.68,OLD_REALM,2026-08-13
灰色の夜明けの破壊マント (鑑定),+2,鑑定,2826.0,OLD_REALM,2026-08-13
灰色の夜明けの破壊マント (鑑定),+3,鑑定,235.5,OLD_REALM,2026-08-13
灰色の夜明けの破壊マント (鑑定),+4,鑑定,628.0,OLD_REALM,2026-08-13
灰色の夜明けの破壊マント (鑑定),+5,鑑定,412.90999999999997,OLD_REALM,2026-08-13
灰色の夜明けの破壊マント (鑑定),+6,鑑定,938.86,OLD_REALM,2026-08-13
灰色の夜明けの籠手 (未鑑定),+0,未鑑定,172.70000000000002,OLD_REALM,2026-08-13
灰色の夜明けの籠手 (鑑定),+0,鑑定,219.79999999999998,OLD_REALM,2026-08-13
灰色の夜明けの籠手 (鑑定),+10,鑑定,392.5,OLD_REALM,2026-08-13
灰色の夜明けの籠手 (鑑定),+11,鑑定,3768.0,OLD_REALM,2026-08-13
灰色の夜明けの籠手 (鑑定),+7,鑑定,142.87,OLD_REALM,2026-08-13
灰色の夜明けの籠手 (鑑定),+8,鑑定,502.40000000000003,OLD_REALM,2026-08-13
灰色の夜明けの籠手 (鑑定),+9,鑑定,1405.1499999999999,OLD_REALM,2026-08-13
灰色の夜明けの精霊マント (未鑑定),+0,未鑑定,29.830000000000002,OLD_REALM,2026-08-13
灰色の夜明けの精霊マント (鑑定),+0,鑑定,32.97,OLD_REALM,2026-08-13
灰色の夜明けの精霊マント (鑑定),+1,鑑定,235.5,OLD_REALM,2026-08-13
灰色の夜明けの精霊マント (鑑定),+2,鑑定,211.95000000000002,OLD_REALM,2026-08-13
灰色の夜明けの精霊マント (鑑定),+3,鑑定,64.36999999999999,OLD_REALM,2026-08-13
灰色の夜明けの精霊マント (鑑定),+4,鑑定,298.3,OLD_REALM,2026-08-13
灰色の夜明けの精霊マント (鑑定),+5,鑑定,232.35999999999999,OLD_REALM,2026-08-13
灰色の夜明けの精霊マント (鑑定),+6,鑑定,626.4300000000001,OLD_REALM,2026-08-13
灰色の夜明けの鎧 (未鑑定),+0,未鑑定,15.700000000000001,OLD_REALM,2026-08-13
灰色の夜明けの鎧 (鑑定),+0,鑑定,15.700000000000001,OLD_REALM,2026-08-13
灰色の夜明けの鎧 (鑑定),+10,鑑定,204.1,OLD_REALM,2026-08-13
灰色の夜明けの鎧 (鑑定),+4,鑑定,37.68,OLD_REALM,2026-08-13
灰色の夜明けの鎧 (鑑定),+5,鑑定,15.700000000000001,OLD_REALM,2026-08-13
灰色の夜明けの鎧 (鑑定),+6,鑑定,17.27,OLD_REALM,2026-08-13
灰色の夜明けの鎧 (鑑定),+7,鑑定,36.11,OLD_REALM,2026-08-13
灰色の夜明けの鎧 (鑑定),+8,鑑定,109.89999999999999,OLD_REALM,2026-08-13
灰色の夜明けの鎧 (鑑定),+9,鑑定,235.5,OLD_REALM,2026-08-13
灰色の夜明けの長靴 (未鑑定),+0,未鑑定,15.700000000000001,OLD_REALM,2026-08-13
灰色の夜明けの長靴 (鑑定),+0,鑑定,15.700000000000001,OLD_REALM,2026-08-13
灰色の夜明けの長靴 (鑑定),+10,鑑定,237.07,OLD_REALM,2026-08-13
灰色の夜明けの長靴 (鑑定),+11,鑑定,761.4499999999999,OLD_REALM,2026-08-13
灰色の夜明けの長靴 (鑑定),+5,鑑定,25.12,OLD_REALM,2026-08-13
灰色の夜明けの長靴 (鑑定),+6,鑑定,18.84,OLD_REALM,2026-08-13
灰色の夜明けの長靴 (鑑定),+7,鑑定,73.78999999999999,OLD_REALM,2026-08-13
灰色の夜明けの長靴 (鑑定),+8,鑑定,109.89999999999999,OLD_REALM,2026-08-13
灰色の夜明けの長靴 (鑑定),+9,鑑定,185.26,OLD_REALM,2026-08-13
灰色の夜明けの革ズボン (未鑑定),+0,未鑑定,15.700000000000001,OLD_REALM,2026-08-13
灰色の夜明けの革ズボン (鑑定),+0,鑑定,15.700000000000001,OLD_REALM,2026-08-13
灰色の夜明けの革ズボン (鑑定),+10,鑑定,314.0,OLD_REALM,2026-08-13
灰色の夜明けの革ズボン (鑑定),+11,鑑定,580.9,OLD_REALM,2026-08-13
灰色の夜明けの革ズボン (鑑定),+12,鑑定,1781.95,OLD_REALM,2026-08-13
灰色の夜明けの革ズボン (鑑定),+5,鑑定,15.700000000000001,OLD_REALM,2026-08-13
灰色の夜明けの革ズボン (鑑定),+6,鑑定,47.1,OLD_REALM,2026-08-13
灰色の夜明けの革ズボン (鑑定),+7,鑑定,69.08,OLD_REALM,2026-08-13
灰色の夜明けの革ズボン (鑑定),+8,鑑定,61.230000000000004,OLD_REALM,2026-08-13
灰色の夜明けの革ズボン (鑑定),+9,鑑定,194.68,OLD_REALM,2026-08-13
白い戦闘馬のサドル,+0,なし,69.08,OLD_REALM,2026-08-13
真理の聖杯 (鑑定),+7,鑑定,70336.0,OLD_REALM,2026-08-13
短剣：再整備,+0,なし,3333.11,OLD_REALM,2026-08-13
短剣：暗殺者の印,+0,なし,75.36,OLD_REALM,2026-08-13
短剣：素早さ,+0,なし,15.700000000000001,OLD_REALM,2026-08-13
素手：武術修練,+0,なし,483.56,OLD_REALM,2026-08-13
聖戦士の軍馬のサドル,+0,なし,34.54,OLD_REALM,2026-08-13
荒ぶる戦闘狼のサドル,+0,なし,15.700000000000001,OLD_REALM,2026-08-13
青い戦闘馬のサドル,+0,なし,50.24,OLD_REALM,2026-08-13
魔法使いの駿馬のサドル,+0,なし,65.94,OLD_REALM,2026-08-13
黒い戦闘馬のサドル,+0,なし,73.78999999999999,OLD_REALM,2026-08-13
黒棘のガントレット (未鑑定),+0,未鑑定,15.700000000000001,OLD_REALM,2026-08-13
黒棘のガントレット (鑑定),+0,鑑定,15.700000000000001,OLD_REALM,2026-08-13
黒棘のガントレット (鑑定),+10,鑑定,193.10999999999999,OLD_REALM,2026-08-13
黒棘のガントレット (鑑定),+5,鑑定,15.700000000000001,OLD_REALM,2026-08-13
黒棘のガントレット (鑑定),+6,鑑定,15.700000000000001,OLD_REALM,2026-08-13
黒棘のガントレット (鑑定),+7,鑑定,109.89999999999999,OLD_REALM,2026-08-13
黒棘のガントレット (鑑定),+8,鑑定,243.35,OLD_REALM,2026-08-13
黒棘のガントレット (鑑定),+9,鑑定,379.94,OLD_REALM,2026-08-13
黒棘のクロスボウ (未鑑定),+0,未鑑定,764.59,OLD_REALM,2026-08-13
黒棘のクロスボウ (鑑定),+0,鑑定,770.87,OLD_REALM,2026-08-13
黒棘のクロスボウ (鑑定),+10,鑑定,5212.400000000001,OLD_REALM,2026-08-13
黒棘のクロスボウ (鑑定),+12,鑑定,13031.0,OLD_REALM,2026-08-13
黒棘のクロスボウ (鑑定),+7,鑑定,706.5,OLD_REALM,2026-08-13
黒棘のクロスボウ (鑑定),+8,鑑定,2355.0,OLD_REALM,2026-08-13
黒棘のグリーヴ (未鑑定),+0,未鑑定,18.84,OLD_REALM,2026-08-13
黒棘のグリーヴ (鑑定),+0,鑑定,15.700000000000001,OLD_REALM,2026-08-13
黒棘のグリーヴ (鑑定),+10,鑑定,1780.3799999999999,OLD_REALM,2026-08-13
黒棘のグリーヴ (鑑定),+5,鑑定,292.02000000000004,OLD_REALM,2026-08-13
黒棘のグリーヴ (鑑定),+6,鑑定,188.4,OLD_REALM,2026-08-13
黒棘のグリーヴ (鑑定),+7,鑑定,438.03000000000003,OLD_REALM,2026-08-13
黒棘のグリーヴ (鑑定),+8,鑑定,416.05,OLD_REALM,2026-08-13
黒棘のグリーヴ (鑑定),+9,鑑定,785.0,OLD_REALM,2026-08-13
黒棘のグローブ (未鑑定),+0,未鑑定,36.11,OLD_REALM,2026-08-13
黒棘のグローブ (鑑定),+0,鑑定,31.400000000000002,OLD_REALM,2026-08-13
黒棘のグローブ (鑑定),+10,鑑定,384.65000000000003,OLD_REALM,2026-08-13
黒棘のグローブ (鑑定),+5,鑑定,157.0,OLD_REALM,2026-08-13
黒棘のグローブ (鑑定),+6,鑑定,157.0,OLD_REALM,2026-08-13
黒棘のグローブ (鑑定),+8,鑑定,645.2700000000001,OLD_REALM,2026-08-13
黒棘のサイド (未鑑定),+0,未鑑定,1153.95,OLD_REALM,2026-08-13
黒棘のサイド (鑑定),+0,鑑定,1727.0,OLD_REALM,2026-08-13
黒棘のサイド (鑑定),+10,鑑定,6123.0,OLD_REALM,2026-08-13
黒棘のサイド (鑑定),+7,鑑定,1153.95,OLD_REALM,2026-08-13
黒棘のサイド (鑑定),+8,鑑定,1794.51,OLD_REALM,2026-08-13
黒棘のサイド (鑑定),+9,鑑定,4710.0,OLD_REALM,2026-08-13
黒棘のネックレス,+12,なし,471.0,OLD_REALM,2026-08-13
黒棘のネックレス,+16,なし,785.0,OLD_REALM,2026-08-13
黒棘のネックレス,+17,なし,1033.06,OLD_REALM,2026-08-13
黒棘のネックレス,+20,なし,3229.4900000000002,OLD_REALM,2026-08-13
黒棘のフード (未鑑定),+0,未鑑定,15.700000000000001,OLD_REALM,2026-08-13
黒棘のフード (鑑定),+0,鑑定,15.700000000000001,OLD_REALM,2026-08-13
黒棘のフード (鑑定),+10,鑑定,180.54999999999998,OLD_REALM,2026-08-13
黒棘のフード (鑑定),+11,鑑定,2512.0,OLD_REALM,2026-08-13
黒棘のフード (鑑定),+5,鑑定,15.700000000000001,OLD_REALM,2026-08-13
黒棘のフード (鑑定),+6,鑑定,78.5,OLD_REALM,2026-08-13
黒棘のフード (鑑定),+7,鑑定,296.72999999999996,OLD_REALM,2026-08-13
黒棘のフード (鑑定),+8,鑑定,204.1,OLD_REALM,2026-08-13
黒棘のフード (鑑定),+9,鑑定,596.6,OLD_REALM,2026-08-13
黒棘のヘルム (未鑑定),+0,未鑑定,15.700000000000001,OLD_REALM,2026-08-13
黒棘のヘルム (鑑定),+0,鑑定,15.700000000000001,OLD_REALM,2026-08-13
黒棘のヘルム (鑑定),+10,鑑定,785.0,OLD_REALM,2026-08-13
黒棘のヘルム (鑑定),+5,鑑定,29.830000000000002,OLD_REALM,2026-08-13
黒棘のヘルム (鑑定),+6,鑑定,61.230000000000004,OLD_REALM,2026-08-13
黒棘のヘルム (鑑定),+7,鑑定,259.05,OLD_REALM,2026-08-13
黒棘のヘルム (鑑定),+8,鑑定,235.5,OLD_REALM,2026-08-13
黒棘のベスト (未鑑定),+0,未鑑定,15.700000000000001,OLD_REALM,2026-08-13
黒棘のベスト (鑑定),+0,鑑定,15.700000000000001,OLD_REALM,2026-08-13
黒棘のベスト (鑑定),+10,鑑定,464.71999999999997,OLD_REALM,2026-08-13
黒棘のベスト (鑑定),+11,鑑定,942.0,OLD_REALM,2026-08-13
黒棘のベスト (鑑定),+5,鑑定,15.700000000000001,OLD_REALM,2026-08-13
黒棘のベスト (鑑定),+7,鑑定,312.43,OLD_REALM,2026-08-13
黒棘のベスト (鑑定),+8,鑑定,284.17,OLD_REALM,2026-08-13
黒棘のベスト (鑑定),+9,鑑定,475.71,OLD_REALM,2026-08-13
黒棘のリング,+0,なし,45.529999999999994,OLD_REALM,2026-08-13
黒棘のリング,+12,なし,235.5,OLD_REALM,2026-08-13
黒棘のリング,+15,なし,241.78,OLD_REALM,2026-08-13
黒棘のリング,+17,なし,310.86,OLD_REALM,2026-08-13
黒棘のレガース (未鑑定),+0,未鑑定,15.700000000000001,OLD_REALM,2026-08-13
黒棘のレガース (鑑定),+0,鑑定,15.700000000000001,OLD_REALM,2026-08-13
黒棘のレガース (鑑定),+10,鑑定,392.5,OLD_REALM,2026-08-13
黒棘のレガース (鑑定),+11,鑑定,1099.0,OLD_REALM,2026-08-13
黒棘のレガース (鑑定),+5,鑑定,23.55,OLD_REALM,2026-08-13
黒棘のレガース (鑑定),+6,鑑定,15.700000000000001,OLD_REALM,2026-08-13
黒棘のレガース (鑑定),+7,鑑定,463.15000000000003,OLD_REALM,2026-08-13
黒棘のレガース (鑑定),+8,鑑定,141.3,OLD_REALM,2026-08-13
黒棘のレガース (鑑定),+9,鑑定,423.90000000000003,OLD_REALM,2026-08-13
黒棘のローブ (未鑑定),+0,未鑑定,15.700000000000001,OLD_REALM,2026-08-13
黒棘のローブ (鑑定),+0,鑑定,204.1,OLD_REALM,2026-08-13
黒棘のローブ (鑑定),+5,鑑定,31.400000000000002,OLD_REALM,2026-08-13
黒棘のローブ (鑑定),+6,鑑定,32.97,OLD_REALM,2026-08-13
黒棘のローブ (鑑定),+7,鑑定,455.3,OLD_REALM,2026-08-13
黒棘のローブ (鑑定),+8,鑑定,157.0,OLD_REALM,2026-08-13
黒棘のローブ (鑑定),+9,鑑定,392.5,OLD_REALM,2026-08-13
黒棘の剣/盾 (未鑑定),+0,未鑑定,464.71999999999997,OLD_REALM,2026-08-13
黒棘の剣/盾 (鑑定),+0,鑑定,543.22,OLD_REALM,2026-08-13
黒棘の剣/盾 (鑑定),+10,鑑定,2669.0,OLD_REALM,2026-08-13
黒棘の剣/盾 (鑑定),+11,鑑定,4710.0,OLD_REALM,2026-08-13
黒棘の剣/盾 (鑑定),+7,鑑定,942.0,OLD_REALM,2026-08-13
黒棘の剣/盾 (鑑定),+8,鑑定,943.5699999999999,OLD_REALM,2026-08-13
黒棘の勇猛マント (未鑑定),+0,未鑑定,47.1,OLD_REALM,2026-08-13
黒棘の勇猛マント (鑑定),+0,鑑定,47.1,OLD_REALM,2026-08-13
黒棘の勇猛マント (鑑定),+1,鑑定,80.07000000000001,OLD_REALM,2026-08-13
黒棘の勇猛マント (鑑定),+2,鑑定,139.73,OLD_REALM,2026-08-13
黒棘の勇猛マント (鑑定),+3,鑑定,157.0,OLD_REALM,2026-08-13
黒棘の勇猛マント (鑑定),+4,鑑定,516.53,OLD_REALM,2026-08-13
黒棘の勇猛マント (鑑定),+5,鑑定,471.0,OLD_REALM,2026-08-13
黒棘の大剣 (未鑑定),+0,未鑑定,285.74,OLD_REALM,2026-08-13
黒棘の大剣 (鑑定),+0,鑑定,266.9,OLD_REALM,2026-08-13
黒棘の大剣 (鑑定),+10,鑑定,2259.23,OLD_REALM,2026-08-13
黒棘の大剣 (鑑定),+12,鑑定,8164.0,OLD_REALM,2026-08-13
黒棘の大剣 (鑑定),+7,鑑定,335.98,OLD_REALM,2026-08-13
黒棘の大剣 (鑑定),+8,鑑定,471.0,OLD_REALM,2026-08-13
黒棘の布ズボン (未鑑定),+0,未鑑定,15.700000000000001,OLD_REALM,2026-08-13
黒棘の布ズボン (鑑定),+0,鑑定,15.700000000000001,OLD_REALM,2026-08-13
黒棘の布ズボン (鑑定),+10,鑑定,314.0,OLD_REALM,2026-08-13
黒棘の布ズボン (鑑定),+5,鑑定,15.700000000000001,OLD_REALM,2026-08-13
黒棘の布ズボン (鑑定),+6,鑑定,157.0,OLD_REALM,2026-08-13
黒棘の布ズボン (鑑定),+7,鑑定,125.60000000000001,OLD_REALM,2026-08-13
黒棘の布ズボン (鑑定),+8,鑑定,189.97,OLD_REALM,2026-08-13
黒棘の布ズボン (鑑定),+9,鑑定,368.95,OLD_REALM,2026-08-13
黒棘の帽子 (未鑑定),+0,未鑑定,15.700000000000001,OLD_REALM,2026-08-13
黒棘の帽子 (鑑定),+0,鑑定,15.700000000000001,OLD_REALM,2026-08-13
黒棘の帽子 (鑑定),+10,鑑定,314.0,OLD_REALM,2026-08-13
黒棘の帽子 (鑑定),+11,鑑定,458.44,OLD_REALM,2026-08-13
黒棘の帽子 (鑑定),+5,鑑定,20.41,OLD_REALM,2026-08-13
黒棘の帽子 (鑑定),+6,鑑定,128.73999999999998,OLD_REALM,2026-08-13
黒棘の帽子 (鑑定),+7,鑑定,368.95,OLD_REALM,2026-08-13
黒棘の帽子 (鑑定),+8,鑑定,471.0,OLD_REALM,2026-08-13
黒棘の帽子 (鑑定),+9,鑑定,309.29,OLD_REALM,2026-08-13
黒棘の弓 (未鑑定),+0,未鑑定,518.1,OLD_REALM,2026-08-13
黒棘の弓 (鑑定),+0,鑑定,544.7900000000001,OLD_REALM,2026-08-13
黒棘の弓 (鑑定),+10,鑑定,3589.02,OLD_REALM,2026-08-13
黒棘の弓 (鑑定),+12,鑑定,11461.0,OLD_REALM,2026-08-13
黒棘の弓 (鑑定),+6,鑑定,1413.0,OLD_REALM,2026-08-13
黒棘の弓 (鑑定),+7,鑑定,648.41,OLD_REALM,2026-08-13
黒棘の弓 (鑑定),+8,鑑定,645.2700000000001,OLD_REALM,2026-08-13
黒棘の戦棒 (鑑定),+0,鑑定,942.0,OLD_REALM,2026-08-13
黒棘の戦棒 (鑑定),+10,鑑定,1727.0,OLD_REALM,2026-08-13
黒棘の戦棒 (鑑定),+7,鑑定,1084.8700000000001,OLD_REALM,2026-08-13
黒棘の戦棒 (鑑定),+8,鑑定,1648.5,OLD_REALM,2026-08-13
黒棘の戦棒 (鑑定),+9,鑑定,2667.43,OLD_REALM,2026-08-13
黒棘の戦闘マント (未鑑定),+0,未鑑定,80.07000000000001,OLD_REALM,2026-08-13
黒棘の戦闘マント (鑑定),+0,鑑定,157.0,OLD_REALM,2026-08-13
黒棘の戦闘マント (鑑定),+2,鑑定,216.66,OLD_REALM,2026-08-13
黒棘の戦闘マント (鑑定),+3,鑑定,157.0,OLD_REALM,2026-08-13
黒棘の戦闘マント (鑑定),+4,鑑定,1256.0,OLD_REALM,2026-08-13
黒棘の戦闘マント (鑑定),+5,鑑定,894.9,OLD_REALM,2026-08-13
黒棘の戦闘マント (鑑定),+6,鑑定,1570.0,OLD_REALM,2026-08-13
黒棘の戦闘盾 (未鑑定),+0,未鑑定,307.71999999999997,OLD_REALM,2026-08-13
黒棘の戦闘盾 (鑑定),+0,鑑定,469.43,OLD_REALM,2026-08-13
黒棘の戦闘盾 (鑑定),+10,鑑定,2000.18,OLD_REALM,2026-08-13
黒棘の戦闘盾 (鑑定),+12,鑑定,12560.0,OLD_REALM,2026-08-13
黒棘の戦闘盾 (鑑定),+7,鑑定,251.20000000000002,OLD_REALM,2026-08-13
黒棘の戦闘盾 (鑑定),+8,鑑定,522.8100000000001,OLD_REALM,2026-08-13
黒棘の手甲 (未鑑定),+0,未鑑定,15.700000000000001,OLD_REALM,2026-08-13
黒棘の手甲 (鑑定),+0,鑑定,15.700000000000001,OLD_REALM,2026-08-13
黒棘の手甲 (鑑定),+10,鑑定,390.93,OLD_REALM,2026-08-13
黒棘の手甲 (鑑定),+5,鑑定,15.700000000000001,OLD_REALM,2026-08-13
黒棘の手甲 (鑑定),+6,鑑定,61.230000000000004,OLD_REALM,2026-08-13
黒棘の手甲 (鑑定),+7,鑑定,155.43,OLD_REALM,2026-08-13
黒棘の手甲 (鑑定),+8,鑑定,237.07,OLD_REALM,2026-08-13
黒棘の手甲 (鑑定),+9,鑑定,299.87,OLD_REALM,2026-08-13
黒棘の杖 (未鑑定),+0,未鑑定,334.40999999999997,OLD_REALM,2026-08-13
黒棘の杖 (鑑定),+0,鑑定,332.84000000000003,OLD_REALM,2026-08-13
黒棘の杖 (鑑定),+10,鑑定,1993.8999999999999,OLD_REALM,2026-08-13
黒棘の杖 (鑑定),+12,鑑定,7539.14,OLD_REALM,2026-08-13
黒棘の杖 (鑑定),+7,鑑定,392.5,OLD_REALM,2026-08-13
黒棘の杖 (鑑定),+8,鑑定,769.3000000000001,OLD_REALM,2026-08-13
黒棘の杖 (鑑定),+9,鑑定,1962.5,OLD_REALM,2026-08-13
黒棘の短剣 (未鑑定),+0,未鑑定,714.35,OLD_REALM,2026-08-13
黒棘の短剣 (鑑定),+0,鑑定,769.3000000000001,OLD_REALM,2026-08-13
黒棘の短剣 (鑑定),+10,鑑定,3078.77,OLD_REALM,2026-08-13
黒棘の短剣 (鑑定),+6,鑑定,1172.79,OLD_REALM,2026-08-13
黒棘の短剣 (鑑定),+7,鑑定,785.0,OLD_REALM,2026-08-13
黒棘の短剣 (鑑定),+8,鑑定,896.47,OLD_REALM,2026-08-13
黒棘の短靴 (未鑑定),+0,未鑑定,15.700000000000001,OLD_REALM,2026-08-13
黒棘の短靴 (鑑定),+0,鑑定,15.700000000000001,OLD_REALM,2026-08-13
黒棘の短靴 (鑑定),+10,鑑定,392.5,OLD_REALM,2026-08-13
黒棘の短靴 (鑑定),+5,鑑定,15.700000000000001,OLD_REALM,2026-08-13
黒棘の短靴 (鑑定),+6,鑑定,157.0,OLD_REALM,2026-08-13
黒棘の短靴 (鑑定),+7,鑑定,353.25,OLD_REALM,2026-08-13
黒棘の短靴 (鑑定),+8,鑑定,785.0,OLD_REALM,2026-08-13
黒棘の破壊マント (未鑑定),+0,未鑑定,128.73999999999998,OLD_REALM,2026-08-13
黒棘の破壊マント (鑑定),+0,鑑定,109.89999999999999,OLD_REALM,2026-08-13
黒棘の破壊マント (鑑定),+1,鑑定,138.16,OLD_REALM,2026-08-13
黒棘の破壊マント (鑑定),+3,鑑定,282.6,OLD_REALM,2026-08-13
黒棘の破壊マント (鑑定),+4,鑑定,208.81,OLD_REALM,2026-08-13
黒棘の破壊マント (鑑定),+5,鑑定,628.0,OLD_REALM,2026-08-13
黒棘の破壊マント (鑑定),+6,鑑定,1256.0,OLD_REALM,2026-08-13
黒棘の籠手 (未鑑定),+0,未鑑定,116.17999999999999,OLD_REALM,2026-08-13
黒棘の籠手 (鑑定),+0,鑑定,136.59,OLD_REALM,2026-08-13
黒棘の籠手 (鑑定),+10,鑑定,1256.0,OLD_REALM,2026-08-13
黒棘の籠手 (鑑定),+12,鑑定,2950.0299999999997,OLD_REALM,2026-08-13
黒棘の籠手 (鑑定),+7,鑑定,157.0,OLD_REALM,2026-08-13
黒棘の籠手 (鑑定),+8,鑑定,329.7,OLD_REALM,2026-08-13
黒棘の籠手 (鑑定),+9,鑑定,1524.47,OLD_REALM,2026-08-13
黒棘の精霊マント (未鑑定),+0,未鑑定,56.519999999999996,OLD_REALM,2026-08-13
黒棘の精霊マント (鑑定),+0,鑑定,54.949999999999996,OLD_REALM,2026-08-13
黒棘の精霊マント (鑑定),+1,鑑定,1254.43,OLD_REALM,2026-08-13
黒棘の精霊マント (鑑定),+2,鑑定,257.47999999999996,OLD_REALM,2026-08-13
黒棘の精霊マント (鑑定),+3,鑑定,62.800000000000004,OLD_REALM,2026-08-13
黒棘の精霊マント (鑑定),+4,鑑定,439.59999999999997,OLD_REALM,2026-08-13
黒棘の精霊マント (鑑定),+5,鑑定,453.73,OLD_REALM,2026-08-13
黒棘の精霊マント (鑑定),+6,鑑定,1256.0,OLD_REALM,2026-08-13
黒棘の鎧 (未鑑定),+0,未鑑定,15.700000000000001,OLD_REALM,2026-08-13
黒棘の鎧 (鑑定),+0,鑑定,15.700000000000001,OLD_REALM,2026-08-13
黒棘の鎧 (鑑定),+10,鑑定,246.49,OLD_REALM,2026-08-13
黒棘の鎧 (鑑定),+5,鑑定,15.700000000000001,OLD_REALM,2026-08-13
黒棘の鎧 (鑑定),+6,鑑定,32.97,OLD_REALM,2026-08-13
黒棘の鎧 (鑑定),+7,鑑定,125.60000000000001,OLD_REALM,2026-08-13
黒棘の鎧 (鑑定),+8,鑑定,136.59,OLD_REALM,2026-08-13
黒棘の鎧 (鑑定),+9,鑑定,775.58,OLD_REALM,2026-08-13
黒棘の長靴 (未鑑定),+0,未鑑定,15.700000000000001,OLD_REALM,2026-08-13
黒棘の長靴 (鑑定),+0,鑑定,15.700000000000001,OLD_REALM,2026-08-13
黒棘の長靴 (鑑定),+10,鑑定,310.86,OLD_REALM,2026-08-13
黒棘の長靴 (鑑定),+5,鑑定,15.700000000000001,OLD_REALM,2026-08-13
黒棘の長靴 (鑑定),+6,鑑定,86.35000000000001,OLD_REALM,2026-08-13
黒棘の長靴 (鑑定),+7,鑑定,332.84000000000003,OLD_REALM,2026-08-13
黒棘の長靴 (鑑定),+8,鑑定,147.57999999999998,OLD_REALM,2026-08-13
黒棘の長靴 (鑑定),+9,鑑定,288.88,OLD_REALM,2026-08-13
黒棘の革ズボン (未鑑定),+0,未鑑定,15.700000000000001,OLD_REALM,2026-08-13
黒棘の革ズボン (鑑定),+0,鑑定,15.700000000000001,OLD_REALM,2026-08-13
黒棘の革ズボン (鑑定),+10,鑑定,282.6,OLD_REALM,2026-08-13
黒棘の革ズボン (鑑定),+11,鑑定,871.35,OLD_REALM,2026-08-13
黒棘の革ズボン (鑑定),+5,鑑定,15.700000000000001,OLD_REALM,2026-08-13
黒棘の革ズボン (鑑定),+6,鑑定,78.5,OLD_REALM,2026-08-13
黒棘の革ズボン (鑑定),+7,鑑定,117.75,OLD_REALM,2026-08-13
黒棘の革ズボン (鑑定),+8,鑑定,177.41,OLD_REALM,2026-08-13
黒棘の革ズボン (鑑定),+9,鑑定,471.0,OLD_REALM,2026-08-13
1段階10番培養細胞箱(10個),+0,なし,142.87,NEW_REALM_2,2026-08-13
1段階11番培養細胞箱(10個),+0,なし,1411.43,NEW_REALM_2,2026-08-13
1段階12番培養細胞箱(10個),+0,なし,3454.0,NEW_REALM_2,2026-08-13
1段階1番培養細胞箱(10個),+0,なし,15.700000000000001,NEW_REALM_2,2026-08-13
1段階2番培養細胞箱(10個),+0,なし,15.700000000000001,NEW_REALM_2,2026-08-13
1段階3番培養細胞箱(10個),+0,なし,15.700000000000001,NEW_REALM_2,2026-08-13
1段階4番培養細胞箱(10個),+0,なし,15.700000000000001,NEW_REALM_2,2026-08-13
1段階5番培養細胞箱(10個),+0,なし,15.700000000000001,NEW_REALM_2,2026-08-13
1段階6番培養細胞箱(10個),+0,なし,15.700000000000001,NEW_REALM_2,2026-08-13
1段階7番培養細胞箱(10個),+0,なし,18.84,NEW_REALM_2,2026-08-13
1段階8番培養細胞箱(10個),+0,なし,25.12,NEW_REALM_2,2026-08-13
1段階9番培養細胞箱(10個),+0,なし,70.65,NEW_REALM_2,2026-08-13
1段階エピック装飾品強化箱(10個),+0,なし,370.52,NEW_REALM_2,2026-08-13
1段階レジェンド装飾品強化箱(10個),+0,なし,1232.45,NEW_REALM_2,2026-08-13
"1段階時の欠片箱(1,000個)",+0,なし,26.69,NEW_REALM_2,2026-08-13
1段階錬金術触媒箱(100個),+0,なし,31.400000000000002,NEW_REALM_2,2026-08-13
1段階黒オール箱(100個),+0,なし,23.55,NEW_REALM_2,2026-08-13
2段階1番培養細胞箱(50個),+0,なし,157.0,NEW_REALM_2,2026-08-13
2段階3番培養細胞箱(50個),+0,なし,157.0,NEW_REALM_2,2026-08-13
2段階6番培養細胞箱(50個),+0,なし,62.800000000000004,NEW_REALM_2,2026-08-13
2段階8番培養細胞箱(50個),+0,なし,298.3,NEW_REALM_2,2026-08-13
2段階エピック装飾品強化箱(100個),+0,なし,7850.0,NEW_REALM_2,2026-08-13
2段階レジェンド装飾品強化箱(100個),+0,なし,25434.0,NEW_REALM_2,2026-08-13
"2段階時の欠片箱(5,000個)",+0,なし,277.89,NEW_REALM_2,2026-08-13
2段階錬金術触媒箱(500個),+0,なし,255.91,NEW_REALM_2,2026-08-13
3段階1番培養細胞箱(100個),+0,なし,15.700000000000001,NEW_REALM_2,2026-08-13
3段階2番培養細胞箱(100個),+0,なし,15.700000000000001,NEW_REALM_2,2026-08-13
3段階4番培養細胞箱(100個),+0,なし,383.08,NEW_REALM_2,2026-08-13
"3段階時の欠片箱(10,000個)",+0,なし,621.72,NEW_REALM_2,2026-08-13
"4段階時の欠片箱(50,000個)",+0,なし,5017.72,NEW_REALM_2,2026-08-13
"5段階時の欠片箱(100,000個)",+0,なし,9969.5,NEW_REALM_2,2026-08-13
アザム・ヒサンのガントレット (未鑑定),+0,未鑑定,84.78,NEW_REALM_2,2026-08-13
アザム・ヒサンのクロスボウ (未鑑定),+0,未鑑定,2276.5,NEW_REALM_2,2026-08-13
アザム・ヒサンのクロスボウ (鑑定),+10,鑑定,5476.160000000001,NEW_REALM_2,2026-08-13
アザム・ヒサンのクロスボウ (鑑定),+8,鑑定,1491.5,NEW_REALM_2,2026-08-13
アザム・ヒサンのグリーヴ (未鑑定),+0,未鑑定,43.96,NEW_REALM_2,2026-08-13
アザム・ヒサンのグリーヴ (鑑定),+0,鑑定,31.400000000000002,NEW_REALM_2,2026-08-13
アザム・ヒサンのグリーヴ (鑑定),+4,鑑定,94.2,NEW_REALM_2,2026-08-13
アザム・ヒサンのグリーヴ (鑑定),+5,鑑定,200.96,NEW_REALM_2,2026-08-13
アザム・ヒサンのグリーヴ (鑑定),+6,鑑定,172.70000000000002,NEW_REALM_2,2026-08-13
アザム・ヒサンのグリーヴ (鑑定),+7,鑑定,235.5,NEW_REALM_2,2026-08-13
アザム・ヒサンのグリーヴ (鑑定),+8,鑑定,392.5,NEW_REALM_2,2026-08-13
アザム・ヒサンのグローブ (未鑑定),+0,未鑑定,122.46000000000001,NEW_REALM_2,2026-08-13
アザム・ヒサンのグローブ (鑑定),+0,鑑定,29.830000000000002,NEW_REALM_2,2026-08-13
アザム・ヒサンのグローブ (鑑定),+10,鑑定,3129.0099999999998,NEW_REALM_2,2026-08-13
アザム・ヒサンのグローブ (鑑定),+4,鑑定,51.81,NEW_REALM_2,2026-08-13
アザム・ヒサンのグローブ (鑑定),+6,鑑定,329.7,NEW_REALM_2,2026-08-13
アザム・ヒサンのサイド (未鑑定),+0,未鑑定,2356.57,NEW_REALM_2,2026-08-13
アザム・ヒサンのサイド (鑑定),+0,鑑定,2307.9,NEW_REALM_2,2026-08-13
アザム・ヒサンのサイド (鑑定),+10,鑑定,9484.369999999999,NEW_REALM_2,2026-08-13
アザム・ヒサンのサイド (鑑定),+7,鑑定,3140.0,NEW_REALM_2,2026-08-13
アザム・ヒサンのネックレス,+0,なし,5966.0,NEW_REALM_2,2026-08-13
アザム・ヒサンのフード (未鑑定),+0,未鑑定,26.69,NEW_REALM_2,2026-08-13
アザム・ヒサンのフード (鑑定),+0,鑑定,25.12,NEW_REALM_2,2026-08-13
アザム・ヒサンのフード (鑑定),+5,鑑定,45.529999999999994,NEW_REALM_2,2026-08-13
アザム・ヒサンのフード (鑑定),+6,鑑定,94.2,NEW_REALM_2,2026-08-13
アザム・ヒサンのフード (鑑定),+7,鑑定,303.01,NEW_REALM_2,2026-08-13
アザム・ヒサンのフード (鑑定),+8,鑑定,516.53,NEW_REALM_2,2026-08-13
アザム・ヒサンのフード (鑑定),+9,鑑定,1099.0,NEW_REALM_2,2026-08-13
アザム・ヒサンのブレスレット,+0,なし,706.5,NEW_REALM_2,2026-08-13
アザム・ヒサンのヘルム (未鑑定),+0,未鑑定,39.25,NEW_REALM_2,2026-08-13
アザム・ヒサンのヘルム (鑑定),+0,鑑定,31.400000000000002,NEW_REALM_2,2026-08-13
アザム・ヒサンのヘルム (鑑定),+5,鑑定,31.400000000000002,NEW_REALM_2,2026-08-13
アザム・ヒサンのヘルム (鑑定),+6,鑑定,314.0,NEW_REALM_2,2026-08-13
アザム・ヒサンのヘルム (鑑定),+7,鑑定,219.79999999999998,NEW_REALM_2,2026-08-13
アザム・ヒサンのヘルム (鑑定),+8,鑑定,1413.0,NEW_REALM_2,2026-08-13
アザム・ヒサンのベスト (未鑑定),+0,未鑑定,43.96,NEW_REALM_2,2026-08-13
アザム・ヒサンのベスト (鑑定),+0,鑑定,32.97,NEW_REALM_2,2026-08-13
アザム・ヒサンのベスト (鑑定),+10,鑑定,1256.0,NEW_REALM_2,2026-08-13
アザム・ヒサンのベスト (鑑定),+5,鑑定,282.6,NEW_REALM_2,2026-08-13
アザム・ヒサンのベスト (鑑定),+6,鑑定,128.73999999999998,NEW_REALM_2,2026-08-13
アザム・ヒサンのベスト (鑑定),+7,鑑定,549.5,NEW_REALM_2,2026-08-13
アザム・ヒサンのベスト (鑑定),+8,鑑定,384.65000000000003,NEW_REALM_2,2026-08-13
アザム・ヒサンのベルト,+0,なし,940.4300000000001,NEW_REALM_2,2026-08-13
アザム・ヒサンのレガース (未鑑定),+0,未鑑定,141.3,NEW_REALM_2,2026-08-13
アザム・ヒサンのレガース (鑑定),+0,鑑定,204.1,NEW_REALM_2,2026-08-13
アザム・ヒサンのレガース (鑑定),+8,鑑定,1554.3,NEW_REALM_2,2026-08-13
アザム・ヒサンのローブ (未鑑定),+0,未鑑定,43.96,NEW_REALM_2,2026-08-13
アザム・ヒサンのローブ (鑑定),+0,鑑定,29.830000000000002,NEW_REALM_2,2026-08-13
アザム・ヒサンのローブ (鑑定),+4,鑑定,39.25,NEW_REALM_2,2026-08-13
アザム・ヒサンのローブ (鑑定),+5,鑑定,34.54,NEW_REALM_2,2026-08-13
アザム・ヒサンのローブ (鑑定),+6,鑑定,157.0,NEW_REALM_2,2026-08-13
アザム・ヒサンのローブ (鑑定),+7,鑑定,376.8,NEW_REALM_2,2026-08-13
アザム・ヒサンのローブ (鑑定),+8,鑑定,1073.8799999999999,NEW_REALM_2,2026-08-13
アザム・ヒサンの剣/盾 (未鑑定),+0,未鑑定,2198.0,NEW_REALM_2,2026-08-13
アザム・ヒサンの剣/盾 (鑑定),+0,鑑定,7850.0,NEW_REALM_2,2026-08-13
アザム・ヒサンの剣/盾 (鑑定),+8,鑑定,3297.0,NEW_REALM_2,2026-08-13
アザム・ヒサンの大剣 (未鑑定),+0,未鑑定,1392.59,NEW_REALM_2,2026-08-13
アザム・ヒサンの大剣 (鑑定),+9,鑑定,2512.0,NEW_REALM_2,2026-08-13
アザム・ヒサンの布ズボン (未鑑定),+0,未鑑定,23.55,NEW_REALM_2,2026-08-13
アザム・ヒサンの布ズボン (鑑定),+0,鑑定,26.69,NEW_REALM_2,2026-08-13
アザム・ヒサンの布ズボン (鑑定),+4,鑑定,78.5,NEW_REALM_2,2026-08-13
アザム・ヒサンの布ズボン (鑑定),+5,鑑定,50.24,NEW_REALM_2,2026-08-13
アザム・ヒサンの布ズボン (鑑定),+6,鑑定,204.1,NEW_REALM_2,2026-08-13
アザム・ヒサンの布ズボン (鑑定),+7,鑑定,1570.0,NEW_REALM_2,2026-08-13
アザム・ヒサンの布ズボン (鑑定),+9,鑑定,1413.0,NEW_REALM_2,2026-08-13
アザム・ヒサンの帽子 (未鑑定),+0,未鑑定,25.12,NEW_REALM_2,2026-08-13
アザム・ヒサンの帽子 (鑑定),+0,鑑定,23.55,NEW_REALM_2,2026-08-13
アザム・ヒサンの帽子 (鑑定),+4,鑑定,47.1,NEW_REALM_2,2026-08-13
アザム・ヒサンの帽子 (鑑定),+5,鑑定,51.81,NEW_REALM_2,2026-08-13
アザム・ヒサンの帽子 (鑑定),+6,鑑定,166.42000000000002,NEW_REALM_2,2026-08-13
アザム・ヒサンの帽子 (鑑定),+7,鑑定,251.20000000000002,NEW_REALM_2,2026-08-13
アザム・ヒサンの帽子 (鑑定),+8,鑑定,516.53,NEW_REALM_2,2026-08-13
アザム・ヒサンの帽子 (鑑定),+9,鑑定,1499.3500000000001,NEW_REALM_2,2026-08-13
アザム・ヒサンの弓 (未鑑定),+0,未鑑定,4876.42,NEW_REALM_2,2026-08-13
アザム・ヒサンの戦棒 (未鑑定),+0,未鑑定,2384.83,NEW_REALM_2,2026-08-13
アザム・ヒサンの戦棒 (鑑定),+0,鑑定,5386.67,NEW_REALM_2,2026-08-13
アザム・ヒサンの戦棒 (鑑定),+10,鑑定,9484.369999999999,NEW_REALM_2,2026-08-13
アザム・ヒサンの戦棒 (鑑定),+7,鑑定,5385.099999999999,NEW_REALM_2,2026-08-13
アザム・ヒサンの戦闘盾 (未鑑定),+0,未鑑定,962.41,NEW_REALM_2,2026-08-13
アザム・ヒサンの戦闘盾 (鑑定),+0,鑑定,2669.0,NEW_REALM_2,2026-08-13
アザム・ヒサンの戦闘盾 (鑑定),+10,鑑定,4096.13,NEW_REALM_2,2026-08-13
アザム・ヒサンの戦闘盾 (鑑定),+11,鑑定,21428.93,NEW_REALM_2,2026-08-13
アザム・ヒサンの戦闘盾 (鑑定),+7,鑑定,1018.9300000000001,NEW_REALM_2,2026-08-13
アザム・ヒサンの戦闘盾 (鑑定),+9,鑑定,2204.2799999999997,NEW_REALM_2,2026-08-13
アザム・ヒサンの手甲 (未鑑定),+0,未鑑定,42.39,NEW_REALM_2,2026-08-13
アザム・ヒサンの手甲 (鑑定),+0,鑑定,32.97,NEW_REALM_2,2026-08-13
アザム・ヒサンの手甲 (鑑定),+4,鑑定,1099.0,NEW_REALM_2,2026-08-13
アザム・ヒサンの手甲 (鑑定),+5,鑑定,76.92999999999999,NEW_REALM_2,2026-08-13
アザム・ヒサンの手甲 (鑑定),+7,鑑定,772.4399999999999,NEW_REALM_2,2026-08-13
アザム・ヒサンの手甲 (鑑定),+8,鑑定,1256.0,NEW_REALM_2,2026-08-13
アザム・ヒサンの杖 (未鑑定),+0,未鑑定,2632.89,NEW_REALM_2,2026-08-13
アザム・ヒサンの短剣 (未鑑定),+0,未鑑定,1455.3899999999999,NEW_REALM_2,2026-08-13
アザム・ヒサンの短剣 (鑑定),+0,鑑定,2198.0,NEW_REALM_2,2026-08-13
アザム・ヒサンの短剣 (鑑定),+7,鑑定,2041.0,NEW_REALM_2,2026-08-13
アザム・ヒサンの短剣 (鑑定),+8,鑑定,2512.0,NEW_REALM_2,2026-08-13
アザム・ヒサンの短靴 (鑑定),+0,鑑定,157.0,NEW_REALM_2,2026-08-13
アザム・ヒサンの短靴 (鑑定),+5,鑑定,241.78,NEW_REALM_2,2026-08-13
アザム・ヒサンの短靴 (鑑定),+6,鑑定,596.6,NEW_REALM_2,2026-08-13
アザム・ヒサンの籠手 (未鑑定),+0,未鑑定,896.47,NEW_REALM_2,2026-08-13
アザム・ヒサンの籠手 (鑑定),+10,鑑定,2365.9900000000002,NEW_REALM_2,2026-08-13
アザム・ヒサンの籠手 (鑑定),+8,鑑定,942.0,NEW_REALM_2,2026-08-13
アザム・ヒサンの鎧 (未鑑定),+0,未鑑定,62.800000000000004,NEW_REALM_2,2026-08-13
アザム・ヒサンの鎧 (鑑定),+0,鑑定,42.39,NEW_REALM_2,2026-08-13
アザム・ヒサンの鎧 (鑑定),+5,鑑定,392.5,NEW_REALM_2,2026-08-13
アザム・ヒサンの鎧 (鑑定),+6,鑑定,549.5,NEW_REALM_2,2026-08-13
アザム・ヒサンの鎧 (鑑定),+8,鑑定,1097.43,NEW_REALM_2,2026-08-13
アザム・ヒサンの長靴 (未鑑定),+0,未鑑定,102.05,NEW_REALM_2,2026-08-13
アザム・ヒサンの長靴 (鑑定),+0,鑑定,47.1,NEW_REALM_2,2026-08-13
アザム・ヒサンの長靴 (鑑定),+6,鑑定,549.5,NEW_REALM_2,2026-08-13
アザム・ヒサンの革ズボン (未鑑定),+0,未鑑定,146.01000000000002,NEW_REALM_2,2026-08-13
アザム・ヒサンの革ズボン (鑑定),+0,鑑定,48.67,NEW_REALM_2,2026-08-13
アザム・ヒサンの革ズボン (鑑定),+5,鑑定,153.85999999999999,NEW_REALM_2,2026-08-13
アザム・ヒサンの革ズボン (鑑定),+6,鑑定,282.6,NEW_REALM_2,2026-08-13
アザム・ヒサンの革ズボン (鑑定),+8,鑑定,579.33,NEW_REALM_2,2026-08-13
アビリティ:カリオンの洞察【呪文】,+0,なし,643.6999999999999,NEW_REALM_2,2026-08-13
アビリティ:ギャンブル【補助】,+0,なし,20253.0,NEW_REALM_2,2026-08-13
アビリティ:セクレタの才能【偵察】,+0,なし,471.0,NEW_REALM_2,2026-08-13
アビリティ:テレノスの力【戦闘】,+0,なし,21.98,NEW_REALM_2,2026-08-13
アビリティ:克服【活力】,+0,なし,20194.91,NEW_REALM_2,2026-08-13
アビリティ:必殺の一撃【強化】,+0,なし,47100.0,NEW_REALM_2,2026-08-13
アビリティ:慎重な攻撃【補助】,+0,なし,51.81,NEW_REALM_2,2026-08-13
アビリティ:業火の武器【強化】,+0,なし,11618.0,NEW_REALM_2,2026-08-13
アビリティ:武装解除【戦闘】,+0,なし,8633.43,NEW_REALM_2,2026-08-13
アビリティ:破壊の武器【技巧】,+0,なし,7622.349999999999,NEW_REALM_2,2026-08-13
アビリティ:磁場生成【呪文】,+0,なし,9302.25,NEW_REALM_2,2026-08-13
アビリティ:純粋なマナ回復薬【活力】,+0,なし,15.700000000000001,NEW_REALM_2,2026-08-13
アビリティ:結界形成【防御】,+0,なし,14130.0,NEW_REALM_2,2026-08-13
アビリティ:解剖学【補助】,+0,なし,30787.7,NEW_REALM_2,2026-08-13
アビリティ:超感覚【偵察】,+0,なし,14130.0,NEW_REALM_2,2026-08-13
アビリティ:酷寒の武器【呪文】,+0,なし,5966.0,NEW_REALM_2,2026-08-13
アビリティ:雷精霊【強化】,+0,なし,7848.43,NEW_REALM_2,2026-08-13
アンコモン装飾品強化箱(100個),+0,なし,31.400000000000002,NEW_REALM_2,2026-08-13
アンデミックのサドル,+0,なし,1058.18,NEW_REALM_2,2026-08-13
イニスのヘルム (未鑑定),+0,未鑑定,20410.0,NEW_REALM_2,2026-08-13
イニスのベルト ,+0,なし,58090.0,NEW_REALM_2,2026-08-13
イニスの鎧 (未鑑定),+0,未鑑定,20253.0,NEW_REALM_2,2026-08-13
エオスのリング,+0,なし,36110.0,NEW_REALM_2,2026-08-13
エオスのレガース (未鑑定),+0,未鑑定,23705.43,NEW_REALM_2,2026-08-13
エオスのローブ (未鑑定),+0,未鑑定,26845.43,NEW_REALM_2,2026-08-13
エオスの大剣 (未鑑定),+0,未鑑定,258426.71,NEW_REALM_2,2026-08-13
エオスの短靴 (未鑑定),+0,未鑑定,34540.0,NEW_REALM_2,2026-08-13
エル・セラのイヤリング,+0,なし,1256.0,NEW_REALM_2,2026-08-13
エル・セラのガントレット (未鑑定),+0,未鑑定,785.0,NEW_REALM_2,2026-08-13
エル・セラのガントレット (鑑定),+5,鑑定,785.0,NEW_REALM_2,2026-08-13
エル・セラのグリーヴ (未鑑定),+0,未鑑定,753.6,NEW_REALM_2,2026-08-13
エル・セラのグリーヴ (鑑定),+8,鑑定,6908.0,NEW_REALM_2,2026-08-13
エル・セラのグローブ (鑑定),+10,鑑定,6278.43,NEW_REALM_2,2026-08-13
エル・セラのサイド (未鑑定),+0,未鑑定,18840.0,NEW_REALM_2,2026-08-13
エル・セラのネックレス,+0,なし,8209.53,NEW_REALM_2,2026-08-13
エル・セラのブレスレット,+0,なし,1570.0,NEW_REALM_2,2026-08-13
エル・セラのベスト (未鑑定),+0,未鑑定,942.0,NEW_REALM_2,2026-08-13
エル・セラのベルト,+0,なし,1538.6000000000001,NEW_REALM_2,2026-08-13
エル・セラのリング,+0,なし,1488.3600000000001,NEW_REALM_2,2026-08-13
エル・セラのローブ (鑑定),+0,鑑定,2067.69,NEW_REALM_2,2026-08-13
エル・セラの剣/盾 (未鑑定),+0,未鑑定,14913.429999999998,NEW_REALM_2,2026-08-13
エル・セラの布ズボン (未鑑定),+0,未鑑定,1256.0,NEW_REALM_2,2026-08-13
エル・セラの帽子 (未鑑定),+0,未鑑定,471.0,NEW_REALM_2,2026-08-13
エル・セラの弓 (未鑑定),+0,未鑑定,21980.0,NEW_REALM_2,2026-08-13
エル・セラの手甲 (未鑑定),+0,未鑑定,1570.0,NEW_REALM_2,2026-08-13
エル・セラの短剣 (未鑑定),+0,未鑑定,12560.0,NEW_REALM_2,2026-08-13
エル・セラの短靴 (未鑑定),+0,未鑑定,785.0,NEW_REALM_2,2026-08-13
エル・セラの短靴 (鑑定),+6,鑑定,1254.43,NEW_REALM_2,2026-08-13
エル・セラの鎧 (未鑑定),+0,未鑑定,706.5,NEW_REALM_2,2026-08-13
オペルタのネックレス,+0,なし,153944.78,NEW_REALM_2,2026-08-13
オペルタのベルト,+0,なし,62643.0,NEW_REALM_2,2026-08-13
オペルタのレガース (未鑑定),+0,未鑑定,18840.0,NEW_REALM_2,2026-08-13
オペルタの布ズボン (未鑑定),+0,未鑑定,33354.65,NEW_REALM_2,2026-08-13
ガルバのサドル,+0,なし,235.5,NEW_REALM_2,2026-08-13
クランシアのガントレット (未鑑定),+0,未鑑定,942.0,NEW_REALM_2,2026-08-13
クランシアのグリーヴ (未鑑定),+0,未鑑定,785.0,NEW_REALM_2,2026-08-13
クランシアのブレスレット,+0,なし,3925.0,NEW_REALM_2,2026-08-13
クランシアのヘルム (未鑑定),+0,未鑑定,1884.0,NEW_REALM_2,2026-08-13
クランシアのベルト,+0,なし,3030.1,NEW_REALM_2,2026-08-13
クランシアのレガース (未鑑定),+0,未鑑定,1099.0,NEW_REALM_2,2026-08-13
クランシアの帽子 (鑑定),+5,鑑定,1323.51,NEW_REALM_2,2026-08-13
クランシアの戦棒 (未鑑定),+0,未鑑定,23550.0,NEW_REALM_2,2026-08-13
クランシアの破壊マント (未鑑定),+0,未鑑定,4710.0,NEW_REALM_2,2026-08-13
クランシアの精霊マント (未鑑定),+0,未鑑定,5493.43,NEW_REALM_2,2026-08-13
クロスボウ：ハンターの証,+0,なし,26690.0,NEW_REALM_2,2026-08-13
クロスボウ：距離調節,+0,なし,139.73,NEW_REALM_2,2026-08-13
クロスボウ：鋭い矢,+0,なし,15.700000000000001,NEW_REALM_2,2026-08-13
グレイシスのサドル,+0,なし,1097.43,NEW_REALM_2,2026-08-13
ケルサのサドル,+0,なし,124.03,NEW_REALM_2,2026-08-13
サイド：処刑準備,+0,なし,155.43,NEW_REALM_2,2026-08-13
サイド：魂の循環,+0,なし,296.72999999999996,NEW_REALM_2,2026-08-13
サイド：魔力反発,+0,なし,24335.0,NEW_REALM_2,2026-08-13
セラドのイヤリング,+0,なし,1722.2900000000002,NEW_REALM_2,2026-08-13
セラドのガントレット (未鑑定),+0,未鑑定,69.08,NEW_REALM_2,2026-08-13
セラドのガントレット (鑑定),+0,鑑定,56.519999999999996,NEW_REALM_2,2026-08-13
セラドのガントレット (鑑定),+4,鑑定,235.5,NEW_REALM_2,2026-08-13
セラドのガントレット (鑑定),+5,鑑定,78.5,NEW_REALM_2,2026-08-13
セラドのガントレット (鑑定),+7,鑑定,783.4300000000001,NEW_REALM_2,2026-08-13
セラドのクロスボウ (未鑑定),+0,未鑑定,3297.0,NEW_REALM_2,2026-08-13
セラドのグリーヴ (未鑑定),+0,未鑑定,72.22,NEW_REALM_2,2026-08-13
セラドのグリーヴ (鑑定),+0,鑑定,124.03,NEW_REALM_2,2026-08-13
セラドのグリーヴ (鑑定),+5,鑑定,645.2700000000001,NEW_REALM_2,2026-08-13
セラドのグリーヴ (鑑定),+8,鑑定,822.6800000000001,NEW_REALM_2,2026-08-13
セラドのグローブ (未鑑定),+0,未鑑定,50.24,NEW_REALM_2,2026-08-13
セラドのグローブ (鑑定),+0,鑑定,56.519999999999996,NEW_REALM_2,2026-08-13
セラドのグローブ (鑑定),+5,鑑定,640.5600000000001,NEW_REALM_2,2026-08-13
セラドのサイド (未鑑定),+0,未鑑定,6540.62,NEW_REALM_2,2026-08-13
セラドのフード (未鑑定),+0,未鑑定,100.48,NEW_REALM_2,2026-08-13
セラドのフード (鑑定),+0,鑑定,73.78999999999999,NEW_REALM_2,2026-08-13
セラドのブレスレット,+0,なし,860.36,NEW_REALM_2,2026-08-13
セラドのヘルム (未鑑定),+0,未鑑定,97.34,NEW_REALM_2,2026-08-13
セラドのヘルム (鑑定),+0,鑑定,150.72,NEW_REALM_2,2026-08-13
セラドのヘルム (鑑定),+4,鑑定,266.9,NEW_REALM_2,2026-08-13
セラドのヘルム (鑑定),+5,鑑定,153.85999999999999,NEW_REALM_2,2026-08-13
セラドのヘルム (鑑定),+8,鑑定,1394.16,NEW_REALM_2,2026-08-13
セラドのベスト (未鑑定),+0,未鑑定,69.08,NEW_REALM_2,2026-08-13
セラドのベスト (鑑定),+0,鑑定,119.32000000000001,NEW_REALM_2,2026-08-13
セラドのベスト (鑑定),+5,鑑定,157.0,NEW_REALM_2,2026-08-13
セラドのベルト,+0,なし,1061.32,NEW_REALM_2,2026-08-13
セラドのリング,+0,なし,1284.26,NEW_REALM_2,2026-08-13
セラドのレガース (未鑑定),+0,未鑑定,191.54,NEW_REALM_2,2026-08-13
セラドのレガース (鑑定),+0,鑑定,235.5,NEW_REALM_2,2026-08-13
セラドのローブ (未鑑定),+0,未鑑定,56.519999999999996,NEW_REALM_2,2026-08-13
セラドのローブ (鑑定),+0,鑑定,166.42000000000002,NEW_REALM_2,2026-08-13
セラドのローブ (鑑定),+5,鑑定,471.0,NEW_REALM_2,2026-08-13
セラドの剣/盾 (未鑑定),+0,未鑑定,3187.1,NEW_REALM_2,2026-08-13
セラドの大剣 (未鑑定),+0,未鑑定,2821.29,NEW_REALM_2,2026-08-13
セラドの大剣 (鑑定),+0,鑑定,3355.09,NEW_REALM_2,2026-08-13
セラドの大剣 (鑑定),+7,鑑定,3804.11,NEW_REALM_2,2026-08-13
セラドの大剣 (鑑定),+8,鑑定,3793.12,NEW_REALM_2,2026-08-13
セラドの布ズボン (未鑑定),+0,未鑑定,72.22,NEW_REALM_2,2026-08-13
セラドの布ズボン (鑑定),+0,鑑定,87.92,NEW_REALM_2,2026-08-13
セラドの布ズボン (鑑定),+5,鑑定,1029.9199999999998,NEW_REALM_2,2026-08-13
セラドの帽子 (未鑑定),+0,未鑑定,64.36999999999999,NEW_REALM_2,2026-08-13
セラドの帽子 (鑑定),+0,鑑定,42.39,NEW_REALM_2,2026-08-13
セラドの弓 (鑑定),+8,鑑定,6973.9400000000005,NEW_REALM_2,2026-08-13
セラドの戦棒 (鑑定),+8,鑑定,9484.369999999999,NEW_REALM_2,2026-08-13
セラドの手甲 (未鑑定),+0,未鑑定,102.05,NEW_REALM_2,2026-08-13
セラドの手甲 (鑑定),+0,鑑定,124.03,NEW_REALM_2,2026-08-13
セラドの手甲 (鑑定),+6,鑑定,471.0,NEW_REALM_2,2026-08-13
セラドの杖 (鑑定),+8,鑑定,3454.0,NEW_REALM_2,2026-08-13
セラドの短剣 (未鑑定),+0,未鑑定,1962.5,NEW_REALM_2,2026-08-13
セラドの短剣 (鑑定),+10,鑑定,4741.4,NEW_REALM_2,2026-08-13
セラドの短靴 (未鑑定),+0,未鑑定,167.99,NEW_REALM_2,2026-08-13
セラドの短靴 (鑑定),+0,鑑定,188.4,NEW_REALM_2,2026-08-13
セラドの短靴 (鑑定),+4,鑑定,871.35,NEW_REALM_2,2026-08-13
セラドの短靴 (鑑定),+6,鑑定,188.4,NEW_REALM_2,2026-08-13
セラドの籠手 (鑑定),+8,鑑定,3099.18,NEW_REALM_2,2026-08-13
セラドの鎧 (鑑定),+0,鑑定,73.78999999999999,NEW_REALM_2,2026-08-13
セラドの鎧 (鑑定),+5,鑑定,211.95000000000002,NEW_REALM_2,2026-08-13
セラドの長靴 (未鑑定),+0,未鑑定,86.35000000000001,NEW_REALM_2,2026-08-13
セラドの長靴 (鑑定),+0,鑑定,92.63,NEW_REALM_2,2026-08-13
セラドの長靴 (鑑定),+5,鑑定,290.45,NEW_REALM_2,2026-08-13
セラドの長靴 (鑑定),+6,鑑定,785.0,NEW_REALM_2,2026-08-13
セラドの長靴 (鑑定),+7,鑑定,785.0,NEW_REALM_2,2026-08-13
セラドの革ズボン (未鑑定),+0,未鑑定,114.61,NEW_REALM_2,2026-08-13
セラドの革ズボン (鑑定),+0,鑑定,942.0,NEW_REALM_2,2026-08-13
セルスのガントレット (未鑑定),+0,未鑑定,14130.0,NEW_REALM_2,2026-08-13
セルスのブレスレット,+0,なし,34540.0,NEW_REALM_2,2026-08-13
セルスのヘルム (未鑑定),+0,未鑑定,14140.99,NEW_REALM_2,2026-08-13
セルスのリング,+0,なし,39250.0,NEW_REALM_2,2026-08-13
セルスの勇猛マント (未鑑定),+0,未鑑定,25120.0,NEW_REALM_2,2026-08-13
セルスの勇猛マント (鑑定),+1,鑑定,102050.0,NEW_REALM_2,2026-08-13
セルスの帽子 (未鑑定),+0,未鑑定,8635.0,NEW_REALM_2,2026-08-13
セルスの帽子 (鑑定),+7,鑑定,9523.619999999999,NEW_REALM_2,2026-08-13
セルスの破壊マント (未鑑定),+0,未鑑定,28222.32,NEW_REALM_2,2026-08-13
セルビスのイヤリング,+0,なし,989.1,NEW_REALM_2,2026-08-13
セルビスのイヤリング,+2,なし,1004.8000000000001,NEW_REALM_2,2026-08-13
セルビスのガントレット (未鑑定),+0,未鑑定,141.3,NEW_REALM_2,2026-08-13
セルビスのクロスボウ (未鑑定),+0,未鑑定,4396.0,NEW_REALM_2,2026-08-13
セルビスのグリーヴ (未鑑定),+0,未鑑定,141.3,NEW_REALM_2,2026-08-13
セルビスのグリーヴ (鑑定),+0,鑑定,312.43,NEW_REALM_2,2026-08-13
セルビスのグローブ (未鑑定),+0,未鑑定,471.0,NEW_REALM_2,2026-08-13
セルビスのグローブ (鑑定),+8,鑑定,2039.43,NEW_REALM_2,2026-08-13
セルビスのサイド (鑑定),+8,鑑定,7694.57,NEW_REALM_2,2026-08-13
セルビスのフード (未鑑定),+0,未鑑定,345.40000000000003,NEW_REALM_2,2026-08-13
セルビスのフード (鑑定),+0,鑑定,266.9,NEW_REALM_2,2026-08-13
セルビスのブレスレット,+0,なし,942.0,NEW_REALM_2,2026-08-13
セルビスのヘルム (未鑑定),+0,未鑑定,136.59,NEW_REALM_2,2026-08-13
セルビスのヘルム (鑑定),+0,鑑定,227.65,NEW_REALM_2,2026-08-13
セルビスのベスト (未鑑定),+0,未鑑定,188.4,NEW_REALM_2,2026-08-13
セルビスのベスト (鑑定),+0,鑑定,122.46000000000001,NEW_REALM_2,2026-08-13
セルビスのベスト (鑑定),+6,鑑定,125.60000000000001,NEW_REALM_2,2026-08-13
セルビスのリング,+0,なし,1727.0,NEW_REALM_2,2026-08-13
セルビスのローブ (未鑑定),+0,未鑑定,265.33,NEW_REALM_2,2026-08-13
セルビスのローブ (鑑定),+0,鑑定,518.1,NEW_REALM_2,2026-08-13
セルビスの大剣 (未鑑定),+0,未鑑定,3075.63,NEW_REALM_2,2026-08-13
セルビスの大剣 (鑑定),+8,鑑定,4396.0,NEW_REALM_2,2026-08-13
セルビスの布ズボン (未鑑定),+0,未鑑定,266.9,NEW_REALM_2,2026-08-13
セルビスの布ズボン (鑑定),+0,鑑定,571.48,NEW_REALM_2,2026-08-13
セルビスの帽子 (未鑑定),+0,未鑑定,76.92999999999999,NEW_REALM_2,2026-08-13
セルビスの帽子 (鑑定),+0,鑑定,314.0,NEW_REALM_2,2026-08-13
セルビスの手甲 (未鑑定),+0,未鑑定,219.79999999999998,NEW_REALM_2,2026-08-13
セルビスの手甲 (鑑定),+8,鑑定,1256.0,NEW_REALM_2,2026-08-13
セルビスの短剣 (未鑑定),+0,未鑑定,4361.46,NEW_REALM_2,2026-08-13
セルビスの短靴 (鑑定),+0,鑑定,942.0,NEW_REALM_2,2026-08-13
セルビスの鎧 (未鑑定),+0,未鑑定,152.29,NEW_REALM_2,2026-08-13
セルビスの鎧 (鑑定),+0,鑑定,172.70000000000002,NEW_REALM_2,2026-08-13
セルビスの鎧 (鑑定),+5,鑑定,172.70000000000002,NEW_REALM_2,2026-08-13
セルビスの鎧 (鑑定),+8,鑑定,1099.0,NEW_REALM_2,2026-08-13
セルビスの長靴 (未鑑定),+0,未鑑定,298.3,NEW_REALM_2,2026-08-13
セルビスの長靴 (鑑定),+5,鑑定,706.5,NEW_REALM_2,2026-08-13
セルビスの長靴 (鑑定),+6,鑑定,472.57,NEW_REALM_2,2026-08-13
セルビスの革ズボン (未鑑定),+0,未鑑定,314.0,NEW_REALM_2,2026-08-13
セルビスの革ズボン (鑑定),+8,鑑定,596.6,NEW_REALM_2,2026-08-13
ソムニウムのサドル,+0,なし,4102.41,NEW_REALM_2,2026-08-13
バフォンのサドル,+0,なし,1397.3,NEW_REALM_2,2026-08-13
ブルカヌスのサドル,+0,なし,1570.0,NEW_REALM_2,2026-08-13
ペルノクスのイヤリング,+0,なし,43960.0,NEW_REALM_2,2026-08-13
ペルノクスのグリーヴ (未鑑定),+0,未鑑定,23550.0,NEW_REALM_2,2026-08-13
ペルノクスのヘルム (未鑑定),+0,未鑑定,17270.0,NEW_REALM_2,2026-08-13
ペルノクスのレガース (未鑑定),+0,未鑑定,16956.0,NEW_REALM_2,2026-08-13
ペルノクスの鎧 (未鑑定),+0,未鑑定,24335.0,NEW_REALM_2,2026-08-13
ラバトニスのサドル,+0,なし,1537.03,NEW_REALM_2,2026-08-13
ラベスのサドル,+0,なし,5338.0,NEW_REALM_2,2026-08-13
ランフォンのサドル,+0,なし,1491.5,NEW_REALM_2,2026-08-13
リバティのサドル,+0,なし,929.4399999999999,NEW_REALM_2,2026-08-13
レア装飾品強化箱(100個),+0,なし,238.64000000000001,NEW_REALM_2,2026-08-13
ロディのサドル,+0,なし,1570.0,NEW_REALM_2,2026-08-13
光の戦闘馬のサドル,+0,なし,241.78,NEW_REALM_2,2026-08-13
剣と盾：戦場の先駆者,+0,なし,20420.989999999998,NEW_REALM_2,2026-08-13
剣と盾：機会捕捉,+0,なし,94.2,NEW_REALM_2,2026-08-13
剣と盾：防御修練,+0,なし,235.5,NEW_REALM_2,2026-08-13
大剣：極限の力,+0,なし,109.89999999999999,NEW_REALM_2,2026-08-13
大剣：狂戦士の誇り,+0,なし,6908.0,NEW_REALM_2,2026-08-13
大剣：鋭い剣,+0,なし,15.700000000000001,NEW_REALM_2,2026-08-13
弓：品質の良い矢,+0,なし,105.19000000000001,NEW_REALM_2,2026-08-13
弓：完璧な狙撃手,+0,なし,39250.0,NEW_REALM_2,2026-08-13
弓：標的照準,+0,なし,161.71,NEW_REALM_2,2026-08-13
戦棒：均衡,+0,なし,15.700000000000001,NEW_REALM_2,2026-08-13
戦棒：軽やかな身のこなし,+0,なし,36.11,NEW_REALM_2,2026-08-13
戦闘盾：光の守護者,+0,なし,15698.429999999998,NEW_REALM_2,2026-08-13
戦闘盾：堅固な鎧,+0,なし,108.33,NEW_REALM_2,2026-08-13
戦闘盾：忍耐力,+0,なし,342.26000000000005,NEW_REALM_2,2026-08-13
手懐けられたモネタ狼のサドル,+0,なし,94.2,NEW_REALM_2,2026-08-13
杖：元素覚醒,+0,なし,7065.0,NEW_REALM_2,2026-08-13
杖：魔力無視,+0,なし,31.400000000000002,NEW_REALM_2,2026-08-13
杖：黒オール,+0,なし,59.660000000000004,NEW_REALM_2,2026-08-13
武装したバイランの軍馬のサドル,+0,なし,136.59,NEW_REALM_2,2026-08-13
流浪狼のサドル,+0,なし,169.56,NEW_REALM_2,2026-08-13
灰色の夜明けのガントレット (未鑑定),+0,未鑑定,152.29,NEW_REALM_2,2026-08-13
灰色の夜明けのガントレット (鑑定),+0,鑑定,157.0,NEW_REALM_2,2026-08-13
灰色の夜明けのガントレット (鑑定),+5,鑑定,314.0,NEW_REALM_2,2026-08-13
灰色の夜明けのクロスボウ (未鑑定),+0,未鑑定,4647.2,NEW_REALM_2,2026-08-13
灰色の夜明けのグリーヴ (鑑定),+0,鑑定,3140.0,NEW_REALM_2,2026-08-13
灰色の夜明けのグリーヴ (鑑定),+5,鑑定,1570.0,NEW_REALM_2,2026-08-13
灰色の夜明けのグローブ (未鑑定),+0,未鑑定,340.69,NEW_REALM_2,2026-08-13
灰色の夜明けのグローブ (鑑定),+0,鑑定,125.60000000000001,NEW_REALM_2,2026-08-13
灰色の夜明けのサイド (未鑑定),+0,未鑑定,5495.0,NEW_REALM_2,2026-08-13
灰色の夜明けのネックレス,+0,なし,8321.0,NEW_REALM_2,2026-08-13
灰色の夜明けのフード (鑑定),+0,鑑定,1679.8999999999999,NEW_REALM_2,2026-08-13
灰色の夜明けのフード (鑑定),+8,鑑定,785.0,NEW_REALM_2,2026-08-13
灰色の夜明けのブレスレット,+0,なし,706.5,NEW_REALM_2,2026-08-13
灰色の夜明けのブレスレット,+6,なし,1884.0,NEW_REALM_2,2026-08-13
灰色の夜明けのヘルム (未鑑定),+0,未鑑定,314.0,NEW_REALM_2,2026-08-13
灰色の夜明けのベスト (未鑑定),+0,未鑑定,279.46,NEW_REALM_2,2026-08-13
灰色の夜明けのベスト (鑑定),+0,鑑定,1099.0,NEW_REALM_2,2026-08-13
灰色の夜明けのベルト,+0,なし,1177.5,NEW_REALM_2,2026-08-13
灰色の夜明けのリング,+0,なし,1411.43,NEW_REALM_2,2026-08-13
灰色の夜明けのレガース (未鑑定),+0,未鑑定,436.46,NEW_REALM_2,2026-08-13
灰色の夜明けのローブ (未鑑定),+0,未鑑定,199.39000000000001,NEW_REALM_2,2026-08-13
灰色の夜明けのローブ (鑑定),+0,鑑定,227.65,NEW_REALM_2,2026-08-13
灰色の夜明けの剣/盾 (未鑑定),+0,未鑑定,3925.0,NEW_REALM_2,2026-08-13
灰色の夜明けの勇猛マント (未鑑定),+0,未鑑定,3454.0,NEW_REALM_2,2026-08-13
灰色の夜明けの勇猛マント (鑑定),+0,鑑定,1667.34,NEW_REALM_2,2026-08-13
灰色の夜明けの大剣 (未鑑定),+0,未鑑定,7182.75,NEW_REALM_2,2026-08-13
灰色の夜明けの布ズボン (未鑑定),+0,未鑑定,392.5,NEW_REALM_2,2026-08-13
灰色の夜明けの帽子 (未鑑定),+0,未鑑定,345.40000000000003,NEW_REALM_2,2026-08-13
灰色の夜明けの弓 (未鑑定),+0,未鑑定,9041.630000000001,NEW_REALM_2,2026-08-13
灰色の夜明けの弓 (鑑定),+0,鑑定,6415.0199999999995,NEW_REALM_2,2026-08-13
灰色の夜明けの戦闘マント (未鑑定),+0,未鑑定,4867.0,NEW_REALM_2,2026-08-13
灰色の夜明けの戦闘マント (鑑定),+0,鑑定,1334.5,NEW_REALM_2,2026-08-13
灰色の夜明けの戦闘マント (鑑定),+3,鑑定,8635.0,NEW_REALM_2,2026-08-13
灰色の夜明けの戦闘マント (鑑定),+4,鑑定,10990.0,NEW_REALM_2,2026-08-13
灰色の夜明けの戦闘盾 (鑑定),+0,鑑定,7850.0,NEW_REALM_2,2026-08-13
灰色の夜明けの手甲 (未鑑定),+0,未鑑定,124.03,NEW_REALM_2,2026-08-13
灰色の夜明けの手甲 (鑑定),+0,鑑定,78.5,NEW_REALM_2,2026-08-13
灰色の夜明けの手甲 (鑑定),+5,鑑定,188.4,NEW_REALM_2,2026-08-13
灰色の夜明けの短剣 (未鑑定),+0,未鑑定,3768.0,NEW_REALM_2,2026-08-13
灰色の夜明けの短剣 (鑑定),+0,鑑定,3140.0,NEW_REALM_2,2026-08-13
灰色の夜明けの短靴 (未鑑定),+0,未鑑定,353.25,NEW_REALM_2,2026-08-13
灰色の夜明けの短靴 (鑑定),+0,鑑定,314.0,NEW_REALM_2,2026-08-13
灰色の夜明けの短靴 (鑑定),+5,鑑定,1174.3600000000001,NEW_REALM_2,2026-08-13
灰色の夜明けの破壊マント (未鑑定),+0,未鑑定,3108.6,NEW_REALM_2,2026-08-13
灰色の夜明けの破壊マント (鑑定),+2,鑑定,2180.73,NEW_REALM_2,2026-08-13
灰色の夜明けの籠手 (未鑑定),+0,未鑑定,2198.0,NEW_REALM_2,2026-08-13
灰色の夜明けの籠手 (鑑定),+6,鑑定,3488.54,NEW_REALM_2,2026-08-13
灰色の夜明けの籠手 (鑑定),+7,鑑定,2826.0,NEW_REALM_2,2026-08-13
灰色の夜明けの精霊マント (未鑑定),+0,未鑑定,2826.0,NEW_REALM_2,2026-08-13
灰色の夜明けの精霊マント (鑑定),+0,鑑定,3925.0,NEW_REALM_2,2026-08-13
灰色の夜明けの鎧 (未鑑定),+0,未鑑定,235.5,NEW_REALM_2,2026-08-13
灰色の夜明けの鎧 (鑑定),+0,鑑定,91.05999999999999,NEW_REALM_2,2026-08-13
灰色の夜明けの鎧 (鑑定),+6,鑑定,392.5,NEW_REALM_2,2026-08-13
灰色の夜明けの鎧 (鑑定),+7,鑑定,894.9,NEW_REALM_2,2026-08-13
灰色の夜明けの鎧 (鑑定),+8,鑑定,2196.43,NEW_REALM_2,2026-08-13
灰色の夜明けの長靴 (未鑑定),+0,未鑑定,202.53,NEW_REALM_2,2026-08-13
灰色の夜明けの革ズボン (未鑑定),+0,未鑑定,494.55,NEW_REALM_2,2026-08-13
灰色の夜明けの革ズボン (鑑定),+6,鑑定,722.1999999999999,NEW_REALM_2,2026-08-13
灰色の夜明けの革ズボン (鑑定),+9,鑑定,2066.12,NEW_REALM_2,2026-08-13
短剣：暗殺者の印,+0,なし,59.660000000000004,NEW_REALM_2,2026-08-13
短剣：素早さ,+0,なし,15.700000000000001,NEW_REALM_2,2026-08-13
素手：武術修練,+0,なし,1224.6,NEW_REALM_2,2026-08-13
聖戦士の軍馬のサドル,+0,なし,373.65999999999997,NEW_REALM_2,2026-08-13
荒ぶる戦闘狼のサドル,+0,なし,100.48,NEW_REALM_2,2026-08-13
黒棘のガントレット (未鑑定),+0,未鑑定,560.49,NEW_REALM_2,2026-08-13
黒棘のガントレット (鑑定),+6,鑑定,1177.5,NEW_REALM_2,2026-08-13
黒棘のグリーヴ (鑑定),+4,鑑定,3140.0,NEW_REALM_2,2026-08-13
黒棘のグローブ (未鑑定),+0,未鑑定,1099.0,NEW_REALM_2,2026-08-13
黒棘のフード (未鑑定),+0,未鑑定,314.0,NEW_REALM_2,2026-08-13
黒棘のフード (鑑定),+0,鑑定,384.65000000000003,NEW_REALM_2,2026-08-13
黒棘のブレスレット,+0,なし,2036.2900000000002,NEW_REALM_2,2026-08-13
黒棘のブレスレット,+3,なし,1413.0,NEW_REALM_2,2026-08-13
黒棘のヘルム (未鑑定),+0,未鑑定,467.86,NEW_REALM_2,2026-08-13
黒棘のヘルム (鑑定),+0,鑑定,314.0,NEW_REALM_2,2026-08-13
黒棘のベスト (未鑑定),+0,未鑑定,628.0,NEW_REALM_2,2026-08-13
黒棘のベスト (鑑定),+5,鑑定,2326.7400000000002,NEW_REALM_2,2026-08-13
黒棘のベルト,+0,なし,1177.5,NEW_REALM_2,2026-08-13
黒棘のリング,+0,なし,1413.0,NEW_REALM_2,2026-08-13
黒棘のレガース (未鑑定),+0,未鑑定,471.0,NEW_REALM_2,2026-08-13
黒棘のレガース (鑑定),+0,鑑定,471.0,NEW_REALM_2,2026-08-13
黒棘のレガース (鑑定),+5,鑑定,847.8000000000001,NEW_REALM_2,2026-08-13
黒棘のレガース (鑑定),+6,鑑定,942.0,NEW_REALM_2,2026-08-13
黒棘のローブ (未鑑定),+0,未鑑定,1256.0,NEW_REALM_2,2026-08-13
黒棘のローブ (鑑定),+0,鑑定,3140.0,NEW_REALM_2,2026-08-13
黒棘の剣/盾 (未鑑定),+0,未鑑定,10988.429999999998,NEW_REALM_2,2026-08-13
黒棘の勇猛マント (未鑑定),+0,未鑑定,5024.0,NEW_REALM_2,2026-08-13
黒棘の勇猛マント (鑑定),+0,鑑定,1923.25,NEW_REALM_2,2026-08-13
黒棘の布ズボン (未鑑定),+0,未鑑定,310.86,NEW_REALM_2,2026-08-13
黒棘の布ズボン (鑑定),+0,鑑定,282.6,NEW_REALM_2,2026-08-13
黒棘の布ズボン (鑑定),+5,鑑定,2355.0,NEW_REALM_2,2026-08-13
黒棘の帽子 (未鑑定),+0,未鑑定,282.6,NEW_REALM_2,2026-08-13
黒棘の帽子 (鑑定),+0,鑑定,392.5,NEW_REALM_2,2026-08-13
黒棘の帽子 (鑑定),+5,鑑定,235.5,NEW_REALM_2,2026-08-13
黒棘の戦闘マント (未鑑定),+0,未鑑定,5024.0,NEW_REALM_2,2026-08-13
黒棘の戦闘マント (鑑定),+0,鑑定,2983.0,NEW_REALM_2,2026-08-13
黒棘の手甲 (未鑑定),+0,未鑑定,785.0,NEW_REALM_2,2026-08-13
黒棘の短剣 (未鑑定),+0,未鑑定,16676.54,NEW_REALM_2,2026-08-13
黒棘の破壊マント (未鑑定),+0,未鑑定,2983.0,NEW_REALM_2,2026-08-13
黒棘の籠手 (鑑定),+8,鑑定,3611.0,NEW_REALM_2,2026-08-13
黒棘の精霊マント (未鑑定),+0,未鑑定,3611.0,NEW_REALM_2,2026-08-13
黒棘の鎧 (鑑定),+0,鑑定,392.5,NEW_REALM_2,2026-08-13
黒棘の長靴 (未鑑定),+0,未鑑定,785.0,NEW_REALM_2,2026-08-13
黒棘の革ズボン (未鑑定),+0,未鑑定,471.0,NEW_REALM_2,2026-08-13
黒棘の革ズボン (鑑定),+0,鑑定,414.48,NEW_REALM_2,2026-08-13
黒棘の革ズボン (鑑定),+5,鑑定,593.4599999999999,NEW_REALM_2,2026-08-13
